Year,time_sample,status,Pop_in_1000s,Red_in_perc,EnterFe_CH4_emis_org_in_kt,EnterFe_CH4_emis_upd_in_kt_Ym,EnterFe_CH4_emis_upd_in_kt_Ym_DE,Diff_EnterFe_Cat_org_upd_in_kt,DE_Share_on_reduction_potential_in_kt,DE_Share_on_reduction_potential_in_perc,total_CH4_org_pred_in_kt,total_CH4_wo_Cat_EnterFe_in_kt,Cat_EnterFer_pred_in_kt,total_CH4_org_calc_in_kt,total_CH4_upd_Ym_DE_in_kt,ref_2020_in_kt,Prozent_emis_red_compared_2020_org_pred,Prozent_emis_red_compared_2020_upd_pred,ref_2010_in_kt,Prozent_emis_red_compared_2010_org_pred,Prozent_emis_red_compared_2010_upd_pred
2023,5,fit,98014.027135102,10,6876.96150004343,6189.26535003909,6111.51451438229,765.446985661147,77.7508356568033,-11.3059867582961,26691.8853018384,20032.0237963272,6659.86150551119,26908.9852963706,26143.5383107095,28380.5025006523,5.18495824465349,7.88204574563609,30658.5699647387,12.2301355630108,14.7268175235247
2023,5,lwr,95992.2315360484,10,6698.93673396367,6029.0430605673,5953.26722903426,745.669504929411,75.7758315330457,-11.3116207156968,26301.7742845748,19695.6954290243,6500.87931000562,26394.632162988,25648.9626580586,28380.5025006523,6.9973050604678,9.62470570255392,30658.5699647387,13.9078169877291,16.339990131444
2023,5,upr,100035.822734156,10,7056.62654913151,6350.96389421836,6271.22124175497,785.405307376541,79.7426524633893,-11.3003928871939,27081.996319102,20368.35216363,6818.84370101676,27424.9787127615,26639.573405385,28380.5025006523,3.36683181655725,6.13424337792227,30658.5699647387,10.5471039767877,13.1088846086954
2023,10,fit,101689.282837313,10,7114.18389159849,6402.76550243864,6322.11444145197,792.069450146517,80.6510609866664,-11.3366567712582,27681.7664965617,20784.50230738,6897.2641891817,27898.6861989785,27106.616748832,28380.5025006523,1.69770179954614,4.4885947730878,30658.5699647387,9.00199770874647,11.5855149799613
2023,10,lwr,98466.9712116048,10,6868.72829086268,6181.85546177641,6103.98107725554,764.74721360714,77.8743845208719,-11.3375258451359,26853.2599790659,20072.0156770153,6689.93866311425,26940.743967878,26175.9967542708,28380.5025006523,5.07305511148446,7.76767693359479,30658.5699647387,12.1265473279957,14.6209468204923
2023,10,upr,104911.594463021,10,7361.77316071152,6625.59584464037,6542.14413161411,819.629029097407,83.4517130262566,-11.3358169566571,28510.2730140575,21496.9889377447,7104.58971524916,28858.7620984562,28039.1330693588,28380.5025006523,-1.68516959061216,1.20283082121483,30658.5699647387,5.87048863776913,8.54389783474109
2023,15,fit,99232.0818890623,10,6958.44474602821,6262.60027142539,6183.6523105885,774.792435439715,78.9479608368929,-11.3456330715215,27540.5661289192,20797.6944029082,6742.87172601114,27756.1391489364,26981.3467134967,28380.5025006523,2.19997285707517,4.92998947824634,30658.5699647387,9.46694780330739,11.9941121046131
2023,15,lwr,96255.3195084777,10,6740.92930955586,6066.83637860027,5990.35213934931,750.577170206549,76.4842392509609,-11.3462455603173,26954.3201777655,20312.7660564964,6558.75531730131,27053.6953660523,26303.1181958457,28380.5025006523,4.67506568838782,7.31975871378189,30658.5699647387,11.7581302808073,14.2063109072025
2023,15,upr,102208.844269647,10,7177.35040736878,6459.6153666319,6378.18802863574,799.162378733046,81.4273379961678,-11.3450414671922,28126.8120800729,21282.62274932,6926.98813472096,28459.9731566888,27660.8107779557,28380.5025006523,-0.280018495213923,2.5358667369615,30658.5699647387,7.17123078662375,9.77788328102315
2024,5,fit,97409.6027473781,10,6850.51056414075,6165.45950772668,6088.20936657146,762.301197569299,77.2501411552239,-11.2765523725476,26132.3471364526,19502.3528752732,6629.99426117943,26352.863439414,25590.5622418447,28380.5025006523,7.14447907041723,9.83048224302412,30658.5699647387,14.0440553172469,16.5304765640501
2024,5,lwr,94823.313127121,10,6623.22265657508,5960.90039091757,5886.16579469957,737.056861875508,74.7345962180007,-11.2837209456954,25633.3154464197,19072.1201822351,6426.62355336198,25695.3428388102,24958.2859769347,28380.5025006523,9.46128301209751,12.0583366120419,30658.5699647387,16.1887104703086,18.5927914914495
2024,5,upr,99995.8923676351,10,7080.47913784856,6372.43122406371,6292.6380923748,787.841045473758,79.7931316889026,-11.2694536817954,26631.3788264855,19932.5855683113,6833.36496899688,27013.0647061599,26225.2236606861,28380.5025006523,4.81822967884733,7.5942236749214,30658.5699647387,11.8906565530344,14.4603819067605
2024,10,fit,102349.447057904,10,7169.70677603463,6452.73609843117,6371.60305747333,798.103718561302,81.1330409578404,-11.3160891361743,27487.8930202947,20538.6160542886,6949.27696600599,27708.3228303232,26910.2191117619,28380.5025006523,2.36845584504228,5.18061083963042,30658.5699647387,9.62291175944813,12.2261111894255
2024,10,lwr,98658.9670033769,10,6888.31977653502,6199.48779888151,6121.53209605361,766.787680481406,77.9557028279041,-11.3170853498206,26539.0131064247,19722.6125127626,6711.82919322014,26610.9322892976,25844.1446088162,28380.5025006523,6.23516166182756,8.93697316239482,30658.5699647387,13.2023042173734,15.7033591633912
2024,10,upr,106039.927112431,10,7453.89156589815,6708.50240930834,6624.16061090456,829.730954993595,84.3417984037815,-11.3151362155104,28436.7729341646,21354.6195958147,7186.72473879184,28808.5111617129,27978.7802067193,28380.5025006523,-1.50810811419113,1.41548689606115,30658.5699647387,6.03439366269743,8.74075262186575
2024,15,fit,99371.9521255017,10,6981.29845919041,6283.16861327137,6204.08818393002,777.210275260392,79.0804293413521,-11.3274672045067,27323.419562194,20560.9905994556,6762.4289627384,27542.289058646,26765.0787833856,28380.5025006523,2.95348344162342,5.69201943210676,30658.5699647387,10.1644692158728,12.6995198596382
2024,15,lwr,96103.4112363854,10,6742.3509207639,6068.11582868751,5991.73737381962,750.613546944277,76.3784548678877,-11.328163687338,26679.7105194694,20028.530185794,6560.26569497125,26770.8811065579,26020.2675596136,28380.5025006523,5.6715746807422,8.31639588123724,30658.5699647387,12.6805942438025,15.1288935213212
2024,15,upr,102640.493014618,10,7221.92154720863,6499.72939248776,6417.92812994688,803.993417261744,81.801262540881,-11.3268002160032,27967.1286049186,21093.4510131173,6964.59223050555,28315.3725603259,27511.3791430642,28380.5025006523,0.229488326800691,3.06239594442748,30658.5699647387,7.64287899633855,10.2652890375976
2025,5,fit,96805.1783596539,10,6823.88975279002,6141.50077751101,6064.74972677931,759.140026010709,76.7510507317065,-11.2474048544418,25572.8089710667,18972.6819542192,6600.12701684768,25796.5717070092,25037.4316809985,28380.5025006523,9.10459846010019,11.7794630999819,30658.5699647387,15.8585291594533,18.3346395158196
2025,5,lwr,93637.6334113108,10,6546.07152040948,5891.46436836854,5817.78083503322,728.290685376263,73.6835333353147,-11.2561454768074,24961.6224680371,18445.7566699159,6351.04978545699,24991.8281903254,24263.5375049491,28380.5025006523,11.940149087385,14.5063146630633,30658.5699647387,18.4833858230531,20.8588739368623
2025,5,upr,99972.723307997,10,7105.72385136574,6395.15146622917,6315.29182842602,790.432022939724,79.8596378031489,-11.2387758761269,26183.9954740964,19499.6072385226,6849.20424823838,26605.3310898883,25814.8990669486,28380.5025006523,6.25489774440449,9.04002116821123,30658.5699647387,13.2205738216496,15.7987502462148
2025,10,fit,103009.611278495,10,7225.21879029437,6502.69691126494,6421.08393851347,804.134851780903,81.6129727514672,-11.2955711266624,27294.0195440276,20292.7298011974,7001.28974283025,27517.9485914918,26713.8137397109,28380.5025006523,3.03924819210195,5.87265416073277,30658.5699647387,10.2438612657376,12.866732628315
2025,10,lwr,98838.8336944189,10,6906.91291944537,6216.22162750083,6138.1963246022,768.716594843171,78.0253028986344,-11.2966970640336,26221.6476530336,19370.5274781286,6732.93932947164,26277.440397574,25508.7238027308,28380.5025006523,7.41023561168446,10.1188437303233,30658.5699647387,14.2900649710786,16.7974115163587
2025,10,upr,107180.388862572,10,7547.09691699332,6792.38722529399,6707.14649008912,839.950426904203,85.2407352048722,-11.2945065026184,28366.3914350217,21214.9321242661,7269.64015618887,28762.0290412594,27922.0786143552,28380.5025006523,-1.34432623452791,1.61527755291347,30658.5699647387,6.18600582369155,8.92569794850445
2025,15,fit,99511.8223619411,10,7004.15757638393,6303.74181874554,6224.52922899403,779.628347389901,79.2125897515089,-11.3093671705205,27106.2729954687,20324.2867960031,6781.98619946565,27328.444372387,26548.8160249971,28380.5025006523,3.70697498481954,6.45403116316588,30658.5699647387,10.8619730019428,13.4049107458969
2025,15,lwr,95945.3133385329,10,6743.30792874695,6068.97713587226,5992.70928389863,750.598644848325,76.267851973631,-11.3101541230972,26403.8818713523,19743.2859964551,6561.39323668703,26486.593925202,25735.9952803537,28380.5025006523,6.67327358071522,9.31804227299286,30658.5699647387,13.6078624813061,16.0561131522004
2025,15,upr,103078.331385349,10,7267.00152121124,6540.30136909011,6458.12160706118,808.879914150054,82.1797620289299,-11.3086204521989,27808.6641195851,20905.2875955511,7002.57916224428,28172.2891167623,27363.4092026123,28380.5025006523,0.733649391462237,3.58377480460975,30658.5699647387,8.10957866213559,10.7479271404905
2026,5,fit,96200.75397193,10,6797.10032239998,6117.39029015998,6041.13672800993,755.963594390048,76.2535621500492,-11.2185429864488,25013.2708056811,18443.011033165,6570.25977251594,25240.111355565,24484.1477611749,28380.5025006523,11.0653119866892,13.7289843243185,30658.5699647387,17.6735529915637,20.1393026832796
2026,5,lwr,92442.9622741204,10,6468.17304564299,5821.35574107869,5748.72543050869,719.447615134297,72.630310569999,-11.2288756125539,24288.1945701886,17817.8974227783,6274.7689846984,24286.0704684213,23566.622853287,28380.5025006523,14.4269187345675,16.9619253473566,30658.5699647387,20.7853774773142,23.1320218771077
2026,5,upr,99958.5456697396,10,7131.67235852033,6418.5051226683,6338.57064558105,793.101712939289,79.9344770872558,-11.2083776523688,25738.3470411737,19068.1246435518,6865.75056033347,26199.7970020721,25406.6952891329,28380.5025006523,7.68381567074101,10.4783458694965,30658.5699647387,14.5433168206956,17.1302010551901
2026,10,fit,103669.775499087,10,7280.71945502916,6552.64750952624,6470.55665059003,810.162804439134,82.0908589362171,-11.2751026108433,27100.1460677607,20046.8435481061,7053.30251965454,27327.5630031353,26517.4001986961,28380.5025006523,3.71008052973284,6.56472626555275,30658.5699647387,10.8648477911218,13.5073807121645
2026,10,lwr,99010.3205865365,10,6924.79149711062,6232.31234739956,6154.22590869901,770.565588411614,78.0864387005513,-11.2763595457182,25902.127622795,19016.5895827561,6753.51030426946,25941.3810798667,25170.8154914551,28380.5025006523,8.59435600454755,11.3094791366834,30658.5699647387,15.3861999770288,17.8995774414633
2026,10,upr,108329.230411637,10,7641.10437782521,6876.99394004269,6790.84866874174,850.255709083468,86.1452713009476,-11.2739294009574,28298.1645127263,21077.0975134561,7353.09473503961,28718.2018912813,27867.9461821978,28380.5025006523,-1.18989926489586,1.80601565614521,30658.5699647387,6.32895818588102,9.10226336632934
2026,15,fit,99651.6925983805,10,7027.02194618159,6324.31975156343,6244.9753104828,782.046635698795,79.3444410806351,-11.2913324717521,26889.1264287434,20087.5829925506,6801.54343619291,27114.6049387322,26332.5583030334,28380.5025006523,4.46044802022449,7.21602514815174,30658.5699647387,11.5594596554325,14.1102852046941
2026,15,lwr,95782.455531316,10,6743.90439288443,6069.51395359599,5993.36032591043,750.544066974003,76.1536276855613,-11.2922163852014,26127.1158028987,19457.2663958868,6562.22637216345,26201.1707887712,25450.6267217972,28380.5025006523,7.67897507040611,10.3235514550447,30658.5699647387,14.5388358983934,16.9869085509575
2026,15,upr,103520.929665445,10,7312.48593559765,6581.23734203789,6498.67570560697,813.810229990687,82.5616364309217,-11.2905019111225,27651.1370545882,20717.8995892143,7040.86050022237,28030.385524812,27216.5752948213,28380.5025006523,1.23365319494361,4.10115080169663,30658.5699647387,8.57242996966102,11.2268598107354
2027,5,fit,95596.3295842058,10,6770.14352175314,6093.12916957783,6017.37149654735,752.772025205788,75.7576730304736,-11.1899655874439,24453.7326402953,17913.3401121111,6540.39252818418,24683.4836338642,23930.7116086585,28380.5025006523,13.0266152500404,15.6790419475186,30658.5699647387,19.4891227403841,21.9444623927931
2027,5,lwr,91242.9554522356,10,6389.85216816471,5750.86695134824,5679.28843690386,710.563731260842,71.5785144443717,-11.2019046075882,23613.7371373142,17189.1505774472,6198.06861686409,23579.0027456119,22868.4390143511,28380.5025006523,16.9183042299199,19.4220080711205,30658.5699647387,23.0916420017933,25.4093095644947
2027,5,upr,99949.7037161759,10,7158.00110458433,6442.2009941259,6362.18695726412,795.814147320214,80.0140368617813,-11.1782655091428,25293.7281432763,18637.5296467749,6882.71643950427,25795.5307513592,24999.716604039,28380.5025006523,9.10826631499444,11.9123539004835,30658.5699647387,15.8619244764925,18.4576559415788
2027,10,fit,104329.939719678,10,7336.20829255018,6602.58746329516,6520.02076118939,816.187531360789,82.5667021057725,-11.2546834567958,26906.2725914936,19800.9572950148,7105.3152964788,27137.165587565,26320.9780562042,28380.5025006523,4.38095454109295,7.25682867807143,30658.5699647387,11.4858728936927,14.1480568517165
2027,10,lwr,99175.8106650633,10,6942.13592283714,6247.92233055342,6169.78115073441,772.354772102732,78.1411798190166,-11.2560717173457,25581.0657183612,18661.3257294984,6773.6954403661,25603.4616523355,24831.1068802328,28380.5025006523,9.78503057954289,12.5064579823346,30658.5699647387,16.4884021603656,19.0076154602391
2027,10,upr,109484.068774293,10,7735.73248195108,6962.15923375597,6875.10589472072,860.62658723036,87.0533390352521,-11.2534060915839,28231.479464626,20940.5888605311,7436.9351525915,28676.3213424822,27815.6947552518,28380.5025006523,-1.04233123364563,1.9901259513904,30658.5699647387,6.46556125917277,9.27269345164029
2027,15,fit,99791.56283482,10,7049.89141721158,6344.90227549042,6265.4262931469,784.465124064681,79.4759823435234,-11.2733626151306,26671.9798620182,19850.8791890981,6821.10067292017,26900.7706063097,26116.305482245,28380.5025006523,5.21390308120377,7.9780018636219,30658.5699647387,12.2569296700759,14.815643677177
2027,15,lwr,95615.8729343239,10,6744.21568788072,6069.79411909265,5993.75747062677,750.458217253949,76.0366484658753,-11.2743500482216,25849.6161713838,19170.6400098531,6562.82912481822,25914.8556977338,25164.3974804799,28380.5025006523,8.68781940299263,11.3320932922118,30658.5699647387,15.4727186312367,17.9205112651302
2027,15,upr,103967.252735316,10,7358.29908186952,6622.46917368257,6539.52315729875,818.77592457077,82.9460163838194,-11.2724442783515,27494.3435526526,20531.118368343,7079.37222102212,27889.4174502125,27070.6415256417,28380.5025006523,1.73036066020501,4.61535511917187,30658.5699647387,9.03222987148804,11.7028564712038
2028,5,fit,94991.9051964817,10,6743.02059207686,6068.71853286918,5993.45515201656,749.565440060309,75.2633808526225,-11.1616715127725,23894.1944749095,17383.6691910571,6510.52528385243,24126.689783134,23377.1243430737,28380.5025006523,14.9885038766335,17.6296320245339,30658.5699647387,21.3052343573664,23.7501149924463
2028,5,lwr,90039.5376145957,10,6311.28034691057,5680.15231221951,5609.62229729256,701.658049618015,70.5300149269579,-11.1752308644446,22938.6215395756,16559.8363051418,6121.10002667639,22871.1166520524,22169.4586024344,28380.5025006523,19.4125732920807,21.8848975562543,30658.5699647387,25.4005758313023,27.6891954584572
2028,5,upr,99944.2727783677,10,7184.54000401877,6466.08600361689,6385.98958273491,798.550421283853,80.0964208819769,-11.1484410744702,24849.7674102433,18207.5020769724,6899.95054102847,25392.0420809912,24593.4916597073,28380.5025006523,10.5299771193003,13.3437060913842,30658.5699647387,17.1779958745784,19.7826523285561
2028,10,fit,104990.103940269,10,7391.68482681893,6652.51634413703,6569.47583925857,822.208987560352,83.0405048784596,-11.2343135325748,26712.3991152266,19555.0710419235,7157.32807330308,26946.7558687424,26124.5468811821,28380.5025006523,5.05187190352574,7.94896291712372,30658.5699647387,12.1069381261596,14.7887624529498
2028,10,lwr,99336.8779281201,10,6959.06538936194,6263.15885042574,6184.96795582169,774.097433540243,78.1908946040494,-11.2358327202352,25258.8666391697,18305.0839457185,6793.59600977569,25264.1493350804,24490.0519015402,28380.5025006523,10.9806130652558,13.7081808154126,30658.5699647387,17.5951475749278,20.1200449671759
2028,10,upr,110643.329952419,10,7830.86098897302,7047.77489007572,6959.81131800114,871.049670971883,87.9635720745819,-11.232937501821,28165.9315912835,20805.0581381285,7521.06013683048,28635.9191271015,27764.8694561296,28380.5025006523,-0.899972177882873,2.16921121995114,30658.5699647387,6.59734240691425,9.43847189199364
2028,15,fit,99931.4330712594,10,7072.76583815725,6365.48925434153,6285.88204178503,786.883796372225,79.6072125564997,-11.2554571122689,26454.8332952929,19614.1753856455,6840.65790964742,26686.9412238028,25900.0574274305,28380.5025006523,5.96734070092883,8.73996178596472,30658.5699647387,12.9543835394274,15.5209866043363
2028,15,lwr,95446.3289915383,10,6744.29743513966,6069.86769162569,5993.95013845514,750.347296684515,75.9175531705478,-11.2565547265155,25571.5333300726,18883.5312069063,6563.24871459912,25627.828642046,24877.4813453614,28380.5025006523,9.69917237562329,12.3430554311374,30658.5699647387,16.4089236010641,18.8563544419269
2028,15,upr,104416.537150981,10,7404.38500543012,6663.9465048871,6580.6142447452,823.770760684912,83.3322601419004,-11.2544472067278,27338.1332605132,20344.8195643847,7118.06710469573,27749.2045698148,26925.4338091299,28380.5025006523,2.22440716411901,5.12700115682925,30658.5699647387,9.48956653317499,12.1764849433695
2029,5,fit,94387.4808087578,10,6715.7327671133,6044.15949040197,5969.38880744348,746.343959669815,74.7706829584868,-11.1336596543323,23334.6563095236,16853.9982700029,6480.65803952068,23569.7310371162,22823.3870774464,28380.5025006523,16.950973519322,19.5807506335668,30658.5699647387,23.1218838183763,25.5562568518486
2029,5,lwr,88833.8123415416,10,6232.55624518033,5609.3006206623,5539.81475264578,692.741492534548,69.4858680165153,-11.148855346512,22263.0607158323,15930.1381879083,6043.94999324668,22162.6944330886,21469.9529405541,28380.5025006523,21.9087314166504,24.349637783684,30658.5699647387,27.711258357521,29.9707945763704
2029,5,upr,99941.1492759739,10,7211.19175924247,6490.07258331823,6409.89203656053,801.299722681944,80.1805467576987,-11.1189037033903,24406.251903215,17777.8583520975,6917.36608579468,24989.05011134,24187.750388658,28380.5025006523,11.9499377758881,14.7733540373286,30658.5699647387,18.492447168669,21.1060711035216
2029,10,fit,105650.268160861,10,7447.14858343772,6702.43372509394,6618.92145519703,828.227128240683,83.5122698969108,-11.2139927062339,26518.5256389595,19309.1847888322,7209.34085012737,26756.3333722699,25928.1062440292,28380.5025006523,5.72283428859321,8.64113049642691,30658.5699647387,12.7280450358802,15.4294989171058
2029,10,lwr,99494.5980770649,10,6975.66137151699,6278.09523436529,6199.85871487304,775.802656643952,78.2365194922531,-11.2156418331469,24935.8069647972,17948.1020801798,6813.28122378993,24923.7634516968,24147.9607950528,28380.5025006523,12.1799783103772,14.9135544922159,30658.5699647387,18.7053946731295,21.235854043988
2029,10,upr,111805.938244657,10,7926.40738183097,7133.76664364787,7044.89160756194,881.515774269033,88.875036085934,-11.2125243890006,28101.2443131219,20670.2674974845,7605.40047646481,28596.6748793155,27715.1591050464,28380.5025006523,-0.76169327395877,2.34436791804717,30658.5699647387,6.72534657616021,9.60061367205832
2029,15,fit,100071.303307699,10,7095.64505775684,6386.08055198116,6306.3424212437,789.302636513138,79.7381307374553,-11.2376154794111,26237.6867285676,19377.471582193,6860.21514637469,26473.1166399498,25683.8140034367,28380.5025006523,6.72076141237675,9.50190539139896,30658.5699647387,13.6518217568617,16.2263144270056
2029,15,lwr,95274.3967145263,10,6744.19140744355,6069.77226669919,5993.9754455604,750.215961883142,75.7968211387888,-11.2388300627311,25292.9801283191,18596.0333332784,6563.52058297525,25340.2247407219,24590.0087788388,28380.5025006523,10.7125578902645,13.3559781815927,30658.5699647387,17.3470100860332,19.7940125481375
2029,15,upr,104868.209900871,10,7450.70160090098,6705.63144081089,6621.91155532372,828.790045577267,83.7198854871695,-11.2365103277047,27182.3933288162,20158.9098311077,7156.90970977413,27609.6114320087,26780.8213864314,28380.5025006523,2.7162699766359,5.63654964947895,30658.5699647387,9.94488176140216,12.6481717274067
2030,5,fit,93783.0564210336,10,6688.28127318862,6019.45314586976,5945.17356931446,743.10770387416,74.2795765552965,-11.1059289406774,22775.1181441378,16324.3273489489,6450.79079518893,23012.6086221375,22269.5009182634,28380.5025006523,18.9140198570882,21.5323938758607,30658.5699647387,24.9390671234667,27.3628843619381
2030,5,lwr,87626.4556815172,10,6153.74062266369,5538.36656039732,5469.91985439494,683.820768268748,68.4467060023799,-11.1227804679152,21587.1851114896,15300.1686872987,5966.67167707546,21453.9093099624,20770.0885416936,28380.5025006523,24.4061682506528,26.8156420372886,30658.5699647387,30.023124579401,32.2535637977182
2030,5,upr,99939.65716055,10,7237.89696869112,6514.10727182201,6433.84151612497,804.055452566154,80.2657556970407,-11.0896515996629,23963.051176786,17348.4860105992,6934.9099133024,24586.3829792903,23782.3275267242,28380.5025006523,13.3687538523138,16.2018800541761,30658.5699647387,19.8058389299702,22.4284513136885
2030,10,fit,106310.432381452,10,7502.59908964044,6752.33918067639,6668.35718084871,834.241908791731,83.9819998276862,-11.1937208458397,26324.6521626925,19063.2985357409,7261.35362695163,26565.8976253813,25731.6557165896,28380.5025006523,6.39384336210839,9.3333329246084,30658.5699647387,13.3491951648901,16.0702676407141
2030,10,lwr,99649.7285282602,10,6991.98124746366,6292.78312271729,6214.50440767369,777.476839789971,78.2787150436052,-11.1954984249995,24612.08143879,17590.5476055217,6832.79981504679,24582.5288529854,23805.0520131954,28380.5025006523,13.3823340428156,16.121809285624,30658.5699647387,19.8184100522026,22.3543301576875
2030,10,upr,112971.136234643,10,8022.31324552581,7220.08192097323,7130.29484827494,892.018397250868,89.7870726982874,-11.1921673899188,28037.222886595,20536.0494659601,7689.90743885648,28558.3627114859,27666.344314235,28380.5025006523,-0.626698596437919,2.51636906852104,30658.5699647387,6.8503105515629,9.75983437565777
2030,15,fit,100211.173544138,10,7118.52892480317,6406.67603232285,6326.80729641704,791.721628386134,79.8687359058176,-11.2198372373722,26020.5401618424,19140.7677787405,6879.77238310194,26259.2967035437,25467.5750751575,28380.5025006523,7.47416574833329,10.2638331559768,30658.5699647387,14.3492448155761,16.9316275858642
2030,15,lwr,95100.5132229879,10,6743.92949376005,6069.53654438404,5993.86172649118,750.067767268871,75.6748178928647,-11.2211757200137,25014.0426528246,18308.2175977881,6563.67176633682,25052.1470915482,24302.0793242793,28380.5025006523,11.7276126771457,14.3705107979652,30658.5699647387,18.2866418089254,20.7331609001014
2030,15,upr,105321.833865289,10,7497.21664731039,6747.49498257935,6663.38645854994,833.830188760448,84.1085240294087,-11.2186332589952,27027.0376708601,19973.3179596929,7195.87299986706,27470.5346070033,26636.7044182428,28380.5025006523,3.20631353735929,6.14435238547793,30658.5699647387,10.3985129162973,13.1182424722403
2023,5,fit,98014.027135102,20,6876.96150004343,5501.56920003475,5365.26315377992,1511.69834626351,136.306046254827,-9.91033949033788,26691.8853018384,20032.0237963272,6659.86150551119,26908.9852963706,25397.2869501071,28380.5025006523,5.18495824465349,10.5114965828269,30658.5699647387,12.2301355630108,17.1608885237724
2023,5,lwr,95992.2315360484,20,6698.93673396367,5359.14938717093,5226.30643046387,1472.6303034998,132.842956707063,-9.91522699666265,26301.7742845748,19695.6954290243,6500.87931000562,26394.632162988,24922.0018594882,28380.5025006523,6.9973050604678,12.1861853611811,30658.5699647387,13.9078169877291,18.711140512582
2023,5,upr,100035.822734156,20,7056.62654913151,5645.30123930521,5505.50259889548,1551.12395023604,139.798640409733,-9.90548666819688,27081.996319102,20368.35216363,6818.84370101676,27424.9787127615,25873.8547625255,28380.5025006523,3.36683181655725,8.83228807548143,30658.5699647387,10.5471039767877,15.6064526418429
2023,10,fit,101689.282837313,20,7114.18389159849,5691.34711327879,5549.96154469894,1564.22234689955,141.385568579848,-9.93687896842374,27681.7664965617,20784.50230738,6897.2641891817,27898.6861989785,26334.4638520789,28380.5025006523,1.69770179954614,7.20931085884166,30658.5699647387,9.00199770874647,14.1040698168018
2023,10,lwr,98466.9712116048,20,6868.72829086268,5494.98263269015,5358.46459837609,1510.26369248659,136.518034314055,-9.93764992099495,26853.2599790659,20072.0156770153,6689.93866311425,26940.743967878,25430.4802753914,28380.5025006523,5.07305511148446,10.3945383813874,30658.5699647387,12.1265473279957,17.0526208344365
2023,10,upr,104911.594463021,20,7361.77316071152,5889.41852856922,5743.12340933343,1618.64975137809,146.295119235788,-9.93613332291594,28510.2730140575,21496.9889377447,7104.58971524916,28858.7620984562,27240.1123470781,28380.5025006523,-1.68516959061216,4.01821692039441,30658.5699647387,5.87048863776913,11.1500882839357
2023,15,fit,99232.0818890623,20,6958.44474602821,5566.75579682257,5428.35722507101,1530.0875209572,138.398571751555,-9.94464832321555,27540.5661289192,20797.6944029082,6742.87172601114,27756.1391489364,26226.0516279792,28380.5025006523,2.19997285707517,7.59130629425454,30658.5699647387,9.46694780330739,14.4576813003915
2023,15,lwr,96255.3195084777,20,6740.92930955586,5392.74344764469,5258.66376331598,1482.26554623988,134.07968432871,-9.94519287857241,26954.3201777655,20312.7660564964,6558.75531730131,27053.6953660523,25571.4298198124,28380.5025006523,4.67506568838782,9.89789620805817,30658.5699647387,11.7581302808073,16.592881373062
2023,15,upr,102208.844269647,20,7177.35040736878,5741.88032589503,5599.13543233153,1578.21497503725,142.744893563496,-9.94412181805584,28126.8120800729,21282.62274932,6926.98813472096,28459.9731566888,26881.7581816515,28380.5025006523,-0.280018495213923,5.28089422999582,30658.5699647387,7.17123078662375,12.3189430799642
2024,5,fit,97409.6027473781,20,6850.51056414075,5480.4084513126,5344.97558069842,1505.53498344233,135.432870614183,-9.88487422551478,26132.3471364526,19502.3528752732,6629.99426117943,26352.863439414,24847.3284559716,28380.5025006523,7.14447907041723,12.4493005174925,30658.5699647387,14.0440553172469,18.9547050480526
2024,5,lwr,94823.313127121,20,6623.22265657508,5298.57812526006,5167.55629642504,1455.66636015004,131.021828835022,-9.89109347735366,25633.3154464197,19072.1201822351,6426.62355336198,25695.3428388102,24239.6764786601,28380.5025006523,9.46128301209751,14.5903900817013,30658.5699647387,16.1887104703086,20.9367021797204
2024,5,upr,99995.8923676351,20,7080.47913784856,5664.38331027885,5524.49123310895,1555.98790473961,139.892077169899,-9.87871544046421,26631.3788264855,19932.5855683113,6833.36496899688,27013.0647061599,25457.0768014203,28380.5025006523,4.81822967884733,10.3008243041675,30658.5699647387,11.8906565530344,16.9658701279963
2024,10,fit,102349.447057904,20,7169.70677603463,5735.7654208277,5593.53149050794,1576.17528552669,142.233930319765,-9.91908977332201,27487.8930202947,20538.6160542886,6949.27696600599,27708.3228303232,26132.1475447965,28380.5025006523,2.36845584504228,7.92218163087171,30658.5699647387,9.62291175944813,14.7639711348185
2024,10,lwr,98658.9670033769,20,6888.31977653502,5510.65582122801,5373.99192213062,1514.32785440439,136.66389909739,-9.91997348634523,26539.0131064247,19722.6125127626,6711.82919322014,26610.9322892976,25096.6044348932,28380.5025006523,6.23516166182756,11.5709651923309,30658.5699647387,13.2023042173734,18.1416339256608
2024,10,upr,106039.927112431,20,7453.89156589815,5963.11325271852,5815.25422944147,1638.63733645669,147.859023277058,-9.91824350876791,28436.7729341646,21354.6195958147,7186.72473879184,28808.5111617129,27169.8738252562,28380.5025006523,-1.50810811419113,4.26570556799798,30658.5699647387,6.03439366269743,11.3791874294691
2024,15,fit,99371.9521255017,20,6981.29845919041,5585.03876735233,5446.40500423356,1534.89345495686,138.633763118776,-9.92893828627783,27323.419562194,20560.9905994556,6762.4289627384,27542.289058646,26007.3956036892,28380.5025006523,2.95348344162342,8.36175080729667,30658.5699647387,10.1644692158728,15.1708783756026
2024,15,lwr,96103.4112363854,20,6742.3509207639,5393.88073661112,5259.9836217317,1482.3672990322,133.89711487942,-9.92955694927324,26679.7105194694,20028.530185794,6560.26569497125,26770.8811065579,25288.5138075257,28380.5025006523,5.6715746807422,10.8947637310352,30658.5699647387,12.6805942438025,17.5156772262674
2024,15,upr,102640.493014618,20,7221.92154720863,5777.5372377669,5634.13377867418,1587.78776853445,143.403459092725,-9.92834511946148,27967.1286049186,21093.4510131173,6964.59223050555,28315.3725603259,26727.5847917915,28380.5025006523,0.229488326800691,5.82413122820088,30658.5699647387,7.64287899633855,12.8218151644658
2025,5,fit,96805.1783596539,20,6823.88975279002,5459.11180223201,5324.54940885032,1499.3403439397,134.562393381691,-9.8596547025598,25572.8089710667,18972.6819542192,6600.12701684768,25796.5717070092,24297.2313630695,28380.5025006523,9.10459846010019,14.3875928112581,30658.5699647387,15.8585291594533,20.74897364419
2025,5,lwr,93637.6334113108,20,6546.07152040948,5236.85721632759,5107.67392057132,1438.39759983817,129.18329575627,-9.86723833932304,24961.6224680371,18445.7566699159,6351.04978545699,24991.8281903254,23553.4305904872,28380.5025006523,11.940149087385,17.0084088893568,30658.5699647387,18.4833858230531,23.1750514861695
2025,5,upr,99972.723307997,20,7105.72385136574,5684.57908109259,5544.56551548854,1561.1583358772,140.013565604053,-9.85216767023265,26183.9954740964,19499.6072385226,6849.20424823838,26605.3310898883,25044.1727540111,28380.5025006523,6.25489774440449,11.755710620573,30658.5699647387,13.2205738216496,18.3126519507754
2025,10,fit,103009.611278495,20,7225.21879029437,5780.1750322355,5637.09630017623,1588.12249011814,143.078732059268,-9.90134252069057,27294.0195440276,20292.7298011974,7001.28974283025,27517.9485914918,25929.8261013736,28380.5025006523,3.03924819210195,8.63507050032796,30658.5699647387,10.2438612657376,15.4238892055426
2025,10,lwr,98838.8336944189,20,6906.91291944537,5525.53033555629,5388.74111745848,1518.17180198688,136.78921809781,-9.90234129872265,26221.6476530336,19370.5274781286,6732.93932947164,26277.440397574,24759.2685955871,28380.5025006523,7.41023561168446,12.7595834674949,30658.5699647387,14.2900649710786,19.2419326013463
2025,10,upr,107180.388862572,20,7547.09691699332,6037.67753359466,5888.23902552068,1658.85789147264,149.438508073978,-9.90039678286736,28366.3914350217,21214.9321242661,7269.64015618887,28762.0290412594,27103.1711497868,28380.5025006523,-1.34432623452791,4.50073549908484,30658.5699647387,6.18600582369155,11.5967535962737
2025,15,fit,99511.8223619411,20,7004.15757638393,5603.32606110715,5464.45764830909,1539.69992807484,138.868412798059,-9.91328445167228,27106.2729954687,20324.2867960031,6781.98619946565,27328.444372387,25788.7444443122,28380.5025006523,3.70697498481954,9.13217817859477,30658.5699647387,10.8619730019428,15.8840595827772
2025,15,lwr,95945.3133385329,20,6743.30792874695,5394.64634299756,5260.94026458674,1482.36766416021,133.706078410822,-9.91398285705063,26403.8818713523,19743.2859964551,6561.39323668703,26486.593925202,25004.2262610418,28380.5025006523,6.67327358071522,11.8964639175535,30658.5699647387,13.6078624813061,18.4429466547203
2025,15,upr,103078.331385349,20,7267.00152121124,5813.60121696899,5669.53115564528,1597.47036556596,144.07006132371,-9.91262083152127,27808.6641195851,20905.2875955511,7002.57916224428,28172.2891167623,26574.8187511964,28380.5025006523,0.733649391462237,6.36240936683352,30658.5699647387,8.10957866213559,13.3200968546125
2026,5,fit,96200.75397193,20,6797.10032239998,5437.68025791998,5303.98564582865,1493.11467657133,133.694612091331,-9.83467991863658,25013.2708056811,18443.011033165,6570.25977251594,25240.111355565,23746.9966789937,28380.5025006523,11.0653119866892,16.3263699138243,30658.5699647387,17.6735529915637,22.5436910256879
2026,5,lwr,92442.9622741204,20,6468.17304564299,5174.53843651439,5047.19763280541,1420.97541283757,127.340803708975,-9.84364540113478,24288.1945701886,17817.8974227783,6274.7689846984,24286.0704684213,22865.0950555837,28380.5025006523,14.4269187345675,19.4337906629448,30658.5699647387,20.7853774773142,25.4202166575887
2026,5,upr,99958.5456697396,20,7131.67235852033,5705.33788681627,5565.18826996254,1566.48408855779,140.149616853724,-9.82585919600505,25738.3470411737,19068.1246435518,6865.75056033347,26199.7970020721,24633.3129135143,28380.5025006523,7.68381567074101,13.2033940803262,30658.5699647387,14.5433168206956,19.6527661210362
2026,10,fit,103669.775499087,20,7280.71945502916,5824.57556402333,5680.65558613059,1600.06386889857,143.919977892743,-9.8836371035647,27100.1460677607,20046.8435481061,7053.30251965454,27327.5630031353,25727.4991342367,28380.5025006523,3.71008052973284,9.34797883284357,30658.5699647387,10.8648477911218,16.0838252931346
2026,10,lwr,99010.3205865365,20,6924.79149711062,5539.8331976885,5402.93350317284,1521.85799393779,136.899694515661,-9.884752094903,25902.127622795,19016.5895827561,6753.51030426946,25941.3810798667,24419.5230859289,28380.5025006523,8.59435600454755,13.9566923264742,30658.5699647387,15.3861999770288,20.3500909728845
2026,10,upr,108329.230411637,20,7641.10437782521,6112.88350226017,5961.85562937372,1679.24874845149,151.027872886446,-9.88259454515077,28298.1645127263,21077.0975134561,7353.09473503961,28718.2018912813,27038.9531428298,28380.5025006523,-1.18989926489586,4.72701058690431,30658.5699647387,6.32895818588102,11.8062154434206
2026,15,fit,99651.6925983805,20,7027.02194618159,5621.61755694527,5482.51503789936,1544.50690828223,139.10251904591,-9.8976863962619,26889.1264287434,20087.5829925506,6801.54343619291,27114.6049387322,25570.09803045,28380.5025006523,4.46044802022449,9.90258882885439,30658.5699647387,11.5594596554325,16.5972253113604
2026,15,lwr,95782.455531316,20,6743.90439288443,5395.12351430754,5261.61484117393,1482.2895517105,133.508673133612,-9.89847018549661,26127.1158028987,19457.2663958868,6562.22637216345,26201.1707887712,24718.8812370607,28380.5025006523,7.67897507040611,12.9018901744513,30658.5699647387,14.5388358983934,19.3736652900294
2026,15,upr,103520.929665445,20,7312.48593559765,5849.98874847812,5705.24615154999,1607.23978404766,144.74259692813,-9.89694873965596,27651.1370545882,20717.8995892143,7040.86050022237,28030.385524812,26423.1457407643,28380.5025006523,1.23365319494361,6.89683616364093,30658.5699647387,8.57242996966102,13.8148133746802
2027,5,fit,95596.3295842058,20,6770.14352175314,5416.11481740251,5283.28529338964,1486.8582283635,132.829524012876,-9.80994890182771,24453.7326402953,17913.3401121111,6540.39252818418,24683.4836338642,23196.6254055007,28380.5025006523,13.0266152500404,18.2656282954554,30658.5699647387,19.4891227403841,24.3388539250858
2027,5,lwr,91242.9554522356,20,6389.85216816471,5111.88173453177,4986.38109098843,1403.47107717628,125.500643543342,-9.82030884600167,23613.7371373142,17189.1505774472,6198.06861686409,23579.0027456119,22175.5316684356,28380.5025006523,16.9183042299199,21.8634988301355,30658.5699647387,23.0916420017933,27.6693867524143
2027,5,upr,99949.7037161759,20,7158.00110458433,5726.40088366747,5586.10698645993,1571.8941181244,140.293897207534,-9.79979572213836,25293.7281432763,18637.5296467749,6882.71643950427,25795.5307513592,24223.6366332348,28380.5025006523,9.10826631499444,14.646907211463,30658.5699647387,15.8619244764925,20.9890198365575
2027,10,fit,104329.939719678,20,7336.20829255018,5868.96663404014,5724.20896207921,1611.99933047096,144.757671960929,-9.86597341489939,26906.2725914936,19800.9572950148,7105.3152964788,27137.165587565,25525.166257094,28380.5025006523,4.38095454109295,10.0609079895349,30658.5699647387,11.4858728936927,16.7437806575739
2027,10,lwr,99175.8106650633,20,6942.13592283714,5553.70873826971,5416.70978259455,1525.42614024258,136.998955675156,-9.86720493504592,25581.0657183612,18661.3257294984,6773.6954403661,25603.4616523355,24078.035512093,28380.5025006523,9.78503057954289,15.1599394283468,30658.5699647387,16.4884021603656,21.463931488697
2027,10,upr,109484.068774293,20,7735.73248195108,6188.58598556086,6035.96249254811,1699.76998940296,152.623493012748,-9.86483783978103,28231.479464626,20940.5888605311,7436.9351525915,28676.3213424822,26976.5513530792,28380.5025006523,-1.04233123364563,4.94688615023931,30658.5699647387,6.46556125917277,12.0097532790808
2027,15,fit,99791.56283482,20,7049.89141721158,5639.91313376926,5500.57705364765,1549.31436356393,139.336080121612,-9.88214370092551,26671.9798620182,19850.8791890981,6821.10067292017,26900.7706063097,25351.4562427458,28380.5025006523,5.21390308120377,10.6729831786344,30658.5699647387,12.2569296700759,17.3103759506618
2027,15,lwr,95615.8729343239,20,6744.21568788072,5395.37255030458,5262.06613254613,1482.14955533459,133.306417758451,-9.88301856937948,25849.6161713838,19170.6400098531,6562.82912481822,25914.8556977338,24432.7061423992,28380.5025006523,8.68781940299263,13.9102412233974,30658.5699647387,15.4727186312367,20.3070913923905
2027,15,upr,103967.252735316,20,7358.29908186952,5886.63926549561,5741.21972339808,1617.07935847144,145.419542097535,-9.88132858419968,27494.3435526526,20531.118368343,7079.37222102212,27889.4174502125,26272.3380917411,28380.5025006523,1.73036066020501,7.42821381990248,30658.5699647387,9.03222987148804,14.3067073188422
2028,5,fit,94991.9051964817,20,6743.02059207686,5394.41647366149,5262.44934750426,1480.5712445726,131.96712615723,-9.7854607112051,23894.1944749095,17383.6691910571,6510.52528385243,24126.689783134,22646.1185385614,28380.5025006523,14.9885038766335,20.2053644468034,30658.5699647387,21.3052343573664,26.1344590937956
2028,5,lwr,90039.5376145957,20,6311.28034691057,5049.02427752846,4925.35818102958,1385.92216588099,123.666096498876,-9.79722732166475,22938.6215395756,16559.8363051418,6121.10002667639,22871.1166520524,21485.1944861714,28380.5025006523,19.4125732920807,24.2959334998471,30658.5699647387,25.4005758313023,29.9210807585542
2028,5,upr,99944.2727783677,20,7184.54000401877,5747.63200321501,5607.18892088379,1577.35108313498,140.443082331223,-9.77397872742476,24849.7674102433,18207.5020769724,6899.95054102847,25392.0420809912,23814.6909978562,28380.5025006523,10.5299771193003,16.087845881838,30658.5699647387,17.1779958745784,22.322890385148
2028,10,fit,104990.103940269,20,7391.68482681893,5913.34786145514,5767.75604300487,1623.92878381405,145.591818450267,-9.84835134758604,26712.3991152266,19555.0710419235,7157.32807330308,26946.7558687424,25322.8270849284,28380.5025006523,5.05187190352574,10.773859327028,30658.5699647387,12.1069381261596,17.4037565546831
2028,10,lwr,99336.8779281201,20,6959.06538936194,5567.25231148955,5430.16291165545,1528.90247770649,137.089399834098,-9.84969907335986,25258.8666391697,18305.0839457185,6793.59600977569,25264.1493350804,23735.246857374,28380.5025006523,10.9806130652558,16.3677709482825,30658.5699647387,17.5951475749278,22.5820157800167
2028,10,upr,110643.329952419,20,7830.86098897302,6264.68879117842,6110.46581820119,1720.39517077183,154.222972977225,-9.84712748664505,28165.9315912835,20805.0581381285,7521.06013683048,28635.9191271015,26915.5239563297,28380.5025006523,-0.899972177882873,5.16191897690655,30658.5699647387,6.59734240691425,12.208808214845
2028,15,fit,99931.4330712594,20,7072.76583815725,5658.2126705258,5518.64357623858,1554.12226191867,139.569094287222,-9.86665595050902,26454.8332952929,19614.1753856455,6840.65790964742,26686.9412238028,25132.8189618841,28380.5025006523,5.96734070092883,11.4433616483485,30658.5699647387,12.9543835394274,18.0235118898564
2028,15,lwr,95446.3289915383,20,6744.29743513966,5395.43794811173,5262.33751601659,1481.95991912306,133.100432095132,-9.86762767917397,25571.5333300726,18883.5312069063,6563.24871459912,25627.828642046,24145.8687229229,28380.5025006523,9.69917237562329,14.920926004154,30658.5699647387,16.4089236010641,21.2426778199579
2028,15,upr,104416.537150981,20,7404.38500543012,5923.50800434409,5777.4082324001,1626.97677303001,146.099771943989,-9.86576007574194,27338.1332605132,20344.8195643847,7118.06710469573,27749.2045698148,26122.2277967848,28380.5025006523,2.22440716411901,7.95713431717988,30658.5699647387,9.48956653317499,14.7963266818096
2029,5,fit,94387.4808087578,20,6715.7327671133,5372.58621369064,5241.47879840905,1474.25396870425,131.107415281589,-9.76121443691278,23334.6563095236,16853.9982700029,6480.65803952068,23569.7310371162,22095.477068412,28380.5025006523,16.950973519322,22.1455748787249,30658.5699647387,23.1218838183763,27.9305033019329
2029,5,lwr,88833.8123415416,20,6232.55624518033,4986.04499614426,4864.20597946788,1368.35026571245,121.83901667638,-9.77440169678363,22263.0607158323,15930.1381879083,6043.94999324668,22162.6944330886,20794.3441673762,28380.5025006523,21.9087314166504,26.7301762296202,30658.5699647387,27.711258357521,32.1744484778894
2029,5,upr,99941.1492759739,20,7211.19175924247,5768.95340739398,5628.35813259123,1582.83362665124,140.59527480275,-9.74840771794423,24406.251903215,17777.8583520975,6917.36608579468,24989.05011134,23406.2164846887,28380.5025006523,11.9499377758881,17.5271245315309,30658.5699647387,18.492447168669,23.6552242599414
2029,10,fit,105650.268160861,20,7447.14858343772,5957.71886675017,5811.2964451579,1635.85213827982,146.422421592275,-9.8307707944699,26518.5256389595,19309.1847888322,7209.34085012737,26756.3333722699,25120.4812339901,28380.5025006523,5.72283428859321,11.4868341974821,30658.5699647387,12.7280450358802,18.0637542361503
2029,10,lwr,99494.5980770649,20,6975.66137151699,5580.52909721359,5443.35642898735,1532.30494252964,137.172668226238,-9.83223388583203,24935.8069647972,17948.1020801798,6813.28122378993,24923.7634516968,23391.4585091672,28380.5025006523,12.1799783103772,17.5791249339947,30658.5699647387,18.7053946731295,23.7033608023129
2029,10,upr,111805.938244657,20,7926.40738183097,6341.12590546477,6185.30123097939,1741.10615085157,155.82467448538,-9.82946415563772,28101.2443131219,20670.2674974845,7605.40047646481,28596.6748793155,26855.5687284639,28380.5025006523,-0.76169327395877,5.37317396742132,30658.5699647387,6.72534657616021,12.4043660244061
2029,15,fit,100071.303307699,20,7095.64505775684,5676.51604620547,5536.71448639784,1558.930571359,139.801559807628,-9.85122273378087,26237.6867285676,19377.471582193,6860.21514637469,26473.1166399498,24914.1860685908,28380.5025006523,6.72076141237675,12.2137246582642,30658.5699647387,13.6518217568617,18.7366335179842
2029,15,lwr,95274.3967145263,20,6744.19140744355,5395.35312595484,5262.46156957064,1481.7298378729,132.891556384196,-9.85229721071703,25292.9801283191,18596.0333332784,6563.52058297525,25340.2247407219,23858.494902849,28380.5025006523,10.7125578902645,15.9335008169758,30658.5699647387,17.3470100860332,22.1800138418413
2029,15,upr,104868.209900871,20,7450.70160090098,5960.56128072079,5813.77883955254,1636.92276134844,146.782441168248,-9.85024290534584,27182.3933288162,20158.9098311077,7156.90970977413,27609.6114320087,25972.6886706602,28380.5025006523,2.7162699766359,8.48404227492702,30658.5699647387,9.94488176140216,15.2840830458428
2030,5,fit,93783.0564210336,20,6688.28127318862,5350.62501855089,5220.3746306563,1467.90664253231,130.250387894591,-9.73720920027143,22775.1181441378,16324.3273489489,6450.79079518893,23012.6086221375,21544.7019796052,28380.5025006523,18.9140198570882,24.0862561221035,30658.5699647387,24.9390671234667,29.7269833381518
2030,5,lwr,87626.4556815172,20,6153.74062266369,4922.99249813095,4802.9719828601,1350.76863980359,120.020515270852,-9.75183409817659,21587.1851114896,15300.1686872987,5966.67167707546,21453.9093099624,20103.1406701588,28380.5025006523,24.4061682506528,29.1656633997346,30658.5699647387,30.023124579401,34.4289681701397
2030,5,upr,99939.65716055,20,7237.89696869112,5790.3175749529,5649.56825506654,1588.32871362458,140.749319886353,-9.72308119991141,23963.051176786,17348.4860105992,6934.9099133024,24586.3829792903,22998.0542656657,28380.5025006523,13.3687538523138,18.965302798507,30658.5699647387,19.8058389299702,24.9865395153249
2030,10,fit,106310.432381452,20,7502.59908964044,6002.07927171235,5854.82978604944,1647.769303591,147.249485662916,-9.81323164836556,26324.6521626925,19063.2985357409,7261.35362695163,26565.8976253813,24918.1283217903,28380.5025006523,6.39384336210839,12.1998339486145,30658.5699647387,13.3491951648901,18.7237749495512
2030,10,lwr,99649.7285282602,20,6991.98124746366,5593.58499797093,5456.33507942165,1535.64616804201,137.249918549275,-9.8148088282604,24612.08143879,17590.5476055217,6832.79981504679,24582.5288529854,23046.8826849434,28380.5025006523,13.3823340428156,18.7932536275084,30658.5699647387,19.8184100522026,24.8272743593382
2030,10,upr,112971.136234643,20,8022.31324552581,6417.85059642065,6260.42315348728,1761.89009203853,157.427442933368,-9.81184841050482,28037.222886595,20536.0494659601,7689.90743885648,28558.3627114859,26796.4726194474,28380.5025006523,-0.626698596437919,5.58140181333474,30658.5699647387,6.8503105515629,12.5971216196099
2030,15,fit,100211.173544138,20,7118.52892480317,5694.82313984254,5554.78966489202,1563.73925991115,140.033474950517,-9.83584364338235,26020.5401618424,19140.7677787405,6879.77238310194,26259.2967035437,24695.5574436325,28380.5025006523,7.47416574833329,12.9840726285064,30658.5699647387,14.3492448155761,19.4497412239528
2030,15,lwr,95100.5132229879,20,6743.92949376005,5395.14359500804,5262.46316361846,1481.46633014158,132.680431389574,-9.83702687819756,25014.0426528246,18308.2175977881,6563.67176633682,25052.1470915482,23570.6807614066,28380.5025006523,11.7276126771457,16.9476271223005,30658.5699647387,18.2866418089254,23.118786073467
2030,15,upr,105321.833865289,20,7497.21664731039,5997.77331784831,5850.3064138814,1646.91023342899,147.466903966916,-9.83477675143745,27027.0376708601,19973.3179596929,7195.87299986706,27470.5346070033,25823.6243735743,28380.5025006523,3.20631353735929,9.0092771508159,30658.5699647387,10.3985129162973,15.7702906454059
2023,5,fit,98014.027135102,30,6876.96150004343,4813.8730500304,4637.418232115,2239.54326792843,176.454817915401,-8.55294487806795,26691.8853018384,20032.0237963272,6659.86150551119,26908.9852963706,24669.4420284422,28380.5025006523,5.18495824465349,13.0760914896585,30658.5699647387,12.2301355630108,19.534922676383
2023,5,lwr,95992.2315360484,30,6698.93673396367,4689.25571377457,4517.28490130189,2181.65183266178,171.970812472679,-8.55711979886724,26301.7742845748,19695.6954290243,6500.87931000562,26394.632162988,24212.9803303262,28380.5025006523,6.9973050604678,14.6844551826745,30658.5699647387,13.9078169877291,21.0237778272952
2023,5,upr,100035.822734156,30,7056.62654913151,4939.63858439206,4758.66152756938,2297.96502156214,180.977056822681,-8.54879951313068,27081.996319102,20368.35216363,6818.84370101676,27424.9787127615,25127.0136911994,28380.5025006523,3.36683181655725,11.463816785408,30658.5699647387,10.5471039767877,18.0424471196841
2023,10,fit,101689.282837313,30,7114.18389159849,4979.92872411894,4796.90439722361,2317.27949437487,183.024326895326,-8.5755597401912,27681.7664965617,20784.50230738,6897.2641891817,27898.6861989785,25581.4067046036,28380.5025006523,1.69770179954614,9.86274219769136,30658.5699647387,9.00199770874647,16.5603394612811
2023,10,lwr,98466.9712116048,30,6868.72829086268,4808.10980360388,4631.38637492257,2237.34191594011,176.723428681306,-8.57623231927798,26853.2599790659,20072.0156770153,6689.93866311425,26940.743967878,24703.4020519379,28380.5025006523,5.07305511148446,12.9564317919667,30658.5699647387,12.1265473279957,19.4241542239251
2023,10,upr,104911.594463021,30,7361.77316071152,5153.24121249806,4963.86161384876,2397.91154686276,189.379598649306,-8.574908721719,28510.2730140575,21496.9889377447,7104.58971524916,28858.7620984562,26460.8505515935,28380.5025006523,-1.68516959061216,6.76398153631959,30658.5699647387,5.87048863776913,13.6918304342739
2023,15,fit,99232.0818890623,30,6958.44474602821,4870.91132221975,4691.75540891747,2266.68933711074,179.155913302279,-8.58218178731864,27540.5661289192,20797.6944029082,6742.87172601114,27756.1391489364,25489.4498118257,28380.5025006523,2.19997285707517,10.1867565197628,30658.5699647387,9.46694780330739,16.8602780849145
2023,15,lwr,96255.3195084777,30,6740.92930955586,4718.6505166891,4545.08524733296,2195.8440622229,173.565269356142,-8.58265783967889,26954.3201777655,20312.7660564964,6558.75531730131,27053.6953660523,24857.8513038294,28380.5025006523,4.67506568838782,12.4122227812632,30658.5699647387,11.7581302808073,18.9203823517565
2023,15,upr,102208.844269647,30,7177.35040736878,5024.14528515815,4839.36322683839,2337.98718053039,184.782058319756,-8.58172110096254,28126.8120800729,21282.62274932,6926.98813472096,28459.9731566888,26121.9859761584,28380.5025006523,-0.280018495213923,7.95798638322913,30658.5699647387,7.17123078662375,14.7971154355796
2024,5,fit,97409.6027473781,30,6850.51056414075,4795.35739489853,4620.02715039769,2230.48341374307,175.330244500839,-8.53124950124695,26132.3471364526,19502.3528752732,6629.99426117943,26352.863439414,24122.3800256709,28380.5025006523,7.14447907041723,15.0036895043826,30658.5699647387,14.0440553172469,21.3192916257519
2024,5,lwr,94823.313127121,30,6623.22265657508,4636.25585960255,4466.63719954956,2156.58545702552,169.618660052997,-8.53656237796423,25633.3154464197,19072.1201822351,6426.62355336198,25695.3428388102,23538.7573817847,28380.5025006523,9.46128301209751,17.0601106120526,30658.5699647387,16.1887104703086,23.2229115420019
2024,5,upr,99995.8923676351,30,7080.47913784856,4956.33539649399,4775.23115277447,2305.24798507409,181.104243719525,-8.52598815200869,26631.3788264855,19932.5855683113,6833.36496899688,27013.0647061599,24707.8167210858,28380.5025006523,4.81822967884733,12.9408765030926,30658.5699647387,11.8906565530344,19.4097547618727
2024,10,fit,102349.447057904,30,7169.70677603463,5018.79474322424,4834.66789371356,2335.03888232107,184.126849510684,-8.56040817578687,27487.8930202947,20538.6160542886,6949.27696600599,27708.3228303232,25373.2839480022,28380.5025006523,2.36845584504228,10.5960722597531,30658.5699647387,9.62291175944813,17.2391798535134
2024,10,lwr,98658.9670033769,30,6888.31977653502,4821.82384357451,4644.907425493,2243.41235104202,176.916418081517,-8.56117910805965,26539.0131064247,19722.6125127626,6711.82919322014,26610.9322892976,24367.5199382556,28380.5025006523,6.23516166182756,14.1399277983343,30658.5699647387,13.2023042173734,20.5197112380604
2024,10,upr,106039.927112431,30,7453.89156589815,5217.72409612871,5026.31555907811,2427.57600682005,191.408537050601,-8.55966914992889,28436.7729341646,21354.6195958147,7186.72473879184,28808.5111617129,26380.9351548928,28380.5025006523,-1.50810811419113,7.04556709562678,30658.5699647387,6.03439366269743,13.9524929400351
2024,15,fit,99371.9521255017,30,6981.29845919041,4886.90892143329,4707.44481577863,2273.85364341179,179.464105654664,-8.56880262335782,27323.419562194,20560.9905994556,6762.4289627384,27542.289058646,25268.4354152342,28380.5025006523,2.95348344162342,10.96551086559,30658.5699647387,10.1644692158728,17.5811675355499
2024,15,lwr,96103.4112363854,30,6742.3509207639,4719.64564453473,4546.31309147581,2196.03782928809,173.332553058921,-8.56934300295376,26679.7105194694,20028.530185794,6560.26569497125,26770.8811065579,24574.8432772698,28380.5025006523,5.6715746807422,13.4094145207437,30658.5699647387,12.6805942438025,19.8434783307439
2024,15,upr,102640.493014618,30,7221.92154720863,5055.34508304604,4869.70665956663,2352.214887642,185.638423479413,-8.56828395166589,27967.1286049186,21093.4510131173,6964.59223050555,28315.3725603259,25963.1576726839,28380.5025006523,0.229488326800691,8.51762518268593,30658.5699647387,7.64287899633855,15.3151705948944
2025,5,fit,96805.1783596539,30,6823.88975279002,4776.72282695301,4602.51380481867,2221.37594797135,174.209022134344,-8.50976146281364,25572.8089710667,18972.6819542192,6600.12701684768,25796.5717070092,23575.1957590379,28380.5025006523,9.10459846010019,16.9317183214215,30658.5699647387,15.8585291594533,23.1040593669164
2025,5,lwr,93637.6334113108,30,6546.07152040948,4582.25006428664,4415.00630975524,2131.06521065424,167.243754531395,-8.51624031349485,24961.6224680371,18445.7566699159,6351.04978545699,24991.8281903254,22860.7629796711,28380.5025006523,11.940149087385,19.4490549307726,30658.5699647387,18.4833858230531,25.4343467227468
2025,5,upr,99972.723307997,30,7105.72385136574,4974.00669595602,4792.73900681937,2312.98484454637,181.267689136645,-8.50336493641462,26183.9954740964,19499.6072385226,6849.20424823838,26605.3310898883,24292.346245342,28380.5025006523,6.25489774440449,14.4048057472427,30658.5699647387,13.2205738216496,20.7649075828348
2025,10,fit,103009.611278495,30,7225.21879029437,5057.65315320606,4872.42835054423,2352.79043975014,185.224802661831,-8.5452915239348,27294.0195440276,20292.7298011974,7001.28974283025,27517.9485914918,25165.1581517416,28380.5025006523,3.03924819210195,11.3294130321927,30658.5699647387,10.2438612657376,17.9180301602951
2025,10,lwr,98838.8336944189,30,6906.91291944537,4834.83904361176,4657.75623622324,2249.15668322212,177.082807388512,-8.54616283009073,26221.6476530336,19370.5274781286,6732.93932947164,26277.440397574,24028.2837143518,28380.5025006523,7.41023561168446,15.3352421656397,30658.5699647387,14.2900649710786,21.6262084565997
2025,10,upr,107180.388862572,30,7547.09691699332,5282.96784189532,5089.51011621575,2457.58680077757,193.45772567957,-8.54446541088638,28366.3914350217,21214.9321242661,7269.64015618887,28762.0290412594,26304.4422404819,28380.5025006523,-1.34432623452791,7.31509338188332,30658.5699647387,6.18600582369155,14.2019922301159
2025,15,fit,99511.8223619411,30,7004.15757638393,4902.91030346875,4723.13870832311,2281.01886806083,179.771595145647,-8.55547071793408,27106.2729954687,20324.2867960031,6781.98619946565,27328.444372387,25047.4255043262,28380.5025006523,3.70697498481954,11.7442494059063,30658.5699647387,10.8619730019428,18.3020423550936
2025,15,lwr,95945.3133385329,30,6743.30792874695,4720.31555012287,4547.22669871343,2196.08123003352,173.088851409438,-8.55608025212444,26403.8818713523,19743.2859964551,6561.39323668703,26486.593925202,24290.5126951685,28380.5025006523,6.67327358071522,14.4112663452304,30658.5699647387,13.6078624813061,20.7708881297929
2025,15,upr,103078.331385349,30,7267.00152121124,5086.90106484786,4900.39585138784,2366.6056698234,186.505213460027,-8.55489080402914,27808.6641195851,20905.2875955511,7002.57916224428,28172.2891167623,25805.6834469389,28380.5025006523,0.733649391462237,9.07249282726471,30658.5699647387,8.10957866213559,15.8288091172589
2026,5,fit,96200.75397193,30,6797.10032239998,4757.97022567999,4584.87907627249,2212.22124612749,173.091149407497,-8.48847994965696,25013.2708056811,18443.011033165,6570.25977251594,25240.111355565,23027.8901094375,28380.5025006523,11.0653119866892,18.8601748369036,30658.5699647387,17.6735529915637,24.8892230266365
2026,5,lwr,92442.9622741204,30,6468.17304564299,4527.72113195009,4362.8576243382,2105.31542130479,164.863507611893,-8.49613981405697,24288.1945701886,17817.8974227783,6274.7689846984,24286.0704684213,22180.7550471165,28380.5025006523,14.4269187345675,21.8450940161941,30658.5699647387,20.7853774773142,27.652349497621
2026,5,upr,99958.5456697396,30,7131.67235852033,4992.17065096423,4810.72072105753,2320.9516374628,181.449929906701,-8.48094344892889,25738.3470411737,19068.1246435518,6865.75056033347,26199.7970020721,23878.8453646093,28380.5025006523,7.68381567074101,15.8617950331905,30658.5699647387,14.5433168206956,22.1136361152099
2026,10,fit,103669.775499087,30,7280.71945502916,5096.50361852041,4910.1854273816,2370.53402764756,186.318191138809,-8.53020969926766,27100.1460677607,20046.8435481061,7053.30251965454,27327.5630031353,24957.0289754877,28380.5025006523,3.71008052973284,12.0627657141938,30658.5699647387,10.8648477911218,18.5968914917053
2026,10,lwr,99010.3205865365,30,6924.79149711062,4847.35404797744,4670.12407002661,2254.66742708401,177.229977950826,-8.53118239611861,25902.127622795,19016.5895827561,6753.51030426946,25941.3810798667,23686.7136527827,28380.5025006523,8.59435600454755,16.5387799168169,30658.5699647387,15.3861999770288,22.7403180251868
2026,10,upr,108329.230411637,30,7641.10437782521,5348.77306447765,5153.2532790578,2487.85109876741,195.51978541985,-8.52929872228316,28298.1645127263,21077.0975134561,7353.09473503961,28718.2018912813,26230.3507925139,28380.5025006523,-1.18989926489586,7.57615799117363,30658.5699647387,6.32895818588102,14.4436585832863
2026,15,fit,99651.6925983805,30,7027.02194618159,4918.91536232711,4738.83698282815,2288.18496335344,180.078379498963,-8.54218571670633,26889.1264287434,20087.5829925506,6801.54343619291,27114.6049387322,24826.4199753788,28380.5025006523,4.46044802022449,12.522972506184,30658.5699647387,11.5594596554325,19.022902881862
2026,15,lwr,95782.455531316,30,6743.90439288443,4720.7330750191,4547.89619497177,2196.00819791266,172.836880047333,-8.54286923312531,26127.1158028987,19457.2663958868,6562.22637216345,26201.1707887712,24005.1625908586,28380.5025006523,7.67897507040611,15.4167105028996,30658.5699647387,14.5388358983934,21.7016233357668
2026,15,upr,103520.929665445,30,7312.48593559765,5118.74015491836,4931.36044894135,2381.1254866563,187.379705977002,-8.54154148704414,27651.1370545882,20717.8995892143,7040.86050022237,28030.385524812,25649.2600381557,28380.5025006523,1.23365319494361,9.62365787016586,30658.5699647387,8.57242996966102,16.3390201576407
2027,5,fit,95596.3295842058,30,6770.14352175314,4739.1004652272,4567.123840672,2203.01968108114,171.976624555196,-8.4674041745505,24453.7326402953,17913.3401121111,6540.39252818418,24683.4836338642,22480.4639527831,28380.5025006523,13.0266152500404,20.789055964508,30658.5699647387,19.4891227403841,26.6747797479187
2027,5,lwr,91242.9554522356,30,6389.85216816471,4472.89651771529,4310.41045054146,2079.44171762324,162.486067173832,-8.47625593924091,23613.7371373142,17189.1505774472,6198.06861686409,23579.0027456119,21499.5610279887,28380.5025006523,16.9183042299199,24.2453123319627,30658.5699647387,23.0916420017933,29.8742209675275
2027,5,upr,99949.7037161759,30,7158.00110458433,5010.60077320903,4828.95800686306,2329.04309772127,181.642766345971,-8.45872861673809,25293.7281432763,18637.5296467749,6882.71643950427,25795.5307513592,23466.487653638,28380.5025006523,9.10826631499444,17.3147563081429,30658.5699647387,15.8619244764925,23.4586359356375
2027,10,fit,104329.939719678,30,7336.20829255018,5135.34580478512,4947.93878499047,2388.26950755971,187.407019794658,-8.51516261631444,26906.2725914936,19800.9572950148,7105.3152964788,27137.165587565,24748.8960800053,28380.5025006523,4.38095454109295,12.7961315010668,30658.5699647387,11.4858728936927,19.2757649542373
2027,10,lwr,99175.8106650633,30,6942.13592283714,4859.495145986,4682.13252159114,2260.003401246,177.362624394859,-8.51623699901927,25581.0657183612,18661.3257294984,6773.6954403661,25603.4616523355,23343.4582510895,28380.5025006523,9.78503057954289,17.7482560410866,30658.5699647387,16.4884021603656,23.8599247194585
2027,10,upr,109484.068774293,30,7735.73248195108,5415.01273736575,5217.42271327251,2518.30976867857,197.590024093248,-8.51416999205796,28231.479464626,20940.5888605311,7436.9351525915,28676.3213424822,26158.0115738036,28380.5025006523,-1.04233123364563,7.83104854044643,30658.5699647387,6.46556125917277,14.679609636429
2027,15,fit,99791.56283482,30,7049.89141721158,4934.92399204811,4754.53953560604,2295.35188160554,180.384456442062,-8.52894726868518,26671.9798620182,19850.8791890981,6821.10067292017,26900.7706063097,24605.4187247041,28380.5025006523,5.21390308120377,13.3016805317714,30658.5699647387,12.2569296700759,19.7437494540563
2027,15,lwr,95615.8729343239,30,6744.21568788072,4720.9509815165,4548.37237687463,2195.84331100609,172.578604641873,-8.52970963705457,25849.6161713838,19170.6400098531,6562.82912481822,25914.8556977338,23719.0123867277,28380.5025006523,8.68781940299263,16.4249738489212,30658.5699647387,15.4727186312367,22.634968251919
2027,15,upr,103967.252735316,30,7358.29908186952,5150.80935730866,4962.54942856658,2395.74965330294,188.259928742083,-8.52823578961546,27494.3435526526,20531.118368343,7079.37222102212,27889.4174502125,25493.6677969096,28380.5025006523,1.73036066020501,10.1718942561936,30658.5699647387,9.03222987148804,16.8465201533191
2028,5,fit,94991.9051964817,30,6743.02059207686,4720.1144144538,4549.24896899122,2193.77162308565,170.865445462586,-8.44653337622185,23894.1944749095,17383.6691910571,6510.52528385243,24126.689783134,21932.9181600483,28380.5025006523,14.9885038766335,22.7183586353194,30658.5699647387,21.3052343573664,28.4607266898815
2028,5,lwr,90039.5376145957,30,6311.28034691057,4417.8962428374,4257.78055820683,2053.49978870374,160.115684630574,-8.45658756118859,22938.6215395756,16559.8363051418,6121.10002667639,22871.1166520524,20817.6168633486,28380.5025006523,19.4125732920807,26.64817381979,30658.5699647387,25.4005758313023,32.0985392101081
2028,5,upr,99944.2727783677,30,7184.54000401877,5029.17800281314,4847.33610790797,2337.2038961108,181.841894905165,-8.43672175734047,24849.7674102433,18207.5020769724,6899.95054102847,25392.0420809912,23054.8381848804,28380.5025006523,10.5299771193003,18.7652220592272,30658.5699647387,17.1779958745784,24.8013256606671
2028,10,fit,104990.103940269,30,7391.68482681893,5174.17937877325,4985.68808522865,2405.99674159027,188.491293544595,-8.5001501895166,26712.3991152266,19555.0710419235,7157.32807330308,26946.7558687424,24540.7591271522,28380.5025006523,5.05187190352574,13.5295115842713,30658.5699647387,12.1069381261596,19.95465165082
2028,10,lwr,99336.8779281201,30,6959.06538936194,4871.34577255335,4693.86192194406,2265.20346741788,177.483850609294,-8.50132600088351,25258.8666391697,18305.0839457185,6793.59600977569,25264.1493350804,22998.9458676626,28380.5025006523,10.9806130652558,18.962161198048,30658.5699647387,17.5951475749278,24.9836313496869
2028,10,upr,110643.329952419,30,7830.86098897302,5481.60269228111,5281.93735180916,2548.92363716386,199.665340471955,-8.49907993314794,28165.9315912835,20805.0581381285,7521.06013683048,28635.9191271015,26086.9954899377,28380.5025006523,-0.899972177882873,8.0812769635137,30658.5699647387,6.59734240691425,14.9112449799809
2028,15,fit,99931.4330712594,30,7072.76583815725,4950.93608671008,4770.24626300395,2302.5195751533,180.689823706121,-8.515755026193,26454.8332952929,19614.1753856455,6840.65790964742,26686.9412238028,24384.4216486495,28380.5025006523,5.96734070092883,14.0803738478943,30658.5699647387,12.9543835394274,20.4645824097645
2028,15,lwr,95446.3289915383,30,6744.29743513966,4721.00820459776,4548.6927299832,2195.60470515646,172.315474614563,-8.51660118649529,25571.5333300726,18883.5312069063,6563.24871459912,25627.828642046,23432.2239368895,28380.5025006523,9.69917237562329,17.4354860829158,30658.5699647387,16.4089236010641,23.5703949537126
2028,15,upr,104416.537150981,30,7404.38500543012,5183.06950380108,4993.92507806057,2410.45992736954,189.144425740507,-8.51497347413257,27338.1332605132,20344.8195643847,7118.06710469573,27749.2045698148,25338.7446424453,28380.5025006523,2.22440716411901,10.7177730843107,30658.5699647387,9.48956653317499,17.3518377680757
2029,5,fit,94387.4808087578,30,6715.7327671133,4701.01293697931,4531.25532730748,2184.47743980582,169.757609671825,-8.4258668194344,23334.6563095236,16853.9982700029,6480.65803952068,23569.7310371162,21385.2535973104,28380.5025006523,16.950973519322,24.648079797675,30658.5699647387,23.1218838183763,30.2470610276142
2029,5,lwr,88833.8123415416,30,6232.55624518033,4362.78937162623,4205.03460793073,2027.5216372496,157.754763695501,-8.43713544863678,22263.0607158323,15930.1381879083,6043.94999324668,22162.6944330886,20135.172795839,28380.5025006523,21.9087314166504,29.0527967382669,30658.5699647387,27.711258357521,34.3244880012438
2029,5,upr,99941.1492759739,30,7211.19175924247,5047.83423146973,4865.78937205705,2345.40238718542,182.044859412677,-8.41492250243534,24406.251903215,17777.8583520975,6917.36608579468,24989.05011134,22643.6477241546,28380.5025006523,11.9499377758881,20.2140704744953,30658.5699647387,18.492447168669,26.1425182250912
2029,10,fit,105650.268160861,30,7447.14858343772,5213.0040084064,5023.43299104123,2423.71559239649,189.571017365173,-8.48517233324151,26518.5256389595,19309.1847888322,7209.34085012737,26756.3333722699,24332.6177798734,28380.5025006523,5.72283428859321,14.2629071514355,30658.5699647387,12.7280450358802,20.6335526808358
2029,10,lwr,99494.5980770649,30,6975.66137151699,4882.96296006189,4705.36717937198,2270.29419214501,177.595780689917,-8.48644886992727,24935.8069647972,17948.1020801798,6813.28122378993,24923.7634516968,22653.4692595518,28380.5025006523,12.1799783103772,20.1794638448311,30658.5699647387,18.7053946731295,26.1104830212036
2029,10,upr,111805.938244657,30,7926.40738183097,5548.48516728168,5346.74155395124,2579.66582787973,201.743613330436,-8.48402912828983,28101.2443131219,20670.2674974845,7605.40047646481,28596.6748793155,26017.0090514357,28380.5025006523,-0.76169327395877,8.32787738399712,30658.5699647387,6.72534657616021,15.1395218976011
2029,15,fit,100071.303307699,30,7095.64505775684,4966.95154042979,4785.9570614037,2309.68799635314,180.994479026083,-8.5026086448252,26237.6867285676,19377.471582193,6860.21514637469,26473.1166399498,24163.4286435967,28380.5025006523,6.72076141237675,14.8590528196556,30658.5699647387,13.6518217568617,21.1854020869605
2029,15,lwr,95274.3967145263,30,6744.19140744355,4720.93398521048,4548.8854076371,2195.30599980644,172.048577573378,-8.503543626371,25292.9801283191,18596.0333332784,6563.52058297525,25340.2247407219,23144.9187409155,28380.5025006523,10.7125578902645,18.4478190955797,30658.5699647387,17.3470100860332,24.5075071422603
2029,15,upr,104868.209900871,30,7450.70160090098,5215.49112063069,5025.45901783422,2425.24258306676,190.032102796468,-8.50175428550641,27182.3933288162,20158.9098311077,7156.90970977413,27609.6114320087,25184.3688489419,28380.5025006523,2.7162699766359,11.2617232610202,30658.5699647387,9.94488176140216,17.8553700387618
2030,5,fit,93783.0564210336,30,6688.28127318862,4681.79689123203,4513.14377684326,2175.13749634536,168.653114388772,-8.40540379508528,22775.1181441378,16324.3273489489,6450.79079518893,23012.6086221375,20837.4711257922,28380.5025006523,18.9140198570882,26.5782164170165,30658.5699647387,24.9390671234667,32.0337799520397
2030,5,lwr,87626.4556815172,30,6153.74062266369,4307.61843586458,4152.21368963001,2001.52693303368,155.404746234569,-8.41790144475849,21587.1851114896,15300.1686872987,5966.67167707546,21453.9093099624,19452.3823769287,28380.5025006523,24.4061682506528,31.4586400417624,30658.5699647387,30.023124579401,36.551566497389
2030,5,upr,99939.65716055,30,7237.89696869112,5066.52787808379,4884.27771285269,2353.61925583843,182.250165231096,-8.39332962873298,23963.051176786,17348.4860105992,6934.9099133024,24586.3829792903,22232.7637234519,28380.5025006523,13.3687538523138,21.6618390638401,30658.5699647387,19.8058389299702,27.4827111994381
2030,10,fit,106310.432381452,30,7502.59908964044,5251.81936274831,5061.17316645484,2441.4259231856,190.646196293465,-8.47022896179668,26324.6521626925,19063.2985357409,7261.35362695163,26565.8976253813,24124.4717021957,28380.5025006523,6.39384336210839,14.9963193863771,30658.5699647387,13.3491951648901,21.3124691401393
2030,10,lwr,99649.7285282602,30,6991.98124746366,4894.38687322456,4716.68696031927,2275.29428714439,177.699912905296,-8.47160514385705,24612.08143879,17590.5476055217,6832.79981504679,24582.5288529854,22307.234565841,28380.5025006523,13.3823340428156,21.3994376409359,30658.5699647387,19.8184100522026,27.2398073638231
2030,10,upr,112971.136234643,30,8022.31324552581,5615.61927186807,5411.79592439158,2610.51732113423,203.823347476487,-8.46901806824702,28037.222886595,20536.0494659601,7689.90743885648,28558.3627114859,25947.8453903517,28380.5025006523,-0.626698596437919,8.57157871057677,30658.5699647387,6.8503105515629,15.3651151368278
2030,15,fit,100211.173544138,30,7118.52892480317,4982.97024736222,4801.67182722157,2316.8570975816,181.29842014065,-8.4895077834106,26020.5401618424,19140.7677787405,6879.77238310194,26259.2967035437,23942.4396059621,28380.5025006523,7.47416574833329,15.6377178120374,30658.5699647387,14.3492448155761,21.9062088235069
2030,15,lwr,95100.5132229879,30,6743.92949376005,4720.75064563203,4548.97190266593,2194.95759109412,171.778742966105,-8.49053671775217,25014.0426528246,18308.2175977881,6563.67176633682,25052.1470915482,22857.189500454,28380.5025006523,11.7276126771457,19.4616462484106,30658.5699647387,18.2866418089254,25.4460024497466
2030,15,upr,105321.833865289,30,7497.21664731039,5248.05165311727,5057.12952919774,2440.08711811265,190.922123919538,-8.48857795726234,27027.0376708601,19973.3179596929,7195.87299986706,27470.5346070033,25030.4474888906,28380.5025006523,3.20631353735929,11.8040722206545,30658.5699647387,10.3985129162973,18.3574200698895
2023,5,fit,98014.027135102,40,6876.96150004343,4126.17690002606,3927.23388240002,2949.72761764342,198.943017626043,-7.23222812955935,26691.8853018384,20032.0237963272,6659.86150551119,26908.9852963706,23959.2576787272,28380.5025006523,5.18495824465349,15.5784585626116,30658.5699647387,12.2301355630108,21.8513527986353
2023,5,lwr,95992.2315360484,40,6698.93673396367,4019.3620403782,3825.47544975719,2873.46128420648,193.886590621009,-7.23572256019387,26301.7742845748,19695.6954290243,6500.87931000562,26394.632162988,23521.1708787815,28380.5025006523,6.9973050604678,17.1220774606056,30658.5699647387,13.9078169877291,23.2802739794
2023,5,upr,100035.822734156,40,7056.62654913151,4233.97592947891,4029.9333361959,3026.69321293562,204.042593283011,-7.22875838271913,27081.996319102,20368.35216363,6818.84370101676,27424.9787127615,24398.2854998259,28380.5025006523,3.36683181655725,14.0315239334993,30658.5699647387,10.5471039767877,20.419362260252
2023,10,fit,101689.282837313,40,7114.18389159849,4268.51033495909,4062.16734848364,3052.01654311484,206.342986475446,-7.25111234189235,27681.7664965617,20784.50230738,6897.2641891817,27898.6861989785,24846.6696558636,28380.5025006523,1.69770179954614,12.451621829837,30658.5699647387,9.00199770874647,18.9568538766142
2023,10,lwr,98466.9712116048,40,6868.72829086268,4121.23697451761,3921.99751450462,2946.73077635806,199.239460012987,-7.25168661417395,26853.2599790659,20072.0156770153,6689.93866311425,26940.743967878,23994.0131915199,28380.5025006523,5.07305511148446,15.4559959219593,30658.5699647387,12.1265473279957,21.7379896742864
2023,10,upr,104911.594463021,40,7361.77316071152,4417.06389642691,4203.55609997572,3158.21706073579,213.507796451188,-7.25055607494951,28510.2730140575,21496.9889377447,7104.58971524916,28858.7620984562,25700.5450377204,28380.5025006523,-1.68516959061216,9.44295282604767,30658.5699647387,5.87048863776913,16.1717422982241
2023,15,fit,99232.0818890623,40,6958.44474602821,4175.06684761693,3973.08704214839,2985.35770387982,201.979805468539,-7.25664328885511,27540.5661289192,20797.6944029082,6742.87172601114,27756.1391489364,24770.7814450566,28380.5025006523,2.19997285707517,12.719017415258,30658.5699647387,9.46694780330739,19.2043807863636
2023,15,lwr,96255.3195084777,40,6740.92930955586,4044.55758573352,3848.88052709016,2892.0487824657,195.677058643357,-7.25705053626538,26954.3201777655,20312.7660564964,6558.75531730131,27053.6953660523,24161.6465835866,28380.5025006523,4.67506568838782,14.8653319896953,30658.5699647387,11.7581302808073,21.1912146868704
2023,15,upr,102208.844269647,40,7177.35040736878,4306.41024442127,4098.0876814908,3079.26272587798,208.322562930464,-7.25624886297127,28126.8120800729,21282.62274932,6926.98813472096,28459.9731566888,25380.7104308108,28380.5025006523,-0.280018495213923,10.5699047075454,30658.5699647387,7.17123078662375,17.2149566662702
2024,5,fit,97409.6027473781,40,6850.51056414075,4110.30633848445,3912.6248528263,2937.88571131445,197.681485658148,-7.21411505782208,26132.3471364526,19502.3528752732,6629.99426117943,26352.863439414,23414.9777280995,28380.5025006523,7.14447907041723,17.4962538892279,30658.5699647387,14.0440553172469,23.626647443016
2024,5,lwr,94823.313127121,40,6623.22265657508,3973.93359394505,3782.69301329041,2840.52964328467,191.24058065464,-7.21856226835398,25633.3154464197,19072.1201822351,6426.62355336198,25695.3428388102,22854.8131955255,28380.5025006523,9.46128301209751,19.4700192676285,30658.5699647387,16.1887104703086,25.4537533165719
2024,5,upr,99995.8923676351,40,7080.47913784856,4248.28748270914,4044.09465276501,3036.38448508356,204.192829944132,-7.20971088145093,26631.3788264855,19932.5855683113,6833.36496899688,27013.0647061599,23976.6802210763,28380.5025006523,4.81822967884733,15.5170694369304,30658.5699647387,11.8906565530344,21.7945251567422
2024,10,fit,102349.447057904,40,7169.70677603463,4301.82406562078,4094.23335319003,3075.47342284461,207.590712430753,-7.23846591344024,27487.8930202947,20538.6160542886,6949.27696600599,27708.3228303232,24632.8494074786,28380.5025006523,2.36845584504228,13.2050272650653,30658.5699647387,9.62291175944813,19.6542779529196
2024,10,lwr,98658.9670033769,40,6888.31977653502,4132.99186592101,3933.53025776027,2954.78951877475,199.46160816074,-7.23912414897618,26539.0131064247,19722.6125127626,6711.82919322014,26610.9322892976,23656.1427705229,28380.5025006523,6.23516166182756,16.6464978201878,30658.5699647387,13.2023042173734,22.8400320115045
2024,10,upr,106039.927112431,40,7453.89156589815,4472.33493953889,4256.53481065528,3197.35675524287,215.800128883609,-7.23783432371432,28436.7729341646,21354.6195958147,7186.72473879184,28808.5111617129,25611.15440647,28380.5025006523,-1.50810811419113,9.75792480812723,30658.5699647387,6.03439366269743,16.4633104677547
2024,15,fit,99371.9521255017,40,6981.29845919041,4188.77907551425,3986.44771331761,2994.8507458728,202.331362196636,-7.24547744876456,27323.419562194,20560.9905994556,6762.4289627384,27542.289058646,24547.4383127732,28380.5025006523,2.95348344162342,13.5059771679201,30658.5699647387,10.1644692158728,19.9328659457831
2024,15,lwr,96103.4112363854,40,6742.3509207639,4045.41055245834,3849.99188864682,2892.35903211708,195.418663811518,-7.24593936551499,26679.7105194694,20028.530185794,6560.26569497125,26770.8811065579,23878.5220744408,28380.5025006523,5.6715746807422,15.8629341609015,30658.5699647387,12.6805942438025,22.1146906006895
2024,15,upr,102640.493014618,40,7221.92154720863,4333.15292832518,4123.86066989308,3098.06087731555,209.2922584321,-7.24503364734672,27967.1286049186,21093.4510131173,6964.59223050555,28315.3725603259,25217.3116830104,28380.5025006523,0.229488326800691,11.1456476768487,30658.5699647387,7.64287899633855,17.7479193843238
2025,5,fit,96805.1783596539,40,6823.88975279002,4094.33385167401,3897.91027473965,2925.97947805037,196.423576934363,-7.19617344543313,25572.8089710667,18972.6819542192,6600.12701684768,25796.5717070092,22870.5922289588,28380.5025006523,9.10459846010019,19.4144211208622,30658.5699647387,15.8585291594533,25.4022863582256
2025,5,lwr,93637.6334113108,40,6546.07152040948,3927.64291224569,3739.07423618226,2806.99728422722,188.568676063427,-7.20159699888336,24961.6224680371,18445.7566699159,6351.04978545699,24991.8281903254,22184.8309060982,28380.5025006523,11.940149087385,21.8307325404536,30658.5699647387,18.4833858230531,27.6390551431017
2025,5,upr,99972.723307997,40,7105.72385136574,4263.43431081944,4059.05042452043,3046.67342684531,204.383886299019,-7.19081864755184,26183.9954740964,19499.6072385226,6849.20424823838,26605.3310898883,23558.657663043,28380.5025006523,6.25489774440449,16.989991059878,30658.5699647387,13.2205738216496,23.1580021829508
2025,10,fit,103009.611278495,40,7225.21879029437,4335.13127417662,4126.29794415858,3098.92084613579,208.833330018042,-7.22584796665837,27294.0195440276,20292.7298011974,7001.28974283025,27517.9485914918,24419.027745356,28380.5025006523,3.03924819210195,13.9584376816628,30658.5699647387,10.2438612657376,20.3517066404565
2025,10,lwr,98838.8336944189,40,6906.91291944537,4144.14775166722,3944.4939878623,2962.41893158307,199.65376380492,-7.22659189906771,26221.6476530336,19370.5274781286,6732.93932947164,26277.440397574,23315.0214659909,28380.5025006523,7.41023561168446,17.8484543553976,30658.5699647387,14.2900649710786,23.9526778554702
2025,10,upr,107180.388862572,40,7547.09691699332,4528.25815019599,4310.14276927081,3236.95414772251,218.115380925185,-7.22514177716693,28366.3914350217,21214.9321242661,7269.64015618887,28762.0290412594,25525.0748935369,28380.5025006523,-1.34432623452791,10.0612299132116,30658.5699647387,6.18600582369155,16.7440786608964
2025,15,fit,99511.8223619411,40,7004.15757638393,4202.49454583036,3999.81242074799,3004.34515563594,202.68212508237,-7.23435055793709,27106.2729954687,20324.2867960031,6781.98619946565,27328.444372387,24324.0992167511,28380.5025006523,3.70697498481954,14.2929226986308,30658.5699647387,10.8619730019428,20.6613379400053
2025,15,lwr,95945.3133385329,40,6743.30792874695,4045.98475724817,3850.83690004834,2892.47102869861,195.147857199828,-7.23487119607522,26403.8818713523,19743.2859964551,6561.39323668703,26486.593925202,23594.1228965034,28380.5025006523,6.67327358071522,16.8650276859574,30658.5699647387,13.6078624813061,23.0423241408855
2025,15,upr,103078.331385349,40,7267.00152121124,4360.20091272674,4149.92718202335,3117.07433918789,210.273730703397,-7.23385464037818,27808.6641195851,20905.2875955511,7002.57916224428,28172.2891167623,25055.2147775744,28380.5025006523,0.733649391462237,11.716803544974,30658.5699647387,8.10957866213559,18.2766358431226
2026,5,fit,96200.75397193,40,6797.10032239998,4078.26019343999,3883.09090166608,2914.0094207339,195.169291773912,-7.17840264659357,25013.2708056811,18443.011033165,6570.25977251594,25240.111355565,22326.1019348311,28380.5025006523,11.0653119866892,21.3329576024317,30658.5699647387,17.6735529915637,27.1782670864657
2026,5,lwr,92442.9622741204,40,6468.17304564299,3880.90382738579,3695.01331447678,2773.15973116621,185.890512909014,-7.18481523288217,24288.1945701886,17817.8974227783,6274.7689846984,24286.0704684213,21512.9107372551,28380.5025006523,14.4269187345675,24.1982740201284,30658.5699647387,20.7853774773142,29.830677810486
2026,5,upr,99958.5456697396,40,7131.67235852033,4279.0034151122,4074.40734287466,3057.26501564567,204.596072237541,-7.17209309234133,25738.3470411737,19068.1246435518,6865.75056033347,26199.7970020721,23142.5319864265,28380.5025006523,7.68381567074101,18.4562289343025,30658.5699647387,14.5433168206956,24.5152920927384
2026,10,fit,103669.775499087,40,7280.71945502916,4368.43167301749,4158.36082893474,3122.35862609442,210.070844082751,-7.21325843483931,27100.1460677607,20046.8435481061,7053.30251965454,27327.5630031353,24205.2043770408,28380.5025006523,3.71008052973284,14.7118541101078,30658.5699647387,10.8648477911218,21.0491408931338
2026,10,lwr,99010.3205865365,40,6924.79149711062,4154.87489826637,3955.05065113974,2969.74084597088,199.824247126634,-7.2140889444112,25902.127622795,19016.5895827561,6753.51030426946,25941.3810798667,22971.6402338958,28380.5025006523,8.59435600454755,19.0583738488497,30658.5699647387,15.3861999770288,25.0726949746313
2026,10,upr,108329.230411637,40,7641.10437782521,4584.66262669512,4364.2173928193,3276.88698500591,220.445233875821,-7.21247947206303,28298.1645127263,21077.0975134561,7353.09473503961,28718.2018912813,25441.3149062754,28380.5025006523,-1.18989926489586,10.3563620633896,30658.5699647387,6.32895818588102,17.0172811858603
2026,15,fit,99651.6925983805,40,7027.02194618159,4216.21316770896,4013.18107617278,3013.84087000882,203.03209153618,-7.22326232546156,26889.1264287434,20087.5829925506,6801.54343619291,27114.6049387322,24100.7640687234,28380.5025006523,4.46044802022449,15.0798543184024,30658.5699647387,11.5594596554325,21.3897970569327
2026,15,lwr,95782.455531316,40,6743.90439288443,4046.34263573066,3851.47493584543,2892.42945703899,194.867699885223,-7.22384573285286,26127.1158028987,19457.2663958868,6562.22637216345,26201.1707887712,23308.7413317322,28380.5025006523,7.67897507040611,17.8705826960023,30658.5699647387,14.5388358983934,23.9731619624128
2026,15,upr,103520.929665445,40,7312.48593559765,4387.49156135859,4176.22765020917,3136.25828538848,211.263911149423,-7.22271170878348,27651.1370545882,20717.8995892143,7040.86050022237,28030.385524812,24894.1272394235,28380.5025006523,1.23365319494361,12.2844028612555,30658.5699647387,8.57242996966102,18.8020600176234
2027,5,fit,95596.3295842058,40,6770.14352175314,4062.08611305188,3868.16748297299,2901.97603878015,193.918630078892,-7.16080203675935,24453.7326402953,17913.3401121111,6540.39252818418,24683.4836338642,21781.5075950841,28380.5025006523,13.0266152500404,23.2518606935044,30658.5699647387,19.4891227403841,28.9545871835
2027,5,lwr,91242.9554522356,40,6389.85216816471,3833.91130089882,3650.69601901504,2739.15614914967,183.215281883785,-7.16821285774785,23613.7371373142,17189.1505774472,6198.06861686409,23579.0027456119,20839.8465964622,28380.5025006523,16.9183042299199,26.5698463373464,30658.5699647387,23.0916420017933,32.0260318063408
2027,5,upr,99949.7037161759,40,7158.00110458433,4294.8006627506,4089.98052014627,3068.02058443806,204.820142604329,-7.15353838354229,25293.7281432763,18637.5296467749,6882.71643950427,25795.5307513592,22727.5101669212,28380.5025006523,9.10826631499444,19.9185773176539,30658.5699647387,15.8619244764925,25.8689815178571
2027,10,fit,104329.939719678,40,7336.20829255018,4401.7249755301,4190.4217159856,3145.78657656457,211.303259544503,-7.20069725116306,26906.2725914936,19800.9572950148,7105.3152964788,27137.165587565,23991.3790110004,28380.5025006523,4.38095454109295,15.4652775776293,30658.5699647387,11.4858728936927,21.7465816618532
2027,10,lwr,99175.8106650633,40,6942.13592283714,4165.28155370228,3965.30320387101,2976.83271896613,199.978349831276,-7.20161460586715,25581.0657183612,18661.3257294984,6773.6954403661,25603.4616523355,22626.6289333694,28380.5025006523,9.78503057954289,20.2740369630546,30658.5699647387,16.4884021603656,26.1980289380981
2027,10,upr,109484.068774293,40,7735.73248195108,4641.43948917065,4418.65509140966,3317.07739054141,222.784397760983,-7.1998481811768,28231.479464626,20940.5888605311,7436.9351525915,28676.3213424822,25359.2439519408,28380.5025006523,-1.04233123364563,10.6455428287152,30658.5699647387,6.46556125917277,17.2849745402113
2027,15,fit,99791.56283482,40,7049.89141721158,4229.93485032695,4026.55359135412,3023.33782585746,203.381258972825,-7.21221246316965,26671.9798620182,19850.8791890981,6821.10067292017,26900.7706063097,23877.4327804522,28380.5025006523,5.21390308120377,15.8667723381451,30658.5699647387,12.2569296700759,22.1182435843735
2027,15,lwr,95615.8729343239,40,6744.21568788072,4046.52941272843,3851.94900509277,2892.26668278795,194.580407635666,-7.21286271972756,25849.6161713838,19170.6400098531,6562.82912481822,25914.8556977338,23022.5890149459,28380.5025006523,8.68781940299263,18.8788534860624,30658.5699647387,15.4727186312367,24.9065137694785
2027,15,upr,103967.252735316,40,7358.29908186952,4414.97944912171,4202.71887260786,3155.58020926165,212.260576513845,-7.21160468445909,27494.3435526526,20531.118368343,7079.37222102212,27889.4174502125,24733.8372409509,28380.5025006523,1.73036066020501,12.849192009964,30658.5699647387,9.03222987148804,19.3248828324414
2028,5,fit,94991.9051964817,40,6743.02059207686,4045.81235524612,3853.14076390401,2889.87982817285,192.671591342105,-7.1433710127067,23894.1944749095,17383.6691910571,6510.52528385243,24126.689783134,21236.8099549611,28380.5025006523,14.9885038766335,25.1711277681817,30658.5699647387,21.3052343573664,30.7312442185458
2028,5,lwr,90039.5376145957,40,6311.28034691057,3786.76820814634,3606.22042793559,2705.05991897499,180.547780210758,-7.15178895115702,22938.6215395756,16559.8363051418,6121.10002667639,22871.1166520524,20166.0567330774,28380.5025006523,19.4125732920807,28.9439757713455,30658.5699647387,25.4005758313023,34.2237529138804
2028,5,upr,99944.2727783677,40,7184.54000401877,4310.72400241126,4105.67275710165,3078.86724691712,205.051245309613,-7.13515566740928,24849.7674102433,18207.5020769724,6899.95054102847,25392.0420809912,22313.174834074,28380.5025006523,10.5299771193003,21.3785068338336,30658.5699647387,17.1779958745784,27.2204318083424
2028,10,fit,104990.103940269,40,7391.68482681893,4435.01089609136,4222.4803146952,3169.20451212373,212.530581396157,-7.18816434870984,26712.3991152266,19555.0710419235,7157.32807330308,26946.7558687424,23777.5513566187,28380.5025006523,5.05187190352574,16.218709108226,30658.5699647387,12.1069381261596,22.4440298945256
2028,10,lwr,99336.8779281201,40,6959.06538936194,4175.43923361716,3975.31966308168,2983.74572628025,200.119570535477,-7.18916834871934,25258.8666391697,18305.0839457185,6793.59600977569,25264.1493350804,22280.4036088002,28380.5025006523,10.9806130652558,21.49397774656,30658.5699647387,17.5951475749278,27.3273227211005
2028,10,upr,110643.329952419,40,7830.86098897302,4698.51659338381,4473.38721744287,3357.47377153015,225.129375940945,-7.18724851130546,28165.9315912835,20805.0581381285,7521.06013683048,28635.9191271015,25278.4453555714,28380.5025006523,-0.899972177882873,10.9302403824937,30658.5699647387,6.59734240691425,17.5485178054788
2028,15,fit,99931.4330712594,40,7072.76583815725,4243.65950289435,4039.92987808294,3032.83596007432,203.729624811415,-7.20120068560388,26454.8332952929,19614.1753856455,6840.65790964742,26686.9412238028,23654.1052637284,28380.5025006523,5.96734070092883,16.6536770686679,30658.5699647387,12.9543835394274,22.8466778100424
2028,15,lwr,95446.3289915383,40,6744.29743513966,4046.57846108379,3852.29084674284,2892.00658839682,194.287614340954,-7.20192192772597,25571.5333300726,18883.5312069063,6563.24871459912,25627.828642046,22735.8220536491,28380.5025006523,9.69917237562329,19.8892900041972,30658.5699647387,16.4089236010641,25.8418703814357
2028,15,upr,104416.537150981,40,7404.38500543012,4442.63100325807,4229.36891781027,3175.01608761985,213.262085447802,-7.20053337621569,27338.1332605132,20344.8195643847,7118.06710469573,27749.2045698148,24574.188482195,28380.5025006523,2.22440716411901,13.4117217211706,30658.5699647387,9.48956653317499,19.8456140959658
2029,5,fit,94387.4808087578,40,6715.7327671133,4029.43966026798,3838.01148561324,2877.72128150006,191.428174654744,-7.12610899260913,23334.6563095236,16853.9982700029,6480.65803952068,23569.7310371162,20692.0097556161,28380.5025006523,16.950973519322,27.0907562149735,30658.5699647387,23.1218838183763,32.5082357741584
2029,5,lwr,88833.8123415416,40,6232.55624518033,3739.5337471082,3561.64302539483,2670.91321978549,177.890721713363,-7.13554417783742,22263.0607158323,15930.1381879083,6043.94999324668,22162.6944330886,19491.7812133031,28380.5025006523,21.9087314166504,31.3198164378692,30658.5699647387,27.711258357521,36.4230581017928
2029,5,upr,99941.1492759739,40,7211.19175924247,4326.71505554548,4121.42844427558,3089.7633149669,205.286611269908,-7.11694467862385,24406.251903215,17777.8583520975,6917.36608579468,24989.05011134,21899.2867963731,28380.5025006523,11.9499377758881,22.8368602850857,30658.5699647387,18.492447168669,28.5704231425012
2029,10,fit,105650.268160861,40,7447.14858343772,4468.28915006263,4254.53633535976,3192.61224807796,213.752814702869,-7.17565966047227,26518.5256389595,19309.1847888322,7209.34085012737,26756.3333722699,23563.721124192,28380.5025006523,5.72283428859321,16.9721497226824,30658.5699647387,12.7280450358802,23.1414865360867
2029,10,lwr,99494.5980770649,40,6975.66137151699,4185.39682291019,3985.14651948594,2990.51485203105,200.250303424254,-7.17674972877538,24935.8069647972,17948.1020801798,6813.28122378993,24923.7634516968,21933.2485996657,28380.5025006523,12.1799783103772,22.7171943161978,30658.5699647387,18.7053946731295,28.4596488848247
2029,10,upr,111805.938244657,40,7926.40738183097,4755.84442909858,4528.36665264864,3398.04072918232,227.477776449937,-7.17468095859433,28101.2443131219,20670.2674974845,7605.40047646481,28596.6748793155,25198.6341501331,28380.5025006523,-0.76169327395877,11.2114588191172,30658.5699647387,6.72534657616021,17.8088404673969
2029,15,fit,100071.303307699,40,7095.64505775684,4257.3870346541,4053.30984817867,3042.33520957817,204.077186475436,-7.19022670998539,26237.6867285676,19377.471582193,6860.21514637469,26473.1166399498,23430.7814303717,28380.5025006523,6.72076141237675,17.4405688206785,30658.5699647387,13.6518217568617,23.5751000215598
2029,15,lwr,95274.3967145263,40,6744.19140744355,4046.51484446613,3852.52429838795,2891.66710905559,193.990546078175,-7.19102314712139,25292.9801283191,18596.0333332784,6563.52058297525,25340.2247407219,22448.5576316664,28380.5025006523,10.7125578902645,20.9014793478361,30658.5699647387,17.3470100860332,26.7788495762031
2029,15,upr,104868.209900871,40,7450.70160090098,4470.42096054059,4256.15375609645,3194.54784480454,214.267204444143,-7.18949757759164,27182.3933288162,20158.9098311077,7156.90970977413,27609.6114320087,24415.0635872041,28380.5025006523,2.7162699766359,13.9724055744151,30658.5699647387,9.94488176140216,20.3646366569458
2030,5,fit,93783.0564210336,40,6688.28127318862,4012.96876391317,3822.78038519921,2865.5008879894,190.188378713956,-7.10901541612665,22775.1181441378,16324.3273489489,6450.79079518893,23012.6086221375,20147.1077341481,28380.5025006523,18.9140198570882,29.0107434366779,30658.5699647387,24.9390671234667,34.2855594461194
2030,5,lwr,87626.4556815172,40,6153.74062266369,3692.24437359821,3516.99863794421,2636.74198471948,175.245735654004,-7.11948010160639,21587.1851114896,15300.1686872987,5966.67167707546,21453.9093099624,18817.1673252429,28380.5025006523,24.4061682506528,33.6968493605411,30658.5699647387,30.023124579401,38.6234669559439
2030,5,upr,99939.65716055,40,7237.89696869112,4342.73818121467,4137.21362563493,3100.68334305619,205.52455557974,-7.09890443552785,23963.051176786,17348.4860105992,6934.9099133024,24586.3829792903,21485.6996362341,28380.5025006523,13.3687538523138,24.294153580472,30658.5699647387,19.8058389299702,29.9194330950679
2030,10,fit,106310.432381452,40,7502.59908964044,4501.55945378426,4286.58948918311,3216.00960045733,214.969964601152,-7.16318311936666,26324.6521626925,19063.2985357409,7261.35362695163,26565.8976253813,23349.888024924,28380.5025006523,6.39384336210839,17.7256004385851,30658.5699647387,13.3491951648901,23.838952528512
2030,10,lwr,99649.7285282602,40,6991.98124746366,4195.1887484782,3994.81651123538,2997.16473622828,200.372237242814,-7.16435836106892,24612.08143879,17590.5476055217,6832.79981504679,24582.5288529854,21585.3641167571,28380.5025006523,13.3823340428156,23.942981220079,30658.5699647387,19.8184100522026,29.59435439558
2030,10,upr,112971.136234643,40,8022.31324552581,4813.38794731549,4583.56003431487,3438.75321121094,229.827913000616,-7.16214594115965,28037.222886595,20536.0494659601,7689.90743885648,28558.3627114859,25119.609500275,28380.5025006523,-0.626698596437919,11.4899057911409,30658.5699647387,6.8503105515629,18.0665975968033
2030,15,fit,100211.173544138,40,7118.52892480317,4271.1173548819,4066.69341348915,3051.83551131402,204.423941392754,-7.17929025618191,26020.5401618424,19140.7677787405,6879.77238310194,26259.2967035437,23207.4611922296,28380.5025006523,7.47416574833329,18.2274479047852,30658.5699647387,14.3492448155761,24.3035105064548
2030,15,lwr,95100.5132229879,40,6743.92949376005,4046.35769625603,3852.66755831425,2891.2619354458,193.690137941778,-7.18016618208246,25014.0426528246,18308.2175977881,6563.67176633682,25052.1470915482,22160.8851561024,28380.5025006523,11.7276126771457,21.9151064869517,30658.5699647387,18.2866418089254,27.7171597318785
2030,15,upr,105321.833865289,40,7497.21664731039,4498.32998838623,4283.05499737917,3214.16164993123,215.274991007068,-7.17849707211999,27027.0376708601,19973.3179596929,7195.87299986706,27470.5346070033,24256.3729570721,28380.5025006523,3.20631353735929,14.5315592755464,30658.5699647387,10.3985129162973,20.8822427628881
2023,5,fit,98014.027135102,50,6876.96150004343,3438.48075002172,3234.00463626759,3642.95686377585,204.476113754128,-5.94669938904957,26691.8853018384,20032.0237963272,6659.86150551119,26908.9852963706,23266.0284325948,28380.5025006523,5.18495824465349,18.0210835517798,30658.5699647387,12.2301355630108,24.1124799383868
2023,5,lwr,95992.2315360484,50,6698.93673396367,3349.46836698183,3150.19028037523,3548.74645358843,199.2780866066,-5.94954377151402,26301.7742845748,19695.6954290243,6500.87931000562,26394.632162988,22845.8857093995,28380.5025006523,6.9973050604678,19.5014756737502,30658.5699647387,13.9078169877291,25.4828723724713
2023,5,upr,100035.822734156,50,7056.62654913151,3528.31327456576,3318.59474185964,3738.03180727187,209.718532706117,-5.9438750583146,27081.996319102,20368.35216363,6818.84370101676,27424.9787127615,23686.9469054896,28380.5025006523,3.36683181655725,16.5379580402242,30658.5699647387,10.5471039767877,22.7395572176632
2023,10,fit,101689.282837313,50,7114.18389159849,3557.09194579924,3345.01685102035,3769.16704057814,212.075094778896,-5.96203578682713,27681.7664965617,20784.50230738,6897.2641891817,27898.6861989785,24129.5191584004,28380.5025006523,1.69770179954614,14.9785344433357,30658.5699647387,9.00199770874647,21.2960056970942
2023,10,lwr,98466.9712116048,50,6868.72829086268,3434.36414543134,3229.58976751108,3639.1385233516,204.774377920261,-5.96251210555723,26853.2599790659,20072.0156770153,6689.93866311425,26940.743967878,23301.6054445264,28380.5025006523,5.07305511148446,17.8957263212982,30658.5699647387,12.1265473279957,23.9964373050464
2023,10,upr,104911.594463021,50,7361.77316071152,3680.88658035576,3461.44779948347,3900.32536122805,219.43878087229,-5.96157409585494,28510.2730140575,21496.9889377447,7104.58971524916,28858.7620984562,24958.4367372282,28380.5025006523,-1.68516959061216,12.057805401245,30658.5699647387,5.87048863776913,18.5922997519663
2023,15,fit,99232.0818890623,50,6958.44474602821,3479.22237301411,3271.63357347397,3686.81117255424,207.588799540138,-5.96652864589109,27540.5661289192,20797.6944029082,6742.87172601114,27756.1391489364,24069.3279763822,28380.5025006523,2.19997285707517,15.1906208291098,30658.5699647387,9.46694780330739,21.4923331255665
2023,15,lwr,96255.3195084777,50,6740.92930955586,3370.46465477793,3169.35351062895,3571.57579892691,201.111144148983,-5.96686702718838,26954.3201777655,20312.7660564964,6558.75531730131,27053.6953660523,23482.1195671254,28380.5025006523,4.67506568838782,17.2596765452422,30658.5699647387,11.7581302808073,23.4076488429408
2023,15,upr,102208.844269647,50,7177.35040736878,3588.67520368439,3374.56763957385,3802.78276779493,214.107564110543,-5.96620067178899,28126.8120800729,21282.62274932,6926.98813472096,28459.9731566888,24657.1903888938,28380.5025006523,-0.280018495213923,13.1192607025646,30658.5699647387,7.17123078662375,19.574884225674
2024,5,fit,97409.6027473781,50,6850.51056414075,3425.25528207038,3222.06941676711,3628.44114737364,203.185865303263,-5.93199188296554,26132.3471364526,19502.3528752732,6629.99426117943,26352.863439414,22724.4222920403,28380.5025006523,7.14447907041723,19.929457586179,30658.5699647387,14.0440553172469,25.8790533342673
2024,5,lwr,94823.313127121,50,6623.22265657508,3311.61132828754,3115.04692736352,3508.17572921155,196.564400924015,-5.93561204616546,25633.3154464197,19072.1201822351,6426.62355336198,25695.3428388102,22187.1671095986,28380.5025006523,9.46128301209751,21.8225008204535,30658.5699647387,16.1887104703086,27.6314350763368
2024,5,upr,99995.8923676351,50,7080.47913784856,3540.23956892428,3330.35976988495,3750.11936796361,209.879799039333,-5.92840667850922,26631.3788264855,19932.5855683113,6833.36496899688,27013.0647061599,23262.9453381963,28380.5025006523,4.81822967884733,18.0319469760566,30658.5699647387,11.8906565530344,24.122536162151
2024,10,fit,102349.447057904,50,7169.70677603463,3584.85338801731,3371.49116909377,3798.21560694086,213.362218923547,-5.95176973308667,27487.8930202947,20538.6160542886,6949.27696600599,27708.3228303232,23910.1072233824,28380.5025006523,2.36845584504228,15.751642442438,30658.5699647387,9.62291175944813,22.0116683495608
2024,10,lwr,98658.9670033769,50,6888.31977653502,3444.15988826751,3239.15261908451,3649.16715745051,205.007269183,-5.95231568317589,26539.0131064247,19722.6125127626,6711.82919322014,26610.9322892976,22961.7651318471,28380.5025006523,6.23516166182756,19.0931692230631,30658.5699647387,13.2023042173734,25.1049048985126
2024,10,upr,106039.927112431,50,7453.89156589815,3726.94578294908,3505.14609235408,3948.74547354407,221.799690594996,-5.9512454302324,28436.7729341646,21354.6195958147,7186.72473879184,28808.5111617129,24859.7656881688,28380.5025006523,-1.50810811419113,12.4054773603906,30658.5699647387,6.03439366269743,18.9141381455146
2024,15,fit,99371.9521255017,50,6981.29845919041,3490.64922959521,3282.69500709092,3698.6034520995,207.954222504292,-5.9574654692075,27323.419562194,20560.9905994556,6762.4289627384,27542.289058646,23843.6856065465,28380.5025006523,2.95348344162342,15.985682050561,30658.5699647387,10.1644692158728,22.2283177787815
2024,15,lwr,96103.4112363854,50,6742.3509207639,3371.17546038195,3170.32591695976,3572.02500380414,200.849543422192,-5.95784899903833,26679.7105194694,20028.530185794,6560.26569497125,26770.8811065579,23198.8561027538,28380.5025006523,5.6715746807422,18.2577683315489,30658.5699647387,12.6805942438025,24.3315779912911
2024,15,upr,102640.493014618,50,7221.92154720863,3610.96077360431,3395.85235051696,3826.06919669167,215.108423087358,-5.95709664474271,27967.1286049186,21093.4510131173,6964.59223050555,28315.3725603259,24489.3033636343,28380.5025006523,0.229488326800691,13.710818322997,30658.5699647387,7.64287899633855,20.1224864962713
2025,5,fit,96805.1783596539,50,6823.88975279002,3411.94487639501,3210.0456894108,3613.84406337922,201.899186984208,-5.91742230013781,25572.8089710667,18972.6819542192,6600.12701684768,25796.5717070092,22182.72764363,28380.5025006523,9.10459846010019,21.8381434820608,30658.5699647387,15.8585291594533,27.6459154189416
2025,5,lwr,93637.6334113108,50,6546.07152040948,3273.03576020474,3079.21190076612,3466.85961964336,193.82385943862,-5.92183751229456,24961.6224680371,18445.7566699159,6351.04978545699,24991.8281903254,21524.968570682,28380.5025006523,11.940149087385,24.1557876919646,30658.5699647387,18.4833858230531,29.7913484045782
2025,5,upr,99972.723307997,50,7105.72385136574,3552.86192568287,3342.77896378369,3762.94488758205,210.08296189918,-5.91306294175227,26183.9954740964,19499.6072385226,6849.20424823838,26605.3310898883,22842.3862023063,28380.5025006523,6.25489774440449,19.5138063472228,30658.5699647387,13.2205738216496,25.4942868223209
2025,10,fit,103009.611278495,50,7225.21879029437,3612.60939514719,3397.96525854495,3827.25353174942,214.644136602238,-5.94152627988427,27294.0195440276,20292.7298011974,7001.28974283025,27517.9485914918,23690.6950597424,28380.5025006523,3.03924819210195,16.5247512471006,30658.5699647387,10.2438612657376,22.7273317477309
2025,10,lwr,98838.8336944189,50,6906.91291944537,3453.45645972268,3248.24712788316,3658.66579156221,205.209331839522,-5.94214330578242,26221.6476530336,19370.5274781286,6732.93932947164,26277.440397574,22618.7746060118,28380.5025006523,7.41023561168446,20.3017120451201,30658.5699647387,14.2900649710786,26.2236476390573
2025,10,upr,107180.388862572,50,7547.09691699332,3773.54845849666,3549.36421184958,3997.73270514375,224.184246647084,-5.94093991670632,28366.3914350217,21214.9321242661,7269.64015618887,28762.0290412594,24764.2963361157,28380.5025006523,-1.34432623452791,12.7418679935407,30658.5699647387,6.18600582369155,19.2255334655276
2025,15,fit,99511.8223619411,50,7004.15757638393,3502.07878819197,3293.75995968843,3710.3976166955,208.318828503532,-5.94843351914083,27106.2729954687,20324.2867960031,6781.98619946565,27328.444372387,23618.0467556915,28380.5025006523,3.70697498481954,16.7807308727226,30658.5699647387,10.8619730019428,22.9642909540291
2025,15,lwr,95945.3133385329,50,6743.30792874695,3371.65396437348,3171.07880474227,3572.22912400468,200.575159631205,-5.94886550489995,26403.8818713523,19743.2859964551,6561.39323668703,26486.593925202,22914.3648011974,28380.5025006523,6.67327358071522,19.2601864583944,30658.5699647387,13.6078624813061,25.2595120139268
2025,15,upr,103078.331385349,50,7267.00152121124,3633.50076060562,3417.37935045409,3849.62217075715,216.12141015153,-5.94802160205157,27808.6641195851,20905.2875955511,7002.57916224428,28172.2891167623,24322.6669460052,28380.5025006523,0.733649391462237,14.2979693701824,30658.5699647387,8.10957866213559,20.6660096215206
2026,5,fit,96200.75397193,50,6797.10032239998,3398.55016119999,3197.9340802151,3599.16624218488,200.616080984889,-5.90299014195082,25013.2708056811,18443.011033165,6570.25977251594,25240.111355565,21640.9451133801,28380.5025006523,11.0653119866892,23.7471390336281,30658.5699647387,17.6735529915637,29.4130641505133
2026,5,lwr,92442.9622741204,50,6468.17304564299,3234.08652282149,3043.00987318255,3425.16317246043,191.07664963894,-5.90821081287092,24288.1945701886,17817.8974227783,6274.7689846984,24286.0704684213,20860.9072959609,28380.5025006523,14.4269187345675,26.495637998371,30658.5699647387,20.7853774773142,31.9573374754479
2026,5,upr,99958.5456697396,50,7131.67235852033,3565.83617926017,3355.52839713318,3776.14396138715,210.307782126984,-5.89785316976108,25738.3470411737,19068.1246435518,6865.75056033347,26199.7970020721,22423.653040685,28380.5025006523,7.68381567074101,20.9892318144487,30658.5699647387,14.5433168206956,26.8600816460942
2026,10,fit,103669.775499087,50,7280.71945502916,3640.35972751458,3424.43887526993,3856.28057975923,215.920852244652,-5.93130537657252,27100.1460677607,20046.8435481061,7053.30251965454,27327.5630031353,23471.282423376,28380.5025006523,3.71008052973284,17.2978617174359,30658.5699647387,10.8648477911218,23.442996687807
2026,10,lwr,99010.3205865365,50,6924.79149711062,3462.39574855531,3257.00663295044,3667.78486416018,205.389115604872,-5.93199421789292,25902.127622795,19016.5895827561,6753.51030426946,25941.3810798667,22273.5962157065,28380.5025006523,8.59435600454755,21.517963907811,30658.5699647387,15.3861999770288,27.3495266043914
2026,10,upr,108329.230411637,50,7641.10437782521,3820.5521889126,3593.96828910343,4047.13608872178,226.583899809175,-5.93065841285274,28298.1645127263,21077.0975134561,7353.09473503961,28718.2018912813,24671.0658025595,28380.5025006523,-1.18989926489586,13.0703700472094,30658.5699647387,6.32895818588102,19.529626362435
2026,15,fit,99651.6925983805,50,7027.02194618159,3513.5109730908,3304.82835823971,3722.19358794188,208.682614851081,-5.93943256330591,26889.1264287434,20087.5829925506,6801.54343619291,27114.6049387322,23392.4113507903,28380.5025006523,4.46044802022449,17.5757675529083,30658.5699647387,11.5594596554325,23.7002528895034
2026,15,lwr,95782.455531316,50,6743.90439288443,3371.95219644221,3171.66105811114,3572.24333477328,200.291138331071,-5.9399163055277,26127.1158028987,19457.2663958868,6562.22637216345,26201.1707887712,22628.9274539979,28380.5025006523,7.67897507040611,20.2659380203792,30658.5699647387,14.5388358983934,26.1905317827149
2026,15,upr,103520.929665445,50,7312.48593559765,3656.24296779883,3439.0995958081,3873.38633978955,217.143371990725,-5.9389754429108,27651.1370545882,20717.8995892143,7040.86050022237,28030.385524812,24156.9991850224,28380.5025006523,1.23365319494361,14.8817073113234,30658.5699647387,8.57242996966102,21.2063732496132
2027,5,fit,95596.3295842058,50,6770.14352175314,3385.07176087657,3185.73521182604,3584.4083099271,199.336549050532,-5.88869492677797,24453.7326402953,17913.3401121111,6540.39252818418,24683.4836338642,21099.0753239371,28380.5025006523,13.0266152500404,25.6564420469574,30658.5699647387,19.4891227403841,31.1804974980771
2027,5,lwr,91242.9554522356,50,6389.85216816471,3194.92608408235,3006.59386188574,3383.25830627896,188.33222219661,-5.89472861782039,23613.7371373142,17189.1505774472,6198.06861686409,23579.0027456119,20195.7444393329,28380.5025006523,16.9183042299199,28.8393697790631,30658.5699647387,23.0916420017933,34.1269196098818
2027,5,upr,99949.7037161759,50,7158.00110458433,3579.00055229217,3368.45579536529,3789.54530921904,210.544756926877,-5.88278078895612,25293.7281432763,18637.5296467749,6882.71643950427,25795.5307513592,22005.9854421402,28380.5025006523,9.10826631499444,22.4609027213863,30658.5699647387,15.8619244764925,28.2224008900288
2027,10,fit,104329.939719678,50,7336.20829255018,3668.10414627509,3450.91177591536,3885.29651663482,217.192370359729,-5.92110697239294,26906.2725914936,19800.9572950148,7105.3152964788,27137.165587565,23251.8690709302,28380.5025006523,4.38095454109295,18.0709747109103,30658.5699647387,11.4858728936927,24.1586639635417
2027,10,lwr,99175.8106650633,50,6942.13592283714,3471.06796141857,3265.51590327946,3676.62001955767,205.552058139105,-5.9218678638346,25581.0657183612,18661.3257294984,6773.6954403661,25603.4616523355,21926.8416327779,28380.5025006523,9.78503057954289,22.7397695573787,30658.5699647387,16.4884021603656,28.4805466856525
2027,10,upr,109484.068774293,50,7735.73248195108,3867.86624097554,3638.87302779588,4096.85945415519,228.993213179655,-5.92040155767897,28231.479464626,20940.5888605311,7436.9351525915,28676.3213424822,24579.461888327,28380.5025006523,-1.04233123364563,13.3931406332145,30658.5699647387,6.46556125917277,19.8284136650975
2027,15,fit,99791.56283482,50,7049.89141721158,3524.94570860579,3315.90012974103,3733.99128747054,209.045578864755,-5.93046237150239,26671.9798620182,19850.8791890981,6821.10067292017,26900.7706063097,23166.7793188391,28380.5025006523,5.21390308120377,18.3707923483502,30658.5699647387,12.2569296700759,24.4362038233228
2027,15,lwr,95615.8729343239,50,6744.21568788072,3372.10784394036,3172.1080874426,3572.10760043812,199.999756497758,-5.93100119431695,25849.6161713838,19170.6400098531,6562.82912481822,25914.8556977338,22342.7480972957,28380.5025006523,8.68781940299263,21.274304086821,30658.5699647387,15.4727186312367,27.1239717867052
2027,15,upr,103967.252735316,50,7358.29908186952,3679.14954093476,3460.97751703229,3897.32156483722,218.172023902464,-5.92995803717815,27494.3435526526,20531.118368343,7079.37222102212,27889.4174502125,23992.0958853753,28380.5025006523,1.73036066020501,15.4627516379463,30658.5699647387,9.03222987148804,21.7442434106702
2028,5,fit,94991.9051964817,50,6743.02059207686,3371.51029603843,3173.44970354668,3569.57088853019,198.060592491753,-5.8745361900415,23894.1944749095,17383.6691910571,6510.52528385243,24126.689783134,20557.1188946038,28380.5025006523,14.9885038766335,27.5660503399075,30658.5699647387,21.3052343573664,32.9482134416344
2028,5,lwr,90039.5376145957,50,6311.28034691057,3155.64017345529,2970.04466176035,3341.23568515022,185.595511694939,-5.88139019322094,22938.6215395756,16559.8363051418,6121.10002667639,22871.1166520524,19529.8809669021,28380.5025006523,19.4125732920807,31.1855702116153,30658.5699647387,25.4005758313023,36.2987869644148
2028,5,upr,99944.2727783677,50,7184.54000401877,3592.27000200938,3381.4811028611,3803.05890115767,210.788899148285,-5.86784676626138,24849.7674102433,18207.5020769724,6899.95054102847,25392.0420809912,21588.9831798335,28380.5025006523,10.5299771193003,23.9302292856256,30658.5699647387,17.1779958745784,29.5825499863053
2028,10,fit,104990.103940269,50,7391.68482681893,3695.84241340946,3477.38371787477,3914.30110894415,218.458695534692,-5.91093101648674,26712.3991152266,19555.0710419235,7157.32807330308,26946.7558687424,23032.4547597983,28380.5025006523,5.05187190352574,18.8440910823588,30658.5699647387,12.1069381261596,24.8743343662521
2028,10,lwr,99336.8779281201,50,6959.06538936194,3479.53269468097,3273.83094016045,3685.23444920149,205.701754520519,-5.91176380767933,25258.8666391697,18305.0839457185,6793.59600977569,25264.1493350804,21578.9148858789,28380.5025006523,10.9806130652558,23.9657053803646,30658.5699647387,17.5951475749278,29.6153900501639
2028,10,upr,110643.329952419,50,7830.86098897302,3915.43049448651,3684.02190178896,4146.83908718406,231.408592697549,-5.91016985292947,28165.9315912835,20805.0581381285,7521.06013683048,28635.9191271015,24489.0800399175,28380.5025006523,-0.899972177882873,13.7116052143382,30658.5699647387,6.59734240691425,20.1232149181027
2028,15,fit,99931.4330712594,50,7072.76583815725,3536.38291907863,3326.97520121164,3745.79063694561,209.407717866982,-5.92152271568887,26454.8332952929,19614.1753856455,6840.65790964742,26686.9412238028,22941.1505868571,28380.5025006523,5.96734070092883,19.1658055161995,30658.5699647387,12.9543835394274,25.1721439935313
2028,15,lwr,95446.3289915383,50,6744.29743513966,3372.14871756983,3172.44602436232,3571.85141077734,199.702693207513,-5.92211998738392,25571.5333300726,18883.5312069063,6563.24871459912,25627.828642046,22055.9772312686,28380.5025006523,9.69917237562329,22.2847543634519,30658.5699647387,16.4089236010641,28.0593411348415
2028,15,upr,104416.537150981,50,7404.38500543012,3702.19250271506,3482.98682360061,3921.3981818295,219.205679114446,-5.92096923522176,27338.1332605132,20344.8195643847,7118.06710469573,27749.2045698148,23827.8063879853,28380.5025006523,2.22440716411901,16.0416332042125,30658.5699647387,9.48956653317499,22.2801115140388
2029,5,fit,94387.4808087578,50,6715.7327671133,3357.86638355665,3161.07817136419,3554.6545957491,196.788212192455,-5.86051348428036,23334.6563095236,16853.9982700029,6480.65803952068,23569.7310371162,20015.0764413671,28380.5025006523,16.950973519322,29.4759617420197,30658.5699647387,23.1218838183763,34.7162099720013
2029,5,lwr,88833.8123415416,50,6232.55624518033,3116.27812259016,2933.40881143925,3299.14743374108,182.869311150912,-5.86819609666021,22263.0607158323,15930.1381879083,6043.94999324668,22162.6944330886,18863.5469993476,28380.5025006523,21.9087314166504,33.5334284552784,30658.5699647387,27.711258357521,38.4721889473545
2029,5,upr,99941.1492759739,50,7211.19175924247,3605.59587962124,3394.55851684656,3816.63324239591,211.037362774674,-5.85305091919628,24406.251903215,17777.8583520975,6917.36608579468,24989.05011134,21172.4168689441,28380.5025006523,11.9499377758881,25.3980197550856,30658.5699647387,18.492447168669,30.9412771264444
2029,10,fit,105650.268160861,50,7447.14858343772,3723.57429171886,3503.8544592848,3943.29412415292,219.719832434061,-5.90077745790416,26518.5256389595,19309.1847888322,7209.34085012737,26756.3333722699,22813.039248117,28380.5025006523,5.72283428859321,19.617211683998,30658.5699647387,12.7280450358802,25.5900086848313
2029,10,lwr,99494.5980770649,50,6975.66137151699,3487.83068575849,3281.99002085076,3693.67135066623,205.840664907735,-5.90168168851268,24935.8069647972,17948.1020801798,6813.28122378993,24923.7634516968,21230.0921010306,28380.5025006523,12.1799783103772,25.1947984340918,30658.5699647387,18.7053946731295,30.7531560491964
2029,10,upr,111805.938244657,50,7926.40738183097,3963.20369091548,3729.37611143887,4197.03127039209,233.82757947661,-5.89996370897092,28101.2443131219,20670.2674974845,7605.40047646481,28596.6748793155,24399.6436089234,28380.5025006523,-0.76169327395877,14.0267385739115,30658.5699647387,6.72534657616021,20.4149324740648
2029,15,fit,100071.303307699,50,7095.64505775684,3547.82252887842,3338.05349969359,3757.59155806325,209.769029184835,-5.91261336995765,26237.6867285676,19377.471582193,6860.21514637469,26473.1166399498,22715.5250818866,28380.5025006523,6.72076141237675,19.9608073135263,30658.5699647387,13.6518217568617,25.9080736380974
2029,15,lwr,95274.3967145263,50,6744.19140744355,3372.09570372177,3172.69449522868,3571.49691221487,199.401208493096,-5.91327251694007,25292.9801283191,18596.0333332784,6563.52058297525,25340.2247407219,21768.7278285071,28380.5025006523,10.7125578902645,23.2968907861771,30658.5699647387,17.3470100860332,28.9962713409532
2029,15,upr,104868.209900871,50,7450.70160090098,3725.35080045049,3505.1077305225,3945.59387037848,220.243069927988,-5.91200887447581,27182.3933288162,20158.9098311077,7156.90970977413,27609.6114320087,23664.0175616302,28380.5025006523,2.7162699766359,16.6187506331634,30658.5699647387,9.94488176140216,22.8143465633039
2030,5,fit,93783.0564210336,50,6688.28127318862,3344.14063659431,3148.62122797665,3539.66004521197,195.519408617657,-5.84662637922953,22775.1181441378,16324.3273489489,6450.79079518893,23012.6086221375,19472.9485769256,28380.5025006523,18.9140198570882,31.3861740944228,30658.5699647387,24.9390671234667,36.4844850907203
2030,5,lwr,87626.4556815172,50,6153.74062266369,3076.87031133184,2896.7150126074,3257.02561005629,180.155298724445,-5.85514761740034,21587.1851114896,15300.1686872987,5966.67167707546,21453.9093099624,18196.8836999061,28380.5025006523,24.4061682506528,35.8824471149239,30658.5699647387,30.023124579401,40.6466651222322
2030,5,upr,99939.65716055,50,7237.89696869112,3618.94848434556,3407.66006812065,3830.23690057047,211.288416224912,-5.83839248165259,23963.051176786,17348.4860105992,6934.9099133024,24586.3829792903,20756.1460787199,28380.5025006523,13.3687538523138,26.8647689439509,30658.5699647387,19.8058389299702,32.2990403577463
2030,10,fit,106310.432381452,50,7502.59908964044,3751.29954482022,3530.32375902152,3972.27533061892,220.975785798697,-5.89064624561426,26324.6521626925,19063.2985357409,7261.35362695163,26565.8976253813,22593.6222947624,28380.5025006523,6.39384336210839,20.3903373654391,30658.5699647387,13.3491951648901,26.3056877057606
2030,10,lwr,99649.7285282602,50,6991.98124746366,3495.99062373183,3290.02009918763,3701.96114827603,205.970524544199,-5.89162119446229,24612.08143879,17590.5476055217,6832.79981504679,24582.5288529854,20880.5677047093,28380.5025006523,13.3823340428156,26.4263636479678,30658.5699647387,19.8184100522026,31.8932105159351
2030,10,upr,112971.136234643,50,8022.31324552581,4011.15662276291,3774.90818296589,4247.40506255992,236.248439797011,-5.88978347183766,28037.222886595,20536.0494659601,7689.90743885648,28558.3627114859,24310.957648926,28380.5025006523,-0.626698596437919,14.3392276145666,30658.5699647387,6.8503105515629,20.70420219571
2030,15,fit,100211.173544138,50,7118.52892480317,3559.26446240159,3349.13495225156,3769.39397255161,210.129510150029,-5.90373411050904,26020.5401618424,19140.7677787405,6879.77238310194,26259.2967035437,22489.9027309921,28380.5025006523,7.47416574833329,20.7557979973218,30658.5699647387,14.3492448155761,26.6439929949168
2030,15,lwr,95100.5132229879,50,6743.92949376005,3371.96474688002,3172.86848348997,3571.06101027008,199.096263390054,-5.90445862680717,25014.0426528246,18308.2175977881,6563.67176633682,25052.1470915482,21481.0860812781,28380.5025006523,11.7276126771457,24.3104096525974,30658.5699647387,18.2866418089254,29.9344812690739
2030,15,upr,105321.833865289,50,7497.21664731039,3748.6083236552,3527.32509598373,3969.89155132666,221.283227671462,-5.90307678385809,27027.0376708601,19973.3179596929,7195.87299986706,27470.5346070033,23500.6430556766,28380.5025006523,3.20631353735929,17.1944081852092,30658.5699647387,10.3985129162973,23.3472302109805
