Year,Animal,time_sample,status,Pop_in_1000s,Red_in_perc,Ym_org_in_perc,Ym_upd_in_perc,DE_org_in_perc,DE_upd_in_perc,NEs_total,GE_org_in_MJ_per_head_per_day,GE_upd_in_MJ_per_head_per_day,EnterFe_CH4_emis_org_in_kt,EnterFe_CH4_emis_upd_in_kt_Ym,EnterFe_CH4_emis_upd_in_kt_Ym_DE
2023,Dairy cattle,5,fit,18598.4177876498,10,6.08221506482228,5.47399355834005,65.2134113860689,65.8216328925511,88.5394953651687,263.863130637886,260.408860857232,1957.69115447935,1761.92203903141,1738.85646696539
2023,Dairy cattle,5,lwr,18352.2266138994,10,6.07843680026208,5.47059312023587,65.1980305021315,65.8058741821577,87.8448883080849,261.88106786558,258.45344044119,1916.07483811107,1724.46735429997,1701.89668264264
2023,Dairy cattle,5,upr,18844.6089614003,10,6.08599332938249,5.47739399644424,65.2287922700063,65.8373916029446,89.2341024222525,265.843869061351,262.362964396884,1999.73729731509,1799.76356758358,1776.1978354888
2023,Dairy cattle,10,fit,18896.0817262776,10,6.0743781116202,5.46694030045818,65.2003576069507,65.8077954181127,88.3317509532087,263.319100667789,259.875132657936,1982.3650828392,1784.12857455528,1760.79383840947
2023,Dairy cattle,10,lwr,18631.4502575792,10,6.06587301982264,5.45928571784038,65.1880321991192,65.7946195011015,87.9907091071467,262.373111738654,258.945125720818,1944.85397088415,1750.36857379574,1727.49946591624
2023,Dairy cattle,10,upr,19160.713194976,10,6.08288320341775,5.47459488307598,65.2126830147822,65.820971335124,88.6727927992707,264.264584687929,260.804617844339,2020.16949541832,1818.15254587649,1794.34781421806
2023,Dairy cattle,15,fit,18955.0182445382,10,6.06668146948878,5.4600133225399,65.1918555093669,65.7985236563158,88.0853334407939,262.633316902123,259.201830106248,1980.85604025209,1782.77043622688,1759.47730158521
2023,Dairy cattle,15,lwr,18776.0239202605,10,6.05834479043524,5.45251031139172,65.1807195570635,65.786554036107,87.7954778258481,261.832818286921,258.415409305054,1953.48190234265,1758.13371210838,1735.18677223128
2023,Dairy cattle,15,upr,19134.0125688158,10,6.07501814854233,5.4675163336881,65.2029914616702,65.8104932765244,88.3751890557397,263.433429619282,259.987850267885,2008.40926584555,1807.56833926099,1783.92623675716
2024,Dairy cattle,5,fit,18520.1970514477,10,6.08125862620943,5.47313276358849,65.219301913627,65.8274277762479,89.2756732009752,266.022840716801,262.541383506932,1965.10472265824,1768.59425039242,1745.4485491144
2024,Dairy cattle,5,lwr,18205.2682438236,10,6.07642545394453,5.46878290855008,65.1996266207851,65.8072691661796,88.3871288680397,263.488392223931,260.040998383807,1911.76470743217,1720.58823668895,1698.07663669592
2024,Dairy cattle,5,upr,18835.1258590718,10,6.08609179847433,5.4774826186269,65.2389772064689,65.8475863863163,90.1642175339108,268.55512360587,265.039615234755,2019.14804805709,1817.23324325138,1793.4448358915
2024,Dairy cattle,10,fit,18917.5607387033,10,6.07099099616232,5.46389189654609,65.2019259198834,65.8090250194996,89.0030927019684,265.311294812403,261.843322266244,1998.51844434119,1798.66659990707,1775.15562804067
2024,Dairy cattle,10,lwr,18614.4810647078,10,6.06125020281682,5.45512518253514,65.1878097582424,65.7939347785241,88.6125010159845,264.228472644103,260.778817884895,1955.33176346693,1759.79858712024,1736.82340389884
2024,Dairy cattle,10,upr,19220.6404126989,10,6.08073178950781,5.47265861055703,65.2160420815243,65.8241152604751,89.3936843879523,266.393455171652,262.907142776999,2042.09032741152,1837.88129467037,1813.82879558258
2024,Dairy cattle,15,fit,18990.3255559073,10,6.0616423048476,5.45547807436284,65.1916448827882,65.797809113273,88.7021734514167,264.473691172009,261.020967628142,1996.79227393278,1797.1130465395,1773.6516031752
2024,Dairy cattle,15,lwr,18793.7864328529,10,6.05248847498746,5.44723962748871,65.1794173984313,65.7846662459301,88.3839065532694,263.59519591684,260.157942558626,1966.58827331765,1769.92944598588,1746.84975399508
2024,Dairy cattle,15,upr,19186.8646789616,10,6.07079613470775,5.46371652123698,65.2038723671451,65.8109519806159,89.020440349564,265.351721460192,261.883509977193,2027.21245935733,1824.4912134216,1800.64466988987
2025,Dairy cattle,5,fit,18441.9763152456,10,6.08030218759657,5.47227196883691,65.2251924411852,65.8332226599449,90.0118510367815,268.181996221784,264.673376136151,1972.37704222409,1775.13933800168,1751.91522294603
2025,Dairy cattle,5,lwr,18056.2688732545,10,6.07438278465258,5.46694450618732,65.201095227184,65.8085335056493,88.9236109220146,265.079177185209,261.612254498984,1906.92441330756,1716.23197197681,1693.78568395957
2025,Dairy cattle,5,upr,18827.6837572367,10,6.08622159054056,5.4775994314865,65.2492896551864,65.8579118142405,91.1000911515485,271.281569119722,267.731269918762,2038.88457326783,1834.99611594105,1810.98126942814
2025,Dairy cattle,10,fit,18939.0397511291,10,6.06760388070444,5.460843492634,65.203494232816,65.8102546208864,89.6744344507279,267.303352499366,263.811407870069,2014.68557756053,1813.21701980447,1789.52987418938
2025,Dairy cattle,10,lwr,18596.5157727271,10,6.05659537180146,5.45093583462131,65.1875409233074,65.7932004604875,89.2330092094696,266.080293571806,262.609066253544,1965.62446975523,1769.0620227797,1745.98321322662
2025,Dairy cattle,10,upr,19281.5637295311,10,6.07861238960741,5.47075115064667,65.2194475423246,65.8273087812853,90.1158596919861,268.525566751551,265.012876671359,2064.23929359143,1857.81536423229,1833.51254018572
2025,Dairy cattle,15,fit,19025.6328672763,10,6.05660314020642,5.45094282618578,65.1914342562096,65.7970945702303,89.3190134620397,266.314082387539,262.840161068875,2012.75102853587,1811.47592568228,1787.846214553
2025,Dairy cattle,15,lwr,18811.1767599166,10,6.04661482496042,5.44195334246438,65.1780920846498,65.7827535671459,88.9717325796514,265.356010748832,261.898983545997,1979.63395446728,1781.67055902055,1758.45916248334
2025,Dairy cattle,15,upr,19240.0889746361,10,6.06659145545243,5.45993230990719,65.2047764277693,65.8114355733146,89.666294344428,267.27160076432,263.780764215217,2046.12581984056,1841.5132378565,1817.46121849499
2026,Dairy cattle,5,fit,18363.7555790435,10,6.07934574898372,5.47141117408535,65.2310829687433,65.8390175436417,90.7480288725881,270.340597391996,266.804838966316,1979.50823232809,1781.55740909528,1758.25659271472
2026,Dairy cattle,5,lwr,17906.1746300957,10,6.07232331249057,5.46509098124151,65.2024954310159,65.809727762265,89.4570038878807,266.661050459689,263.174733922041,1901.71303775097,1711.54173397588,1689.16510176151
2026,Dairy cattle,5,upr,18821.3365279913,10,6.08636818547686,5.47773136692917,65.2596705064707,65.8683073250184,92.0390538572954,274.015578873091,270.430404252262,2058.78801541732,1852.90921387559,1828.66605545516
2026,Dairy cattle,10,fit,18960.5187635549,10,6.06421676524656,5.4577950887219,65.2050625457487,65.8114842222734,90.3457761994875,269.295273744359,265.779389478639,2030.86642380378,1827.7797814234,1803.91652498612
2026,Dairy cattle,10,lwr,18577.8622920315,10,6.05191842282627,5.44672658054364,65.1872400354702,65.7924318777528,89.8526305048437,267.929679365379,264.436957171128,1975.77426713576,1778.19684042218,1755.01632684488
2026,Dairy cattle,10,upr,19343.1752350782,10,6.07651510766684,5.46886359690016,65.2228850560271,65.8305365667938,90.8389218941314,270.659814671609,267.120733261278,2086.57415670618,1877.91674103556,1853.3615619211
2026,Dairy cattle,15,fit,19060.9401786454,10,6.05156397556524,5.44640757800872,65.1912236296309,65.7963800271874,89.9358534726628,268.154490548976,264.659410431332,2028.73217559903,1825.85895803913,1802.06102227158
2026,Dairy cattle,15,lwr,18828.280871068,10,6.04072784439785,5.43665505995807,65.1767489642326,65.7808217486724,89.5590951204476,267.115649306367,263.63891209367,1992.6313841725,1793.36824575525,1770.02603374978
2026,Dairy cattle,15,upr,19293.5994862228,10,6.06240010673264,5.45616009605938,65.2056982950292,65.8119383057025,90.3126118248779,269.192681026129,265.679233179826,2065.13666822459,1858.62300140213,1834.3646339143
2027,Dairy cattle,5,fit,18285.5348428414,10,6.07838931037086,5.47055037933377,65.2369734963014,65.8448124273385,91.4842067083944,272.498644466456,268.935772218724,1986.49841205676,1787.84857085108,1764.47276262017
2027,Dairy cattle,5,lwr,17755.4306682026,10,6.07025386917797,5.46322848226017,65.2038550434314,65.8108804303492,89.988563728655,268.23760072989,264.731977075017,1896.20556548155,1706.5850089334,1684.28148116515
2027,Dairy cattle,5,upr,18815.6390174801,10,6.08652475156375,5.47787227640738,65.2700919491714,65.8787444243278,92.9798496881338,276.753565162889,273.13347875092,2078.78361423436,1870.90525281092,1846.43279956611
2027,Dairy cattle,10,fit,18981.9977759806,10,6.06082964978868,5.45474668480981,65.2066308586813,65.8127138236602,91.017117948247,271.28705856306,267.74726710118,2047.06092438556,1842.354831947,1818.31552856695
2027,Dairy cattle,10,lwr,18558.7163246455,10,6.04722564563333,5.44250308107,65.1869162096984,65.7916387742617,90.4716171116414,269.777332177463,266.263181032268,1985.80801411865,1787.22721270679,1763.94658158198
2027,Dairy cattle,10,upr,19405.2792273157,10,6.07443365394402,5.46699028854962,65.2263455076642,65.8337888730586,91.5626187848526,272.795496866748,269.230022230323,2109.06799842465,1898.16119858219,1873.35197083787
2027,Dairy cattle,15,fit,19096.2474900145,10,6.04652481092407,5.44187232983166,65.1910130030523,65.7956654841447,90.5526934832856,269.994915656579,266.478715718396,2044.73558665753,1840.26202799178,1816.29591287688
2027,Dairy cattle,15,lwr,18845.1610086053,10,6.03483043224117,5.43134738901705,65.1753919095216,65.7788749527457,90.1460949681251,268.874391407224,265.378003172942,2005.58955971217,1805.03060374095,1781.55835064757
2027,Dairy cattle,15,upr,19347.3339714238,10,6.05821918960696,5.45239727064626,65.2066340965829,65.8124560155436,90.959291998446,271.114682445774,267.578641924096,2084.23576654846,1875.81218989361,1851.34672068817
2028,Dairy cattle,5,fit,18207.3141066393,10,6.077432871758,5.4696895845822,65.2428640238595,65.8506073110353,92.2203845442009,274.656137684044,271.066176114552,1993.34770043212,1794.01293038891,1770.56383680747
2028,Dairy cattle,5,lwr,17604.2713517738,10,6.06817805147226,5.46136024632503,65.2051887064198,65.812006511567,90.5189516826093,269.810717308202,266.285847861793,1890.44158346398,1701.39742511758,1679.1699767055
2028,Dairy cattle,5,upr,18810.3568615048,10,6.08668769204375,5.47801892283938,65.2805393412992,65.8892081105036,93.9218174057925,279.493639655154,275.838630447606,2098.83200716659,1888.94880644993,1864.24654385576
2028,Dairy cattle,10,fit,19003.4767884064,10,6.0574425343308,5.45169828089772,65.2081991716139,65.813943425047,91.6884596970067,273.278706971146,269.715040746919,2063.26902062859,1856.94211856573,1832.72683307342
2028,Dairy cattle,10,lwr,18539.207134738,10,6.04252119469311,5.4382690752238,65.1865754665671,65.7908275860364,91.0901356181041,271.623715757645,268.088193820619,1995.74348830557,1796.16913947501,1772.78975458768
2028,Dairy cattle,10,upr,19467.7464420747,10,6.07236387396849,5.46512748657164,65.2298228766608,65.8370592640577,92.2867837759093,274.932149674921,271.340287673013,2131.70298136839,1918.53268323155,1893.4679367024
2028,Dairy cattle,15,fit,19131.5548013836,10,6.04148564628289,5.4373370816546,65.1908023764736,65.7949509411019,91.1695334939086,271.835357710611,268.298076932954,2060.76113324431,1854.68501991988,1830.55077290792
2028,Dairy cattle,15,lwr,18861.8630788259,10,6.02892472658091,5.42603225392282,65.1740237765312,65.7769162491893,90.7328064613437,270.632443413705,267.116459573947,2018.51510588048,1816.66359529243,1793.06199098086
2028,Dairy cattle,15,upr,19401.2465239412,10,6.05404656598486,5.44864190938637,65.207580976416,65.8129856330145,91.6062605264735,273.03739867889,269.478787682278,2103.4162493434,1893.07462440906,1868.40138840393
2029,Dairy cattle,5,fit,18129.0933704372,10,6.07647643314515,5.46882878983064,65.2487545514177,65.8564021947322,92.9565623800072,276.813077283501,273.196050874846,2000.05621641165,1800.05059477048,1776.52991936709
2029,Dairy cattle,5,lwr,17452.8310622173,10,6.06609792170777,5.45948812953699,65.206504815509,65.8131146076798,91.0485468952382,271.381483481692,267.83741499976,1884.44388451134,1695.99949606021,1673.85082813252
2029,Dairy cattle,5,upr,18805.3556786571,10,6.08685494458253,5.47816945012428,65.2910042873263,65.8996897817846,94.8645778647762,282.234720040227,278.544791560716,2118.91062577751,1907.01956319976,1882.08724517655
2029,Dairy cattle,10,fit,19024.9558008321,10,6.05405541887292,5.44864987698563,65.2097674845466,65.8151730264339,92.3598014457664,275.270218984289,271.682710425077,2079.49065386362,1871.54158847725,1847.15038665253
2029,Dairy cattle,10,lwr,18519.4230639915,10,6.03780790925266,5.43402711832739,65.1862219206558,65.7900027115811,91.7082998739204,273.469147023807,269.912307147354,2005.59286888443,1805.03358199598,1781.55665418657
2029,Dairy cattle,10,upr,19530.4885376728,10,6.07030292849317,5.46327263564385,65.2333130484373,65.8403433412866,93.0113030176124,277.069456265751,273.451218056319,2154.46686661678,1939.02017995511,1913.69859814479
2029,Dairy cattle,15,fit,19166.8621127527,10,6.03644648164171,5.43280183347754,65.190591749895,65.7942363980592,91.7863735045316,273.675816711334,270.11749407789,2076.8086868899,1869.12781820091,1844.82548889674
2029,Dairy cattle,15,lwr,18878.421537224,10,6.02301233218526,5.42071109896673,65.1726467088753,65.7749479420938,91.31928539583,272.389960204932,268.854433497033,2031.41298257815,1828.27168432033,1804.54135533043
2029,Dairy cattle,15,upr,19455.3026882814,10,6.04988063109815,5.44489256798834,65.2085367909146,65.8135248540244,92.2534616132333,274.960674864292,271.379518278407,2122.67291604171,1910.40562443754,1885.52402387032
2030,Dairy cattle,5,fit,18050.8726342351,10,6.07551999453229,5.46796799507906,65.2546450789758,65.862197078429,93.6927402158137,278.969463503429,275.325396720533,2006.62407888836,1805.96167099952,1782.37111433491
2030,Dairy cattle,5,lwr,17301.1921209904,10,6.06401474326143,5.45761326893529,65.2078085137622,65.8142099880884,91.5775816293981,272.950562859398,269.387333171779,1878.22651536168,1690.40386382552,1668.33650785985
2030,Dairy cattle,5,upr,18800.5531474798,10,6.08702524580316,5.47832272122284,65.3014816441894,65.9101841687697,95.8078988022293,284.976143685476,281.251308342226,2139.00564767008,1925.10508290307,1899.94262769004
2030,Dairy cattle,10,fit,19046.4348132579,10,6.05066830341504,5.44560147307354,65.2113357974792,65.8164026278207,93.0311431945258,277.26159461816,273.65027614488,2095.72576542947,1886.15318888652,1861.58613745683
2030,Dairy cattle,10,lwr,18499.4263150193,10,6.03308778846553,5.42977900961898,65.1858584690978,65.7891672479444,92.3261900422479,275.313849112222,271.735740413015,2015.36475655437,1813.82828089893,1790.2549126442
2030,Dairy cattle,10,upr,19593.4433114964,10,6.06824881836454,5.46142393652809,65.2368131258607,65.8436380076972,93.7360963468038,279.207193590437,275.562594057818,2177.35099378209,1959.61589440388,1934.03626989273
2030,Dairy cattle,15,fit,19202.1694241218,10,6.03140731700053,5.42826658530048,65.1903811233163,65.7935218550164,92.4032135151547,275.516292659011,271.93696715609,2092.8781191225,1883.59030721025,1859.11994736842
2030,Dairy cattle,15,lwr,18894.8626680422,10,6.01709447324551,5.41538502592096,65.1712623418018,65.7729717891264,91.9055743351422,274.147059925252,270.592041045385,2044.2869605277,1839.85826447493,1815.99978914322
2030,Dairy cattle,15,upr,19509.4761802013,10,6.04572016075554,5.44114814467999,65.2094999048309,65.8140719209065,92.9008526951671,276.884392875569,273.280717633687,2142.00175526134,1927.80157973521,1902.71106902782
2023,Non-dairy cattle,5,fit,79415.6093474522,10,6.00649436938864,5.40584493244978,66.9691664236162,67.5698158605551,54.7743091989109,157.233849732115,155.291742713529,4919.27034556408,4427.34331100768,4372.65804741689
2023,Non-dairy cattle,5,lwr,77640.004922149,10,5.99349343900888,5.39414409510799,66.8589751871031,67.458324531004,54.4660755799899,156.709222754534,154.772274767182,4782.86189585259,4304.57570626734,4251.37054639161
2023,Non-dairy cattle,5,upr,81191.2137727553,10,6.01949529976839,5.41754576979155,67.0793576601294,67.6813071901063,55.0825428178319,157.756271391757,155.809035309056,5056.88925181642,4551.20032663478,4495.02340626617
2023,Non-dairy cattle,10,fit,82793.2011110352,10,6.01955639873036,5.41760075885733,66.8695116642911,67.4714673041641,54.5772518357385,156.994506541196,155.046237327649,5131.81880875929,4618.63692788336,4561.32060304249
2023,Non-dairy cattle,10,lwr,79835.5209540256,10,6.00252750316155,5.4022747528454,66.7524616178725,67.3527143681887,54.3265052109475,156.656688241017,154.712206695153,4923.87431997853,4431.48688798067,4376.4816113393
2023,Non-dairy cattle,10,upr,85750.8812680448,10,6.03658529429917,5.43292676486925,66.9865617107097,67.5902202401396,54.8279984605295,157.330901814144,155.378863529781,5341.6036652932,4807.44329876388,4747.79631739605
2023,Non-dairy cattle,15,fit,80277.0636445241,10,6.02214282980893,5.41992854682804,66.8431899952639,67.4454042782448,54.5427359245891,156.981611242461,155.031362101099,4977.58870577613,4479.82983519851,4424.17500900329
2023,Non-dairy cattle,15,lwr,77479.2955882172,10,6.01032100028094,5.40928890025285,66.7614849780843,67.3625170781124,54.3673273599418,156.744744807335,154.797130646514,4787.44740721321,4308.70266649189,4255.16536711803
2023,Non-dairy cattle,15,upr,83074.831700831,10,6.03396465933691,5.43056819340322,66.9248950124434,67.5282914783771,54.7181444892365,157.217779739923,155.264904721163,5168.94114152323,4652.04702737091,4594.26179187858
2024,Non-dairy cattle,5,fit,78889.4056959304,10,5.99606929217794,5.39646236296015,67.0497487629573,67.6493556921751,54.9474433735263,157.466300444852,155.528641343088,4885.40584148251,4396.86525733426,4342.76081745706
2024,Non-dairy cattle,5,lwr,76618.0448832974,10,5.97943844615642,5.38149460154078,66.908791659593,67.5067355042087,54.5531496033733,156.796425713292,154.865346384628,4711.45794914291,4240.31215422862,4188.08915800365
2024,Non-dairy cattle,5,upr,81160.7665085633,10,6.01270013819946,5.41143012437951,67.1907058663216,67.7919758801415,55.3417371436793,158.132583593314,156.188393288329,5061.33108979147,4555.19798081233,4499.1932564833
2024,Non-dairy cattle,10,fit,83431.8863192008,10,6.01308778160697,5.41177900344627,66.9188182588945,67.5201270370552,54.6899663423356,157.156754847507,155.21099589636,5171.18833169344,4654.0694985241,4596.44742943265
2024,Non-dairy cattle,10,lwr,80044.4859386691,10,5.99358476428676,5.39422628785809,66.7847620558125,67.3841205322412,54.4027888359304,156.770481709041,154.829056953342,4932.98801306808,4439.68921176128,4384.70869215477
2024,Non-dairy cattle,10,upr,86819.2866997324,10,6.03259079892719,5.42933171903447,67.0528744619765,67.6561335418692,54.9771438487408,157.541168065703,155.591099191005,5411.80123848663,4870.62111463797,4810.33181532198
2024,Non-dairy cattle,15,fit,80381.6265695944,10,6.01638737160463,5.41474863444417,66.8857507992765,67.487389536437,54.6482781719078,157.145468586501,155.197148623974,4984.50618525764,4486.05556673187,4430.43658075482
2024,Non-dairy cattle,15,lwr,77309.6248035325,10,6.00340678119929,5.40306610307936,66.7960371589674,67.3963778370873,54.4556762801375,156.885823494689,154.940393594564,4775.76264744625,4298.18638270162,4244.88761982454
2024,Non-dairy cattle,15,upr,83453.6283356564,10,6.02936796200996,5.42643116580897,66.9754644395855,67.5784012357865,54.840880063678,157.404274985756,155.453075885679,5194.7090878513,4675.23817906617,4617.28346005701
2025,Non-dairy cattle,5,fit,78363.2020444083,10,5.98564421496724,5.38707979347052,67.1303311022984,67.7288955237951,55.1205775481417,157.69807978988,155.764869475047,4851.51271056593,4366.36143950933,4312.83450383328
2025,Non-dairy cattle,5,lwr,75581.3645380563,10,5.96527567159548,5.36874810443593,66.9576946128668,67.5542221800264,54.6376682753252,156.879140633278,154.953965157809,4639.14710710192,4175.23239639173,4123.99515107365
2025,Non-dairy cattle,5,upr,81145.0395507603,10,6.006012758339,5.4054114825051,67.3029675917301,67.903568867564,55.6034868209583,158.511657064007,156.570484071896,5066.83927809791,4560.15535028812,4504.31055899788
2025,Non-dairy cattle,10,fit,84070.5715273663,10,6.00661916448359,5.40595724803523,66.9681248534979,67.5687867699463,54.8026808489327,157.318709599884,155.375462888411,5210.53321273385,4689.47989146046,4631.55406432409
2025,Non-dairy cattle,10,lwr,80242.3179216918,10,5.98457792695916,5.38612013426324,66.8166219057622,67.4150796984581,54.4781286257345,156.882867617132,154.944515003836,4941.28844969014,4447.15960472113,4392.21311137558
2025,Non-dairy cattle,10,upr,87898.8251330408,10,6.02866040200802,5.42579436180722,67.1196278012336,67.7224938414344,55.127233072131,157.752184489825,155.804074527272,5482.85762340189,4934.5718610617,4873.6339499034
2025,Non-dairy cattle,15,fit,80486.1894946648,10,6.01063191340032,5.40956872206029,66.928311603289,67.529374794629,54.7538204192264,157.309064688035,155.362677083901,4991.40654784807,4492.26589306326,4436.68301444103
2025,Non-dairy cattle,15,lwr,77134.1365786163,10,5.99646798081379,5.39682118273241,66.8304194494076,67.430066247489,54.5436604707272,157.026226187741,155.082988674226,4763.67397427967,4287.30657685171,4234.25012141529
2025,Non-dairy cattle,15,upr,83838.2424107133,10,6.02479584598686,5.42231626138818,67.0262037571705,67.6286833417692,54.9639803677255,157.590907898106,155.641383151473,5220.87570137068,4698.78813123361,4640.66038856619
2026,Non-dairy cattle,5,fit,77836.9983928865,10,5.97521913775655,5.3776972239809,67.2109134416396,67.8084353554153,55.2937117227572,157.929191444356,156.000430684075,4817.59209007189,4335.8328810647,4282.88013529522
2026,Non-dairy cattle,5,lwr,74536.7876440247,10,5.95105507870542,5.35594957083488,67.0061075186598,67.6012130265304,54.7208161567023,156.959396852434,155.040140401733,4566.46000789201,4109.81400710281,4059.56032874718
2026,Non-dairy cattle,5,upr,81137.2091417483,10,5.99938319680768,5.39944487712691,67.4157193646193,68.0156576843001,55.866607288812,158.891475301331,156.953310829218,5072.88434310301,4565.59590879271,4509.90459012589
2026,Non-dairy cattle,10,fit,84709.2567355318,10,6.0001505473602,5.40013549262418,67.0174314481013,67.6174465028373,54.9153953555299,157.480371790505,155.539639262595,5249.85303122538,4724.86772810285,4666.6401256039
2026,Non-dairy cattle,10,lwr,80432.458294505,10,5.97552680505037,5.37797412454533,66.8481773606169,67.4457300411219,54.5528163351252,156.994243581869,155.058974016142,4949.01722997486,4454.11550697738,4399.20958185412
2026,Non-dairy cattle,10,upr,88986.0551765587,10,6.02477428967002,5.42229686070302,67.1866855355856,67.7891629645526,55.2779743759346,157.963556213216,156.017399032205,5554.53022111903,4999.07719900713,4937.48710682064
2026,Non-dairy cattle,15,fit,80590.7524197351,10,6.00487645519602,5.40438880967642,66.9708724073016,67.5713600528212,54.859362666545,157.472400312804,155.527948216383,4998.28977058256,4498.4607935243,4442.91428821122
2026,Non-dairy cattle,15,lwr,76954.174660248,10,5.98951027705949,5.39055924935354,66.8646710917051,67.4636221194111,54.6313641791142,157.166069000094,155.225030698814,4751.27300871193,4276.14570784074,4223.33429216064
2026,Non-dairy cattle,15,upr,84227.3301792223,10,6.02024263333256,5.41821836999931,67.0770737228981,67.6790979862314,55.0873611539757,157.777564054266,155.829713332879,5247.34926737306,4722.61434063576,4664.31107169267
2027,Non-dairy cattle,5,fit,77310.7947413644,10,5.96479406054585,5.36831465449127,67.2914957809807,67.8879751870353,55.4668458973726,158.159639057268,156.235328518184,4783.64510969638,4305.28059872674,4252.89873392718
2027,Non-dairy cattle,5,lwr,73487.524784033,10,5.93680017529193,5.34312015776274,67.0542296207265,67.6479096382557,54.803150584235,157.038149143971,155.124817477956,4493.64660268315,4044.28194241484,3995.00695573872
2027,Non-dairy cattle,5,upr,81134.0646986958,10,5.99278794579976,5.39350915121978,67.5287619412348,68.1280407358148,56.1305412105102,159.271096231741,157.33594055385,5079.21749034998,4571.29574131498,4515.754157698
2027,Non-dairy cattle,10,fit,85347.9419436974,10,5.99368193023681,5.39431373721313,67.0667380427047,67.6661062357284,55.0281098621271,157.641742406879,155.703525973316,5289.14736816462,4760.23263134816,4701.70523262244
2027,Non-dairy cattle,10,lwr,80617.0943404178,10,5.96644399188257,5.36979959269431,66.8795149820059,67.4761593811942,54.627037397915,157.104862337667,155.172683894023,4956.32790871849,4460.69511784664,4405.83456915243
2027,Non-dairy cattle,10,upr,90078.789546977,10,6.02091986859105,5.41882788173195,67.2539611034034,67.8560530902625,55.4291823263391,158.175033227882,156.230825449108,5626.66448352642,5063.99803517378,5001.75392388284
2027,Non-dairy cattle,15,fit,80695.3153448055,10,5.99912099699172,5.39920889729255,67.0134332113142,67.6133453110134,54.9649049138636,157.635476223439,155.692962754013,5005.15583055404,4504.64024749864,4449.13038027002
2027,Non-dairy cattle,15,lwr,76770.7119257186,10,5.98253778078093,5.38428400270284,66.8988204974202,67.4970742754983,54.7188484007083,157.305436079674,155.36660286968,4738.62612816855,4264.76351535169,4212.1991199792
2027,Non-dairy cattle,15,upr,84619.9187638924,10,6.01570421320252,5.41413379188227,67.1280459252083,67.7296163465286,55.2109614270189,157.964160989588,156.017984849034,5274.06331532106,4746.65698378895,4688.17643661058
2028,Non-dairy cattle,5,fit,76784.5910898424,10,5.95436898333515,5.35893208500164,67.3720781203218,67.9675150186553,55.639980071988,158.389426249699,156.469566498969,4749.67289164474,4274.70560248027,4222.89131520908
2028,Non-dairy cattle,5,lwr,72435.2662628219,10,5.9225233377233,5.33027100395097,67.1021658167382,67.6944181505105,54.8849649840602,157.115900264783,155.208494194687,4420.83876344659,3978.75488710193,3930.45232058706
2028,Non-dairy cattle,5,upr,81133.9159168629,10,5.986214628947,5.3875931660523,67.6419904239053,68.2406118868,56.3949951599159,159.650029664019,157.717887665013,5085.70799685218,4577.13719716696,4521.74303887916
2028,Non-dairy cattle,10,fit,85986.627151863,10,5.98721331311342,5.38849198180208,67.116044637308,67.7147659686193,55.1408243687242,157.802822431871,155.867123970609,5328.41580619033,4795.5742255713,4736.74900618516
2028,Non-dairy cattle,10,lwr,80797.6707933821,10,5.9573378055369,5.36160402498321,66.9106919452041,67.5064257257578,54.7009142959622,157.214890867132,155.285809746293,4963.32190105637,4466.98971095073,4412.17820123401
2028,Non-dairy cattle,10,upr,91175.5835103438,10,6.01708882068994,5.41537993862095,67.321397329412,67.923106211481,55.5807344414862,158.386451260907,156.444191300298,5699.15800760463,5129.24220684417,5066.34338129874
2028,Non-dairy cattle,15,fit,80799.8782698758,10,5.99336553878742,5.39402898490868,67.0559940153268,67.6553305692056,55.0704471611822,157.798293179472,155.857721426494,5012.00470491294,4510.80423442165,4455.33126887711
2028,Non-dairy cattle,15,lwr,76584.4659127124,10,5.97555352389784,5.37799817150806,66.9328886212665,67.5304439736563,54.8061581221749,157.444389576261,155.5077666335,4725.78232925918,4253.20409633326,4200.88814747428
2028,Non-dairy cattle,15,upr,85015.2906270393,10,6.01117755367701,5.41005979830931,67.1790994093871,67.7802171647548,55.3347362001895,158.150638230004,156.206137866634,5300.96875608672,4770.87188047805,4712.21285634127
2029,Non-dairy cattle,5,fit,76258.3874383206,10,5.94394390612446,5.34954951551201,67.4526604596629,68.0470548502754,55.8131142466035,158.618556615089,156.703148121855,4715.67655070165,4244.10889563149,4192.8588880764
2029,Non-dairy cattle,5,lwr,71380.9812793243,10,5.90823166244942,5.31740849620448,67.1499762536664,67.7407994199113,54.9664276029395,157.192938605585,155.291456110271,4348.11236066899,3913.30112460209,3865.96392451326
2029,Non-dairy cattle,5,upr,81135.7935973168,10,5.9796561497995,5.38169053481955,67.7553446656593,68.3533102806393,56.6598008902675,160.027999640907,158.098878705742,5092.28113346496,4583.05302011847,4527.80479138398
2029,Non-dairy cattle,10,fit,86625.3123600285,10,5.98074469599003,5.38267022639103,67.1653512319114,67.7634257015104,55.2535388753214,157.963612843731,156.030434200169,5367.6579295741,4830.89213661669,4771.77106854451
2029,Non-dairy cattle,10,lwr,80975.1750130734,10,5.94821393075408,5.35339253767867,66.9417473249219,67.5365687179973,54.7745307357844,157.324443348786,155.398464466973,4970.06850263256,4473.06165236931,4418.30206068647
2029,Non-dairy cattle,10,upr,92275.4497069837,10,6.01327546122599,5.41194791510339,67.3889551389009,67.9902826850235,55.7325470148583,158.597698826854,156.657386307069,5771.94051521418,5194.74646369276,5131.19300941715
2029,Non-dairy cattle,15,fit,80904.4411949462,10,5.98761008058312,5.38884907252481,67.0985548193394,67.6973158273977,55.1759894085008,157.960851937358,156.022224960648,5018.83637086694,4516.95273378025,4461.51693234696
2029,Non-dairy cattle,15,lwr,76395.9751773023,10,5.96855978205207,5.37170380384686,66.966891191043,67.5637471692482,54.8933271087675,157.582976225369,155.648568193334,4712.7784248654,4241.50058237886,4189.43409022998
2029,Non-dairy cattle,15,upr,85412.9072125901,10,6.00666037911418,5.40599434120276,67.2302184476357,67.8308844855471,55.4586517082342,158.336950708191,156.394127788921,5328.02868485927,4795.22581637335,4736.38753145339
2030,Non-dairy cattle,5,fit,75732.1837867985,10,5.93351882891376,5.34016694602238,67.533242799004,68.1265946818954,55.9862484212189,158.847033719496,156.936076856332,4681.65719430026,4213.49147487023,4162.80245497955
2030,Non-dairy cattle,5,lwr,70325.2635605268,10,5.89392949672416,5.30453654705175,67.1976977772804,67.7870907269528,55.0476415080962,157.269440952109,155.373878279817,4275.514107302,3847.9626965718,3801.58334653509
2030,Non-dairy cattle,5,upr,81139.1040130702,10,5.97310816110336,5.37579734499302,67.8687878207276,68.466098636838,56.9248553343416,160.404841679623,158.478750597883,5098.89132102104,4589.00218891894,4533.89888843493
2030,Non-dairy cattle,10,fit,87263.9975681938,10,5.97427607886664,5.37684847097998,67.2146578265148,67.8120854344015,55.3662533819185,158.12411461612,156.19345760337,5406.87332421097,4866.18599178987,4806.77104339187
2030,Non-dairy cattle,10,lwr,81150.3022132409,10,5.93907637023951,5.34516873321556,66.9727086342093,67.5666162712333,54.8479456563108,157.433600240112,155.51072760542,4976.61649090929,4478.95484181836,4424.24949502949
2030,Non-dairy cattle,10,upr,93377.6929231467,10,6.00947578749378,5.4085282087444,67.4566070188203,68.0575545975697,55.8845611075263,158.808698144848,156.87033351968,5844.96225174372,5260.46602656935,5196.25857838222
2030,Non-dairy cattle,15,fit,81009.0041200166,10,5.98185462237882,5.38366916014094,67.141115623352,67.7393010855899,55.2815316558194,158.123153250484,156.18647408043,5025.65080568067,4523.0857251126,4467.68734904861
2030,Non-dairy cattle,15,lwr,76205.6505549457,10,5.96155829120838,5.36540246208754,67.0008402046414,67.5969960337622,54.9803811181816,157.721231766025,155.789042877529,4699.64253323234,4229.67827990911,4177.86193734796
2030,Non-dairy cattle,15,upr,85812.3576850874,10,6.00215095354927,5.40193585819434,67.2813910420625,67.8816061374174,55.5826821934572,158.523064345825,156.581920886805,5355.21489204905,4819.69340284415,4760.67538952213
2023,Cattle,10,fit,101689.282837313,10,6.02974346602238,5.42676911942014,66.5593465160944,67.1623208626966,60.8495723414668,176.751929979255,174.525727379767,7114.18389159849,6402.76550243864,6322.11444145197
2023,Cattle,10,lwr,98466.9712116048,10,6.01451343944241,5.41306209549817,66.4564477511074,67.0578990950516,60.6962851750856,176.659845254678,174.434662074181,6868.72829086268,6181.85546177641,6103.98107725554
2023,Cattle,10,upr,104911.594463021,10,6.04504099419286,5.44053689477358,66.6625862615774,67.2670903609967,61.0093018787723,176.860922675178,174.633481211693,7361.77316071152,6625.59584464037,6542.14413161411
2023,Cattle,15,fit,99232.0818890623,10,6.03065046878664,5.42758542190797,66.5277569748925,67.1308220217711,60.9499435109387,177.162886997457,174.929696228435,6958.44474602821,6262.60027142539,6183.6523105885
2023,Cattle,15,lwr,96255.3195084777,10,6.01968875093912,5.41771987584521,66.4531332993514,67.0551021744453,60.8879825919121,177.24372804756,175.009408665056,6740.92930955586,6066.83637860027,5990.35213934931
2023,Cattle,15,upr,102208.844269647,10,6.04165008014431,5.43748507212988,66.6025459592063,67.2067109672207,61.0189134526902,177.101886583309,174.869569764122,7177.35040736878,6459.6153666319,6378.18802863574
2023,Cattle,5,fit,98014.027135102,10,6.02086256922707,5.41877631230436,66.6360073169501,67.2380935738728,61.1813415120739,177.467034436878,175.237990582475,6876.96150004343,6189.26535003909,6111.51451438229
2023,Cattle,5,lwr,95992.2315360484,10,6.00973329290247,5.40875996361222,66.541428311028,67.1424016403183,60.8475871407339,176.816449183112,174.594506395667,6698.93673396367,6029.0430605673,5953.26722903426
2023,Cattle,5,upr,100035.822734156,10,6.03202210597172,5.42881989537455,66.7307507293198,67.3339529399169,61.5159660514024,178.117662501356,175.881516067245,7056.62654913151,6350.96389421836,6271.22124175497
2024,Cattle,10,fit,102349.447057904,10,6.02379020951259,5.42141118856133,66.601479806771,67.2038588277222,61.0321662340059,177.147288629237,174.92017429251,7169.70677603463,6452.73609843117,6371.60305747333
2024,Cattle,10,lwr,98658.9670033769,10,6.00635154122058,5.40571638709852,66.4834570735361,67.0840922276582,60.8573064428594,177.045118655562,174.819128596837,6888.31977653502,6199.48779888151,6121.53209605361
2024,Cattle,10,upr,106039.927112431,10,6.04131676370535,5.43718508733481,66.7199329403774,67.3240646167479,61.2154351034291,177.271572692868,175.043046589016,7453.89156589815,6708.50240930834,6624.16061090456
2024,Cattle,15,fit,99371.9521255017,10,6.0250357466935,5.42253217202415,66.5620012684263,67.1645048430956,61.1560959612565,177.656265090343,175.420448372785,6981.29845919041,6283.16861327137,6204.08818393002
2024,Cattle,15,lwr,96103.4112363854,10,6.01300509679444,5.411704587115,66.4798943068899,67.0811948165694,61.0906115607333,177.753689992714,175.516522150031,6742.3509207639,6068.11582868751,5991.73737381962
2024,Cattle,15,upr,102640.493014618,10,6.03711224226528,5.43340101803875,66.6442959468992,67.2480071711257,61.2301576161378,177.58318281358,175.348404490016,7221.92154720863,6499.72939248776,6417.92812994688
2024,Cattle,5,fit,97409.6027473781,10,6.01226608600982,5.41103947740884,66.7017313664618,67.3029579750628,61.4741672580342,178.105831459817,175.874654631223,6850.51056414075,6165.45950772668,6088.20936657146
2024,Cattle,5,lwr,94823.313127121,10,5.99805912534089,5.3982532128068,66.5806465339028,67.1804524464369,61.0489853631243,177.280374288083,175.058175491929,6623.22265657508,5960.90039091757,5886.16579469957
2024,Cattle,5,upr,99995.8923676351,10,6.02652411762055,5.42387170585849,66.8230802161006,67.4257326278626,61.9008645772713,178.931662331152,176.691500133328,7080.47913784856,6372.43122406371,6292.6380923748
2025,Cattle,10,fit,103009.611278495,10,6.01783163243083,5.41604846918775,66.6436851332004,67.2454682964434,61.2140974095722,177.540157851498,175.312172162137,7225.21879029437,6502.69691126494,6421.08393851347
2025,Cattle,10,lwr,98838.8336944189,10,5.99812800134654,5.39831520121189,66.5101104967048,67.1099232968394,61.0172556145546,177.42835139313,175.201588571387,6906.91291944537,6216.22162750083,6138.1963246022
2025,Cattle,10,upr,107180.388862572,10,6.03764667685303,5.43388200916773,66.777788709693,67.3815533773783,61.4216255551115,177.680121421962,175.450546243912,7547.09691699332,6792.38722529399,6707.14649008912
2025,Cattle,15,fit,99511.8223619411,10,6.01942113726249,5.41747902353624,66.5962385896843,67.1981807034106,61.3623284056163,178.149698476236,175.911262199339,7004.15757638393,6303.74181874554,6224.52922899403
2025,Cattle,15,lwr,95945.3133385329,10,6.00629984353194,5.40566985917875,66.5064617589049,67.1070917432581,61.2936780318667,178.265520269279,176.025486962074,6743.30792874695,6068.97713587226,5992.70928389863
2025,Cattle,15,upr,103078.331385349,10,6.0325972067002,5.42933748603018,66.6862251854618,67.2894849061318,61.4413418030932,178.063360849024,175.826142502596,7267.00152121124,6540.30136909011,6458.12160706118
2025,Cattle,5,fit,96805.1783596539,10,6.00367713550785,5.40330942195707,66.7673905792721,67.3677582928229,61.7675777416193,178.745939052974,176.51260357777,6823.88975279002,6141.50077751101,6064.74972677931
2025,Cattle,5,lwr,93637.6334113108,10,5.98631494071808,5.38768344664627,66.618967226719,67.2175987207908,61.2490720074365,177.743496991965,175.52102435981,6546.07152040948,5891.46436836854,5817.78083503322
2025,Cattle,5,upr,99972.723307997,10,6.02111834391534,5.4190065095238,66.9162021076156,67.5183139420072,62.2884986789743,179.749412436292,177.505195589985,7105.72385136574,6395.15146622917,6315.29182842602
2026,Cattle,10,fit,103669.775499087,10,6.01186783642055,5.4106810527785,66.6859611192219,67.2871479028639,61.3953785286166,177.930580506929,175.701763106292,7280.71945502916,6552.64750952624,6470.55665059003
2026,Cattle,10,lwr,99010.3205865365,10,5.98986059315346,5.39087453383811,66.5365263658572,67.1355124251726,61.176318639677,177.809682185477,175.582179039576,6924.79149711062,6232.31234739956,6154.22590869901
2026,Cattle,10,upr,108329.230411637,10,6.03401308611966,5.43061177750769,66.8360309924075,67.4394323010194,61.6277069158605,178.086504261633,175.85591588521,7641.10437782521,6876.99394004269,6790.84866874174
2026,Cattle,15,fit,99651.6925983805,10,6.01380664001921,5.41242597601729,66.6304689680255,67.2318496320274,61.5686405071813,178.643186737293,176.402137290829,7027.02194618159,6324.31975156343,6244.9753104828
2026,Cattle,15,lwr,95782.455531316,10,5.99957828730239,5.39962045857215,66.5328705367052,67.1328283654355,61.4972262485775,178.779229449773,176.536313625337,6743.90439288443,6069.51395359599,5993.36032591043
2026,Cattle,15,upr,103520.929665445,10,6.02809968610209,5.42528971749188,66.7282981843636,67.3311081529738,61.652428531583,178.542434023197,176.302796858406,7312.48593559765,6581.23734203789,6498.67570560697
2026,Cattle,5,fit,96200.75397193,10,5.99509585970415,5.39558627373374,66.8329837332839,67.4324933192543,62.0615839844586,179.387397309577,177.151876870966,6797.10032239998,6117.39029015998,6041.13672800993
2026,Cattle,5,lwr,92442.9622741204,10,5.97454469995751,5.37709022996176,66.6567483872363,67.254202857232,61.4492055137404,178.208574922658,175.985779393562,6468.17304564299,5821.35574107869,5748.72543050869
2026,Cattle,5,upr,99958.5456697396,10,6.01576172386264,5.41418555147638,67.0097538630395,67.6113300354257,62.6775686262809,180.56835626523,178.320073913087,7131.67235852033,6418.5051226683,6338.57064558105
2027,Cattle,10,fit,104329.939719678,10,6.00589892055254,5.40530902849728,66.7283064235062,67.3288963155614,61.5760219311459,178.318598392068,176.088988196491,7336.20829255018,6602.58746329516,6520.02076118939
2027,Cattle,10,lwr,99175.8106650633,10,5.98156061947697,5.38340455752927,66.5627798804116,67.1609359423593,61.3346143990227,178.189201263979,175.960989116103,6942.13592283714,6247.92233055342,6169.78115073441
2027,Cattle,10,upr,109484.068774293,10,6.03040480972368,5.42736432875131,66.8945805356051,67.4976210165774,61.8335791648001,178.490702228657,176.25913633078,7735.73248195108,6962.15923375597,6875.10589472072
2027,Cattle,15,fit,99791.56283482,10,6.00819225449193,5.40737302904273,66.6646924326436,67.2655116580928,61.7750319310032,179.136729458706,176.893073233065,7049.89141721158,6344.90227549042,6265.4262931469
2027,Cattle,15,lwr,95615.8729343239,10,5.99284426448591,5.39355983803732,66.559145836414,67.1584302628626,61.7012891311622,179.29482824005,177.049012786296,6744.21568788072,6069.79411909265,5993.75747062677
2027,Cattle,15,upr,103967.252735316,10,6.02361585293179,5.42125426763861,66.7704891429809,67.3728507282741,61.8633916133493,179.020415435657,176.778380393943,7358.29908186952,6622.46917368257,6539.52315729875
2027,Cattle,5,fit,95596.3295842058,10,5.98652240417255,5.38787016375529,66.8985095754925,67.4971618159097,62.3561972869258,180.030247232281,177.792514856334,6770.14352175314,6093.12916957783,6017.37149654735
2027,Cattle,5,lwr,91242.9554522356,10,5.96276960819187,5.36649264737268,66.6941558226505,67.2904327834697,61.6500590444158,178.677015872806,176.453832011939,6389.85216816471,5750.86695134824,5679.28843690386
2027,Cattle,5,upr,99949.7037161759,10,6.01043400010839,5.40939060009755,67.1035648906166,67.7046082906275,63.0674630880137,181.38729712182,179.134951424518,7158.00110458433,6442.2009941259,6362.18695726412
2028,Cattle,10,fit,104990.103940269,10,5.99992498140581,5.39993248326523,66.7707197384603,67.3707122366009,61.7560396467974,178.704252272452,176.473887490892,7391.68482681893,6652.51634413703,6569.47583925857
2028,Cattle,10,lwr,99336.8779281201,10,5.97323555196244,5.3759119967662,66.5889206837296,67.1862442389259,61.4922220724274,178.566970245165,176.338079630992,6959.06538936194,6263.15885042574,6184.96795582169
2028,Cattle,10,upr,110643.329952419,10,6.02681449256064,5.42413304330458,66.9533838113048,67.5560652605609,62.0391812510692,178.89272223643,176.660214013372,7830.86098897302,7047.77489007572,6959.81131800114
2028,Cattle,15,fit,99931.4330712594,10,6.00257798021155,5.40232018219039,66.6989090125694,67.2991668105905,61.981502344009,179.63032622868,177.384069614906,7072.76583815725,6365.48925434153,6285.88204178503
2028,Cattle,15,lwr,95446.3289915383,10,5.98610060651481,5.38749054586333,66.5853061817313,67.1839162423828,61.9058918575038,179.812327622678,177.563595358312,6744.29743513966,6069.86769162569,5993.95013845514
2028,Cattle,15,upr,104416.537150981,10,6.01914288463622,5.4172285961726,66.8127789376666,67.4146932261303,62.0742125748545,179.497317813746,177.252905586155,7404.38500543012,6663.9465048871,6580.6142447452
2028,Cattle,5,fit,94991.9051964817,10,5.97795691819196,5.38016122637277,66.9639668210023,67.5617625128215,62.6514292370076,180.674530763105,178.434558805536,6743.02059207686,6068.71853286918,5993.45515201656
2028,Cattle,5,lwr,90039.5376145957,10,5.95100132830869,5.35590119547782,66.7312743097083,67.3263744425392,61.8520195448232,179.149666671523,176.926018815512,6311.28034691057,5680.15231221951,5609.62229729256
2028,Cattle,5,upr,99944.2727783677,10,6.00512450861574,5.40461205775416,67.1975453712777,67.7980578221393,63.4578602816479,182.205609977294,179.949209808041,7184.54000401877,6466.08600361689,6385.98958273491
2029,Cattle,10,fit,105650.268160861,10,5.99394611314546,5.39455150183091,66.813199789174,67.4125944004885,61.935443404536,179.087581914702,176.856500065846,7447.14858343772,6702.43372509394,6618.92145519703
2029,Cattle,10,lwr,99494.5980770649,10,5.9648905023858,5.36840145214722,66.6149826734782,67.2114717237167,61.6491963883572,178.943033157386,176.713494029068,6975.66137151699,6278.09523436529,6199.85871487304
2029,Cattle,10,upr,111805.938244657,10,6.02323713511631,5.42091342160468,67.0124031972053,67.6147269107169,62.2444758823332,179.292586209626,177.059170219996,7926.40738183097,7133.76664364787,7044.89160756194
2029,Cattle,15,fit,100071.303307699,10,5.9969638167116,5.39726743504044,66.7331187366712,67.3328151183424,62.1880514149877,180.123976638405,177.875126028234,7095.64505775684,6386.08055198116,6306.3424212437
2029,Cattle,15,lwr,95274.3967145263,10,5.97934944045601,5.38141449641041,66.6113654166139,67.2093003606595,62.1110542123143,180.331738891143,178.08007255744,6744.19140744355,6069.77226669919,5993.9754455604
2029,Cattle,15,upr,104868.209900871,10,6.01467866306703,5.41321079676033,66.8551531289082,67.4566209952149,62.2848783095675,179.97315348343,177.726384521613,7450.70160090098,6705.63144081089,6621.91155532372
2029,Cattle,5,fit,94387.4808087578,10,5.96939955486506,5.37245959937856,67.0293541520055,67.6262941074921,62.9472917195125,181.320290814492,179.078050946958,6715.7327671133,6044.15949040197,5969.38880744348
2029,Cattle,5,lwr,88833.8123415416,10,5.93924702789008,5.34532232510108,66.7681500346813,67.3620747374703,62.0553402115091,179.627114629698,177.402919701201,6232.55624518033,5609.3006206623,5539.81475264578
2029,Cattle,5,upr,99941.1492759739,10,5.99982713521264,5.39984442169138,67.2916438010649,67.8916265145862,63.8485757326049,183.022940764562,180.762498722995,7211.19175924247,6490.07258331823,6409.89203656053
2030,Cattle,10,fit,106310.432381452,10,5.98796240759758,5.38916616683782,66.8557453324043,67.4545415731641,62.1142446419891,179.468626117426,177.236864046272,7502.59908964044,6752.33918067639,6668.35718084871
2030,Cattle,10,lwr,99649.7285282602,10,5.95652907512821,5.36087616761539,66.6409896877188,67.2366425952316,61.805576456452,179.317422807549,177.087264663286,6991.98124746366,6292.78312271729,6214.50440767369
2030,Cattle,10,upr,112971.136234643,10,6.01966924121119,5.41770231709007,67.0716112822583,67.6735782063794,62.4494407279586,179.690324849946,177.456034928729,8022.31324552581,7220.08192097323,7130.29484827494
2030,Cattle,15,fit,100211.173544138,10,5.99134976352821,5.39221478717539,66.7673216336562,67.366456610009,62.3946788145775,180.617680282035,178.366242067934,7118.52892480317,6406.67603232285,6326.80729641704
2030,Cattle,15,lwr,95100.5132229879,10,5.97259239078509,5.37533315170658,66.6373340437673,67.2345932828458,62.3167921550964,180.853073640775,178.598455894837,6743.92949376005,6069.53654438404,5993.86172649118
2030,Cattle,15,upr,105321.833865289,10,6.01022157270757,5.40919941543682,66.8976006226753,67.498622779946,62.4953795114988,180.447934383328,178.198828908968,7497.21664731039,6747.49498257935,6663.38645854994
2030,Cattle,5,fit,93783.0564210336,10,5.96085047124141,5.36476542411726,67.0946702167218,67.690755263846,63.2437969256352,181.967571301574,179.723034497469,6688.28127318862,6019.45314586976,5945.17356931446
2030,Cattle,5,lwr,87626.4556815172,10,5.92751156397087,5.33476040757378,66.8048089381751,67.3975600945722,62.2602065638369,180.109818316726,177.884987192325,6153.74062266369,5538.36656039732,5469.91985439494
2030,Cattle,5,upr,99939.65716055,10,5.99453813461091,5.39508432114982,67.3858286272583,67.9852824407194,64.2394964490237,183.839076402376,181.574607262836,7237.89696869112,6514.10727182201,6433.84151612497
2023,Dairy cattle,5,fit,18598.4177876498,20,6.08221506482228,4.86577205185782,65.2134113860689,66.4298543990334,88.5394953651687,263.863130637886,257.054180044947,1957.69115447935,1566.15292358348,1525.73856993018
2023,Dairy cattle,5,lwr,18352.2266138994,20,6.07843680026208,4.86274944020966,65.1980305021315,66.4137178621839,87.8448883080849,261.88106786558,255.124611962565,1916.07483811107,1532.85987048886,1493.31252861772
2023,Dairy cattle,5,upr,18844.6089614003,20,6.08599332938249,4.86879466350599,65.2287922700063,66.4459909358828,89.2341024222525,265.843869061351,258.982438828537,1999.73729731509,1599.78983785208,1558.49926230356
2023,Dairy cattle,10,fit,18896.0817262776,20,6.0743781116202,4.85950248929616,65.2003576069507,66.4152332292748,88.3317509532087,263.319100667789,256.530364543037,1982.3650828392,1585.89206627136,1545.00554215309
2023,Dairy cattle,10,lwr,18631.4502575792,20,6.06587301982264,4.85269841585811,65.1880321991192,66.4012068030838,87.9907091071467,262.373111738654,255.615775219336,1944.85397088415,1555.88317670732,1515.8118975275
2023,Dairy cattle,10,upr,19160.713194976,20,6.08288320341775,4.8663065627342,65.2126830147822,66.4292596554658,88.6727927992707,264.264584687929,257.444416655677,2020.16949541832,1616.13559633466,1574.42619988669
2023,Dairy cattle,15,fit,18955.0182445382,20,6.06668146948878,4.85334517559102,65.1918555093669,66.4051918032647,88.0853334407939,262.633316902123,255.869082963963,1980.85604025209,1584.68483220167,1543.87059336212
2023,Dairy cattle,15,lwr,18776.0239202605,20,6.05834479043524,4.84667583234819,65.1807195570635,66.3923885151506,87.7954778258481,261.832818286921,255.096230870087,1953.48190234265,1562.78552187412,1522.57726474751
2023,Dairy cattle,15,upr,19134.0125688158,20,6.07501814854233,4.86001451883386,65.2029914616702,66.4179950913787,88.3751890557397,263.433429619282,256.641520890822,2008.40926584555,1606.72741267644,1565.30235149804
2024,Dairy cattle,5,fit,18520.1970514477,20,6.08125862620943,4.86500690096754,65.219301913627,66.4355536388689,89.2756732009752,266.022840716801,259.160269125552,1965.10472265824,1572.08377812659,1531.52884891162
2024,Dairy cattle,5,lwr,18205.2682438236,20,6.07642545394453,4.86114036315562,65.1996266207851,66.414911711574,88.3871288680397,263.488392223931,256.692937398571,1911.76470743217,1529.41176594573,1489.96771880143
2024,Dairy cattle,5,upr,18835.1258590718,20,6.08609179847433,4.86887343877946,65.2389772064689,66.4561955661638,90.1642175339108,268.55512360587,261.625459838074,2019.14804805709,1615.31843844567,1573.63755927996
2024,Dairy cattle,10,fit,18917.5607387033,20,6.07099099616232,4.85679279692986,65.2019259198834,66.4161241191159,89.0030927019684,265.311294812403,258.475183097732,1998.51844434119,1598.81475547295,1557.61908648643
2024,Dairy cattle,10,lwr,18614.4810647078,20,6.06125020281682,4.84900016225346,65.1878097582424,66.4000597988058,88.6125010159845,264.228472644103,257.428349256211,1955.33176346693,1564.26541077355,1524.00783482714
2024,Dairy cattle,10,upr,19220.6404126989,20,6.08073178950781,4.86458543160625,65.2160420815243,66.4321884394259,89.3936843879523,266.393455171652,259.521312818403,2042.09032741152,1633.67226192922,1591.52847752094
2024,Dairy cattle,15,fit,18990.3255559073,20,6.0616423048476,4.84931384387808,65.1916448827882,66.4039733437577,88.7021734514167,264.473691172009,257.667515238541,1996.79227393278,1597.43381914622,1556.32418904653
2024,Dairy cattle,15,lwr,18793.7864328529,20,6.05248847498746,4.84199077998997,65.1794173984313,66.3899150934288,88.3839065532694,263.59519591684,256.819400645451,1966.58827331765,1573.27061865412,1532.82921538266
2024,Dairy cattle,15,upr,19186.8646789616,20,6.07079613470775,4.8566369077662,65.2038723671451,66.4180315940866,89.020440349564,265.351721460192,258.515130821074,2027.21245935733,1621.76996748586,1579.98626501917
2025,Dairy cattle,5,fit,18441.9763152456,20,6.08030218759657,4.86424175007726,65.2251924411852,66.4412528787045,90.0118510367815,268.181996221784,261.265851571789,1972.37704222409,1577.90163377927,1537.20913355023
2025,Dairy cattle,5,lwr,18056.2688732545,20,6.07438278465258,4.85950622772207,65.201095227184,66.4159717841145,88.9236109220146,265.079177185209,258.245191141042,1906.92441330756,1525.53953064605,1486.20971238961
2025,Dairy cattle,5,upr,18827.6837572367,20,6.08622159054056,4.86897727243245,65.2492896551864,66.4665339732945,91.1000911515485,271.281569119722,264.28330269101,2038.88457326783,1631.10765861426,1589.02987940525
2025,Dairy cattle,10,fit,18939.0397511291,20,6.06760388070444,4.85408310456355,65.203494232816,66.4170150089569,89.6744344507279,267.303352499366,260.41992836789,2014.68557756053,1611.74846204842,1570.24375156201
2025,Dairy cattle,10,lwr,18596.5157727271,20,6.05659537180146,4.84527629744117,65.1875409233074,66.3988599976677,89.2330092094696,266.080293571806,259.237571600036,1965.62446975523,1572.49957580418,1532.05998798837
2025,Dairy cattle,10,upr,19281.5637295311,20,6.07861238960741,4.86288991168593,65.2194475423246,66.4351700202461,90.1158596919861,268.525566751551,261.601386493259,2064.23929359143,1651.39143487314,1608.80877836714
2025,Dairy cattle,15,fit,19025.6328672763,20,6.05660314020642,4.84528251216514,65.1914342562096,66.4027548842509,89.3190134620397,266.314082387539,259.466040301829,2012.75102853587,1610.20082282869,1568.79586631149
2025,Dairy cattle,15,lwr,18811.1767599166,20,6.04661482496042,4.83729185996834,65.1780920846498,66.3874150496419,88.9717325796514,265.356010748832,258.541145399091,1979.63395446728,1583.70716357382,1543.03444226361
2025,Dairy cattle,15,upr,19240.0889746361,20,6.06659145545243,4.85327316436194,65.2047764277693,66.4180947188598,89.666294344428,267.27160076432,260.390341455391,2046.12581984056,1636.90065587245,1594.75649299168
2026,Dairy cattle,5,fit,18363.7555790435,20,6.07934574898372,4.86347659918698,65.2310829687433,66.44695211854,90.7480288725881,270.340597391996,263.370927588684,1979.50823232809,1583.60658586247,1542.77951398245
2026,Dairy cattle,5,lwr,17906.1746300957,20,6.07232331249057,4.85785864999246,65.2024954310159,66.416960093514,89.4570038878807,266.661050459689,259.788798793626,1901.71303775097,1521.37043020078,1482.16245267417
2026,Dairy cattle,5,upr,18821.3365279913,20,6.08636818547686,4.86909454838149,65.2596705064707,66.4769441435661,92.0390538572954,274.015578873091,266.948542683347,2058.78801541732,1647.03041233386,1604.55244966677
2026,Dairy cattle,10,fit,18960.5187635549,20,6.06421676524656,4.85137341219725,65.2050625457487,66.417905898798,90.3457761994875,269.295273744359,262.364600358151,2030.86642380378,1624.69313904302,1582.87949210093
2026,Dairy cattle,10,lwr,18577.8622920315,20,6.05191842282627,4.84153473826102,65.1872400354702,66.3976237200355,89.8526305048437,267.929679365379,261.044510748834,1975.77426713576,1580.61941370861,1540.00117683487
2026,Dairy cattle,10,upr,19343.1752350782,20,6.07651510766684,4.86121208613347,65.2228850560271,66.4381880775605,90.8389218941314,270.659814671609,263.68356925472,2086.57415670618,1669.25932536494,1626.23423598363
2026,Dairy cattle,15,fit,19060.9401786454,20,6.05156397556524,4.84125118045219,65.1912236296309,66.401536424744,89.9358534726628,268.154490548976,261.264658161867,2028.73217559903,1622.98574047923,1581.28552618978
2026,Dairy cattle,15,lwr,18828.280871068,20,6.04072784439785,4.83258227551828,65.1767489642326,66.3848945331122,89.5590951204476,267.115649306367,260.261838504768,1992.6313841725,1594.105107338,1553.20261872706
2026,Dairy cattle,15,upr,19293.5994862228,20,6.06240010673264,4.84992008538611,65.2056982950292,66.4181783163757,90.3126118248779,269.192681026129,262.266779455866,2065.13666822459,1652.10933457967,1609.60317657049
2027,Dairy cattle,5,fit,18285.5348428414,20,6.07838931037086,4.86271144829669,65.2369734963014,66.4526513583756,91.4842067083944,272.498644466456,265.475497381146,1986.49841205676,1589.19872964541,1548.24008029895
2027,Dairy cattle,5,lwr,17755.4306682026,20,6.07025386917797,4.85620309534238,65.2038550434314,66.417905817267,89.988563728655,268.23760072989,261.327253949997,1896.20556548155,1516.96445238524,1477.88435925054
2027,Dairy cattle,5,upr,18815.6390174801,20,6.08652475156375,4.869219801251,65.2700919491714,66.4873968994842,92.9798496881338,276.753565162889,269.617687120145,2078.78361423436,1663.02689138749,1620.14702072797
2027,Dairy cattle,10,fit,18981.9977759806,20,6.06082964978868,4.84866371983094,65.2066308586813,66.418796788639,91.017117948247,271.28705856306,264.309199073155,2047.06092438556,1637.64873950845,1595.52626282771
2027,Dairy cattle,10,lwr,18558.7163246455,20,6.04722564563333,4.83778051650667,65.1869162096984,66.3963613388251,90.4716171116414,269.777332177463,262.84984575508,1985.80801411865,1588.64641129492,1547.85230025755
2027,Dairy cattle,10,upr,19405.2792273157,20,6.07443365394402,4.85954692315522,65.2263455076642,66.441232238453,91.5626187848526,272.795496866748,265.767182122786,2109.06799842465,1687.25439873972,1643.78390489477
2027,Dairy cattle,15,fit,19096.2474900145,20,6.04652481092407,4.83721984873926,65.1910130030523,66.4003179652371,90.5526934832856,269.994915656579,263.063368826693,2044.73558665753,1635.78846932603,1593.79306970397
2027,Dairy cattle,15,lwr,18845.1610086053,20,6.03483043224117,4.82786434579294,65.1753919095216,66.3823579959698,90.1460949681251,268.874391407224,261.981750264933,2005.58955971217,1604.47164776974,1563.34074187284
2027,Dairy cattle,15,upr,19347.3339714238,20,6.05821918960696,4.84657535168557,65.2066340965829,66.4182779345043,90.959291998446,271.114682445774,264.144174555913,2084.23576654846,1667.38861323877,1624.51913313833
2028,Dairy cattle,5,fit,18207.3141066393,20,6.077432871758,4.8619462974064,65.2428640238595,66.4583505982111,92.2203845442009,274.656137684044,267.579561153974,1993.34770043212,1594.6781603457,1553.59092254474
2028,Dairy cattle,5,lwr,17604.2713517738,20,6.06817805147226,4.85454244117781,65.2051887064198,66.4188243167143,90.5189516826093,269.810717308202,262.862395859771,1890.44158346398,1512.35326677119,1473.40627183359
2028,Dairy cattle,5,upr,18810.3568615048,20,6.08668769204375,4.869350153635,65.2805393412992,66.497876879708,93.9218174057925,279.493639655154,272.288897649614,2098.83200716659,1679.06560573327,1635.78292311262
2028,Dairy cattle,10,fit,19003.4767884064,20,6.0574425343308,4.84595402746464,65.2081991716139,66.4196876784801,91.6884596970067,273.278706971146,266.253724517543,2063.26902062859,1650.61521650288,1608.18401847029
2028,Dairy cattle,10,lwr,18539.207134738,20,6.04252119469311,4.83401695575449,65.1865754665671,66.3950797055057,91.0901356181041,271.623715757645,264.654025111963,1995.74348830557,1596.59479064445,1555.62719049856
2028,Dairy cattle,10,upr,19467.7464420747,20,6.07236387396849,4.85789109917479,65.2298228766608,66.4442956514545,92.2867837759093,274.932149674921,267.851776676729,2131.70298136839,1705.36238509471,1661.44390630701
2028,Dairy cattle,15,fit,19131.5548013836,20,6.04148564628289,4.83318851702631,65.1908023764736,66.3990995057302,91.1695334939086,271.835357710611,264.862172304351,2060.76113324431,1648.60890659545,1606.31839786648
2028,Dairy cattle,15,lwr,18861.8630788259,20,6.02892472658091,4.82313978126473,65.1740237765312,66.3798087218474,90.7328064613437,270.632443413705,263.701080029327,2018.51510588048,1614.81208470438,1573.4539636477
2028,Dairy cattle,15,upr,19401.2465239412,20,6.05404656598486,4.84323725278789,65.207580976416,66.418390289613,91.6062605264735,273.03739867889,266.022327441669,2103.4162493434,1682.73299947472,1639.4990252219
2029,Dairy cattle,5,fit,18129.0933704372,20,6.07647643314515,4.86118114651612,65.2487545514177,66.4640498380467,92.9565623800072,276.813077283501,269.683119111854,2000.05621641165,1600.04497312932,1558.83213071912
2029,Dairy cattle,5,lwr,17452.8310622173,20,6.06609792170777,4.85287833736622,65.206504815509,66.4197243998506,91.0485468952382,271.381483481692,264.395279103387,1884.44388451134,1507.55510760907,1468.74594510398
2029,Dairy cattle,5,upr,18805.3556786571,20,6.08685494458253,4.86948395566602,65.2910042873263,66.5083752762428,94.8645778647762,282.234720040227,274.961120588231,2118.91062577751,1695.12850062201,1651.44257235836
2029,Dairy cattle,10,fit,19024.9558008321,20,6.05405541887292,4.84324433509834,65.2097674845466,66.4205785683212,92.3598014457664,275.270218984289,268.198176695952,2079.49065386362,1663.59252309089,1620.85271376001
2029,Dairy cattle,10,lwr,18519.4230639915,20,6.03780790925266,4.83024632740213,65.1862219206558,66.3937835025063,91.7082998739204,273.469147023807,266.457355312929,2005.59286888443,1604.47429510754,1563.33532317893
2029,Dairy cattle,10,upr,19530.4885376728,20,6.07030292849317,4.85624234279454,65.2333130484373,66.4473736341359,93.0113030176124,277.069456265751,269.937046495546,2154.46686661678,1723.57349329343,1679.20471808119
2029,Dairy cattle,15,fit,19166.8621127527,20,6.03644648164171,4.82915718531337,65.190591749895,66.3978810462234,91.7863735045316,273.675816711334,266.661068602881,2076.8086868899,1661.44694951192,1618.86141167948
2029,Dairy cattle,15,lwr,18878.421537224,20,6.02301233218526,4.81840986574821,65.1726467088753,66.3772491753124,91.31928539583,272.389960204932,265.419977419138,2031.41298257815,1625.13038606252,1583.54614115495
2029,Dairy cattle,15,upr,19455.3026882814,20,6.04988063109815,4.83990450487852,65.2085367909146,66.4185129171342,92.2534616132333,274.960674864292,267.901088527826,2122.67291604171,1698.13833283337,1654.5388101823
2030,Dairy cattle,5,fit,18050.8726342351,20,6.07551999453229,4.86041599562583,65.2546450789758,66.4697490778823,93.6927402158137,278.969463503429,271.786171459361,2006.62407888836,1605.29926311069,1563.96379477578
2030,Dairy cattle,5,lwr,17301.1921209904,20,6.06401474326143,4.85121179460915,65.2078085137622,66.4206114624145,91.5775816293981,272.950562859398,265.926549702848,1878.22651536168,1502.58121228935,1463.91431930572
2030,Dairy cattle,5,upr,18800.5531474798,20,6.08702524580316,4.86962019664253,65.3014816441894,66.51888669335,95.8078988022293,284.976143685476,277.633710810006,2139.00564767008,1711.20451813606,1667.11519841924
2030,Dairy cattle,10,fit,19046.4348132579,20,6.05066830341504,4.84053464273203,65.2113357974792,66.4214694581622,93.0311431945258,277.26159461816,270.14255561302,2095.72576542947,1676.58061234358,1633.53230343165
2030,Dairy cattle,10,lwr,18499.4263150193,20,6.03308778846553,4.82647023077243,65.1858584690978,66.3924760267909,92.3261900422479,275.313849112222,268.2600521565,2015.36475655437,1612.2918052435,1570.98338917858
2030,Dairy cattle,10,upr,19593.4433114964,20,6.06824881836454,4.85459905469163,65.2368131258607,66.4504628895336,93.7360963468038,279.207193590437,272.022775853135,2177.35099378209,1741.88079502567,1697.05960285251
2030,Dairy cattle,15,fit,19202.1694241218,20,6.03140731700053,4.82512585360042,65.1903811233163,66.3966625867164,92.4032135151547,275.516292659011,268.460057730329,2092.8781191225,1674.302495298,1631.42201213499
2030,Dairy cattle,15,lwr,18894.8626680422,20,6.01709447324551,4.81367557859641,65.1712623418018,66.3746812364509,91.9055743351422,274.147059925252,267.138556573059,2044.2869605277,1635.42956842216,1593.6202066304
2030,Dairy cattle,15,upr,19509.4761802013,20,6.04572016075554,4.83657612860443,65.2094999048309,66.418643936982,92.9008526951671,276.884392875569,269.780343711584,2142.00175526134,1713.60140420907,1669.63537023891
2023,Non-dairy cattle,5,fit,79415.6093474522,20,6.00649436938864,4.80519549551091,66.9691664236162,68.1704652974939,54.7743091989109,157.233849732115,153.402636227387,4919.27034556408,3935.41627645127,3839.52458384974
2023,Non-dairy cattle,5,lwr,77640.004922149,20,5.99349343900888,4.7947947512071,66.8589751871031,68.0576738749049,54.4660755799899,156.709222754534,152.888214641164,4782.86189585259,3826.28951668208,3732.99390184615
2023,Non-dairy cattle,5,upr,81191.2137727553,20,6.01949529976839,4.81559623981471,67.0793576601294,68.2832567200831,55.0825428178319,157.756271391757,153.914911555534,5056.88925181642,4045.51140145314,3947.00333659192
2023,Non-dairy cattle,10,fit,82793.2011110352,20,6.01955639873036,4.81564511898429,66.8695116642911,68.0734229440372,54.5772518357385,156.994506541196,153.151376434435,5131.81880875929,4105.45504700743,4004.95600254585
2023,Non-dairy cattle,10,lwr,79835.5209540256,20,6.00252750316155,4.80202200252924,66.7524616178725,67.9529671185048,54.3265052109475,156.656688241017,152.821032548706,4923.87431997853,3939.09945598282,3842.65270084859
2023,Non-dairy cattle,10,upr,85750.8812680448,20,6.03658529429917,4.82926823543934,66.9865617107097,68.1938787695695,54.8279984605295,157.330901814144,153.480333914937,5341.6036652932,4273.28293223456,4168.69720944674
2023,Non-dairy cattle,15,fit,80277.0636445241,20,6.02214282980893,4.81771426384714,66.8431899952639,68.0476185612257,54.5427359245891,156.981611242461,153.134631630935,4977.58870577613,3982.0709646209,3884.48663170889
2023,Non-dairy cattle,15,lwr,77479.2955882172,20,6.01032100028094,4.80825680022475,66.7614849780843,67.9635491781405,54.3673273599418,156.744744807335,152.902965553708,4787.44740721321,3829.95792577057,3736.08649856847
2023,Non-dairy cattle,15,upr,83074.831700831,20,6.03396465933691,4.82717172746953,66.9248950124434,68.1316879443108,54.7181444892365,157.217779739923,153.365617697672,5168.94114152323,4135.15291321859,4033.83308083349
2024,Non-dairy cattle,5,fit,78889.4056959304,20,5.99606929217794,4.79685543374235,67.0497487629573,68.2489626213929,54.9474433735263,157.466300444852,153.643670628947,4885.40584148251,3908.32467318601,3813.4467317868
2024,Non-dairy cattle,5,lwr,76618.0448832974,20,5.97943844615642,4.78355075692514,66.908791659593,68.1046793488243,54.5531496033733,156.796425713292,152.986811736352,4711.45794914291,3769.16635931433,3677.58857762362
2024,Non-dairy cattle,5,upr,81160.7665085633,20,6.01270013819946,4.81016011055957,67.1907058663216,68.3932458939615,55.3417371436793,158.132583593314,154.297033665173,5061.33108979147,4049.06487183318,3950.85367382899
2024,Non-dairy cattle,10,fit,83431.8863192008,20,6.01308778160697,4.81047022528558,66.9188182588945,68.1214358152159,54.6899663423356,157.156754847507,153.318457862352,5171.18833169344,4136.95066535475,4035.91240402151
2024,Non-dairy cattle,10,lwr,80044.4859386691,20,5.99358476428676,4.79486781142941,66.7847620558125,67.9834790086699,54.4027888359304,156.770481709041,152.940737525562,4932.98801306808,3946.39041045447,3849.98408730348
2024,Non-dairy cattle,10,upr,86819.2866997324,20,6.03259079892719,4.82607263914175,67.0528744619765,68.2593926217619,54.9771438487408,157.541168065703,153.69436607691,5411.80123848663,4329.4409907893,4223.72575192053
2024,Non-dairy cattle,15,fit,80381.6265695944,20,6.01638737160463,4.8131098972837,66.8857507992765,68.0890282735974,54.6482781719078,157.145468586501,153.302190282648,4984.50618525764,3987.60494820611,3890.08081518702
2024,Non-dairy cattle,15,lwr,77309.6248035325,20,6.00340678119929,4.80272542495943,66.7960371589674,67.9967185152073,54.4556762801375,156.885823494689,153.048248912822,4775.76264744625,3820.610117957,3727.15440634904
2024,Non-dairy cattle,15,upr,83453.6283356564,20,6.02936796200996,4.82349436960797,66.9754644395855,68.1813380319875,54.840880063678,157.404274985756,153.55531447482,5194.7090878513,4155.76727028104,4054.147513655
2025,Non-dairy cattle,5,fit,78363.2020444083,20,5.98564421496724,4.78851537197379,67.1303311022984,68.3274599452919,55.1205775481417,157.69807978988,153.884036937839,4851.51271056593,3881.21016845274,3787.34027530009
2025,Non-dairy cattle,5,lwr,75581.3645380563,20,5.96527567159548,4.77222053727638,66.9576946128668,68.1507497471859,54.6376682753252,156.879140633278,153.080991962937,4639.14710710192,3711.31768568154,3621.46420818171
2025,Non-dairy cattle,5,upr,81145.0395507603,20,6.006012758339,4.8048102066712,67.3029675917301,68.5041701433979,55.6034868209583,158.511657064007,154.681862261148,5066.83927809791,4053.47142247833,3955.53563608329
2025,Non-dairy cattle,10,fit,84070.5715273663,20,6.00661916448359,4.80529533158687,66.9681248534979,68.1694486863946,54.8026808489327,157.318709599884,153.485250203718,5210.53321273385,4168.42657018708,4066.85254861422
2025,Non-dairy cattle,10,lwr,80242.3179216918,20,5.98457792695916,4.78766234156733,66.8166219057622,68.013537491154,54.4781286257345,156.882867617132,153.059065777189,4941.28844969014,3953.03075975211,3856.68112947012
2025,Non-dairy cattle,10,upr,87898.8251330408,20,6.02866040200802,4.82292832160642,67.1196278012336,68.3253598816352,55.127233072131,157.752184489825,153.909128284422,5482.85762340189,4386.28609872151,4279.43024715354
2025,Non-dairy cattle,15,fit,80486.1894946648,20,6.01063191340032,4.80850553072026,66.928311603289,68.1304379859691,54.7538204192264,157.309064688035,153.469494368068,4991.40654784807,3993.12523827845,3895.6617819976
2025,Non-dairy cattle,15,lwr,77134.1365786163,20,5.99646798081379,4.79717438465103,66.8304194494076,68.0297130455704,54.5436604707272,157.026226187741,153.192872705229,4763.67397427967,3810.93917942374,3717.90582232313
2025,Non-dairy cattle,15,upr,83838.2424107133,20,6.02479584598686,4.81983667678949,67.0262037571705,68.2311629263679,54.9639803677255,157.590907898106,153.745146240312,5220.87570137068,4176.70056109654,4074.7746626536
2026,Non-dairy cattle,5,fit,77836.9983928865,20,5.97521913775655,4.78017531020524,67.2109134416396,68.4059572691909,55.2937117227572,157.929191444356,154.123738620937,4817.59209007189,3854.07367205751,3761.20613184621
2026,Non-dairy cattle,5,lwr,74536.7876440247,20,5.95105507870542,4.76084406296434,67.0061075186598,68.1963185344009,54.7208161567023,156.959396852434,153.172745043216,4566.46000789201,3653.16800631361,3565.03518013125
2026,Non-dairy cattle,5,upr,81137.2091417483,20,5.99938319680768,4.79950655744614,67.4157193646193,68.6155960039809,55.866607288812,158.891475301331,155.067419749499,5072.88434310301,4058.30747448241,3960.63582029577
2026,Non-dairy cattle,10,fit,84709.2567355318,20,6.0001505473602,4.80012043788816,67.0174314481013,68.2174615575734,54.9153953555299,157.480371790505,153.651754383353,5249.85303122538,4199.88242498031,4097.77609402965
2026,Non-dairy cattle,10,lwr,80432.458294505,20,5.97552680505037,4.7804214440403,66.8481773606169,68.043282721627,54.5528163351252,156.994243581869,153.176406142877,4949.01722997486,3959.21378397989,3862.93232633797
2026,Non-dairy cattle,10,upr,88986.0551765587,20,6.02477428967002,4.81981943173602,67.1866855355856,68.3916403935196,55.2779743759346,157.963556213216,154.124234280433,5554.53022111903,4443.62417689522,4335.62139339009
2026,Non-dairy cattle,15,fit,80590.7524197351,20,6.00487645519602,4.80390116415682,66.9708724073016,68.1718476983408,54.859362666545,157.472400312804,153.636544592646,4998.28977058256,3998.63181646605,3901.22951170959
2026,Non-dairy cattle,15,lwr,76954.174660248,20,5.98951027705949,4.79160822164759,66.8646710917051,68.062573147117,54.6313641791142,157.166069000094,153.336950477585,4751.27300871193,3801.01840696954,3708.41222244688
2026,Non-dairy cattle,15,upr,84227.3301792223,20,6.02024263333256,4.81619410666605,67.0770737228981,68.2811222495646,55.0873611539757,157.777564054266,153.935001012362,5247.34926737306,4197.87941389845,4095.6429749795
2027,Non-dairy cattle,5,fit,77310.7947413644,20,5.96479406054585,4.77183524843668,67.2914957809807,68.4844545930899,55.4668458973726,158.159639057268,154.362779119942,4783.64510969638,3826.9160877571,3735.04521309069
2027,Non-dairy cattle,5,lwr,73487.524784033,20,5.93680017529193,4.74944014023355,67.0542296207265,68.2415896557849,54.803150584235,157.038149143971,153.263007125662,4493.64660268315,3594.91728214652,3508.49673173789
2027,Non-dairy cattle,5,upr,81134.0646986958,20,5.99278794579976,4.79423035663981,67.5287619412348,68.7273195303948,56.1305412105102,159.271096231741,155.452781986946,5079.21749034998,4063.37399227998,3965.95996573196
2027,Non-dairy cattle,10,fit,85347.9419436974,20,5.99368193023681,4.79494554418945,67.0667380427047,68.2654744287521,55.0281098621271,157.641742406879,153.817971321954,5289.14736816462,4231.31789453169,4128.68269925151
2027,Non-dairy cattle,10,lwr,80617.0943404178,20,5.96644399188257,4.77315519350606,66.8795149820059,68.0728037803824,54.627037397915,157.104862337667,153.293005769812,4956.32790871849,3965.06232697479,3868.85748233701
2027,Non-dairy cattle,10,upr,90078.789546977,20,6.02091986859105,4.81673589487284,67.2539611034034,68.4581450771216,55.4291823263391,158.175033227882,154.339439484725,5626.66448352642,4501.33158682114,4392.17858765334
2027,Non-dairy cattle,15,fit,80695.3153448055,20,5.99912099699172,4.79929679759338,67.0134332113142,68.2132574107126,54.9649049138636,157.635476223439,153.803341659118,5005.15583055404,4004.12466444324,3906.78398394368
2027,Non-dairy cattle,15,lwr,76770.7119257186,20,5.98253778078093,4.78603022462475,66.8988204974202,68.0953280535764,54.7188484007083,157.305436079674,153.480564509026,4738.62612816855,3790.90090253484,3698.72539067329
2027,Non-dairy cattle,15,upr,84619.9187638924,20,6.01570421320252,4.81256337056202,67.1280459252083,68.3311867678488,55.2109614270189,157.964160989588,154.124798069981,5274.06331532106,4219.25065225685,4116.70059025975
2028,Non-dairy cattle,5,fit,76784.5910898424,20,5.95436898333515,4.76349518666812,67.3720781203218,68.5629519169888,55.639980071988,158.389426249699,154.601161851611,4749.67289164474,3799.73831331579,3708.85842495952
2028,Non-dairy cattle,5,lwr,72435.2662628219,20,5.9225233377233,4.73801867017864,67.1021658167382,68.2866704842829,54.8849649840602,157.115900264783,153.352271170944,4420.83876344659,3536.67101075727,3451.95190919599
2028,Non-dairy cattle,5,upr,81133.9159168629,20,5.986214628947,4.7889717031576,67.6419904239053,68.8392333496947,56.3949951599159,159.650029664019,155.837467896424,5085.70799685218,4068.56639748174,3971.40599777117
2028,Non-dairy cattle,10,fit,85986.627151863,20,5.98721331311342,4.78977065049074,67.116044637308,68.3134872999307,55.1408243687242,157.802822431871,153.983901936116,5328.41580619033,4262.73264495227,4159.57202453459
2028,Non-dairy cattle,10,lwr,80797.6707933821,20,5.9573378055369,4.76587024442952,66.9106919452041,68.1021595063115,54.7009142959622,157.214890867132,153.40902794176,4963.32190105637,3970.6575208451,3874.53572115689
2028,Non-dairy cattle,10,upr,91175.5835103438,20,6.01708882068994,4.81367105655195,67.321397329412,68.52481509355,55.5807344414862,158.386451260907,154.554583165327,5699.15800760463,4559.3264060837,4449.02191189418
2028,Non-dairy cattle,15,fit,80799.8782698758,20,5.99336553878742,4.79469243102994,67.0559940153268,68.2546671230843,55.0704471611822,157.798293179472,153.969886267524,5012.00470491294,4009.60376393035,3912.3251783721
2028,Non-dairy cattle,15,lwr,76584.4659127124,20,5.97555352389784,4.78044281911827,66.9328886212665,68.1279993260461,54.8061581221749,157.444389576261,153.623775561114,4725.78232925918,3780.62586340734,3688.8835523689
2028,Non-dairy cattle,15,upr,85015.2906270393,20,6.01117755367701,4.80894204294161,67.1790994093871,68.3813349201225,55.3347362001895,158.150638230004,154.314478203071,5300.96875608672,4240.77500486938,4137.9092071782
2029,Non-dairy cattle,5,fit,76258.3874383206,20,5.94394390612446,4.75515512489957,67.4526604596629,68.6414492408878,55.8131142466035,158.618556615089,154.838890207978,4715.67655070165,3772.54124056132,3682.64666768993
2029,Non-dairy cattle,5,lwr,71380.9812793243,20,5.90823166244942,4.72658532995954,67.1499762536664,68.3316225861563,54.9664276029395,157.192938605585,153.440819960021,4348.11236066899,3478.48988853519,3395.46003436391
2029,Non-dairy cattle,5,upr,81135.7935973168,20,5.9796561497995,4.7837249198396,67.7553446656593,68.9512758956192,56.6598008902675,160.027999640907,156.221206460527,5092.28113346496,4073.82490677197,3976.91556023287
2029,Non-dairy cattle,10,fit,86625.3123600285,20,5.98074469599003,4.78459575679202,67.1653512319114,68.3615001711094,55.2535388753214,157.963612843731,154.14954713836,5367.6579295741,4294.12634365928,4190.44373139789
2029,Non-dairy cattle,10,lwr,80975.1750130734,20,5.94821393075408,4.75857114460326,66.9417473249219,68.1313901110727,54.7745307357844,157.324443348786,153.524584301383,4970.06850263256,3976.05480210605,3880.02110580842
2029,Non-dairy cattle,10,upr,92275.4497069837,20,6.01327546122599,4.81062036898079,67.3889551389009,68.5916102311461,55.7325470148583,158.597698826854,154.769556216321,5771.94051521418,4617.55241217135,4506.0965128982
2029,Non-dairy cattle,15,fit,80904.4411949462,20,5.98761008058312,4.7900880644665,67.0985548193394,68.296076835456,55.1759894085008,157.960851937358,154.136179115212,5018.83637086694,4015.06909669356,3917.85307471837
2029,Non-dairy cattle,15,lwr,76395.9751773023,20,5.96855978205207,4.77484782564166,66.966891191043,68.1606031474534,54.8933271087675,157.582976225369,153.766629317962,4712.7784248654,3770.22273989232,3678.9154284157
2029,Non-dairy cattle,15,upr,85412.9072125901,20,6.00666037911418,4.80532830329134,67.2302184476357,68.4315505234585,55.4586517082342,158.336950708191,154.503997272334,5328.02868485927,4262.42294788742,4159.24002937024
2030,Non-dairy cattle,5,fit,75732.1837867985,20,5.93351882891376,4.74681506313101,67.533242799004,68.7199465647868,55.9862484212189,158.847033719496,155.075967556573,4681.65719430026,3745.32575544021,3656.41083588052
2030,Non-dairy cattle,5,lwr,70325.2635605268,20,5.89392949672416,4.71514359737933,67.1976977772804,68.3764836766252,55.0476415080962,157.269440952109,153.528826848331,4275.514107302,3420.4112858416,3339.05766355438
2030,Non-dairy cattle,5,upr,81139.1040130702,20,5.97310816110336,4.77848652888269,67.8687878207276,69.0634094529483,56.9248553343416,160.404841679623,156.603835968826,5098.89132102104,4079.11305681683,3982.4530566473
2030,Non-dairy cattle,10,fit,87263.9975681938,20,5.97427607886664,4.77942086309331,67.2146578265148,68.4095130422881,55.3662533819185,158.12411461612,154.314907837146,5406.87332421097,4325.49865936878,4221.29748261778
2030,Non-dairy cattle,10,lwr,81150.3022132409,20,5.93907637023951,4.75126109619161,66.9727086342093,68.1605239082572,54.8479456563108,157.433600240112,153.639753513087,4976.61649090929,3981.29319272743,3885.35169024307
2030,Non-dairy cattle,10,upr,93377.6929231467,20,6.00947578749378,4.80758062999502,67.4566070188203,68.6585021763191,55.8845611075263,158.808698144848,154.984282495101,5844.96225174372,4675.96980139498,4563.36355063478
2030,Non-dairy cattle,15,fit,81009.0041200166,20,5.98185462237882,4.78548369790306,67.141115623352,68.3374865478278,55.2815316558194,158.123153250484,154.302220896859,5025.65080568067,4020.52064454454,3923.36765275703
2030,Non-dairy cattle,15,lwr,76205.6505549457,20,5.96155829120838,4.76924663296671,67.0008402046414,68.1931518628831,54.9803811181816,157.721231766025,153.909160707558,4699.64253323234,3759.71402658588,3668.84295698806
2030,Non-dairy cattle,15,upr,85812.3576850874,20,6.00215095354927,4.80172076283942,67.2813910420625,68.4818212327724,55.5826821934572,158.523064345825,154.693321887986,5355.21489204905,4284.17191363924,4180.67104364248
2023,Cattle,10,fit,101689.282837313,20,6.02974346602238,4.82379477281791,66.5593465160944,67.7652952092989,60.8495723414668,176.751929979255,172.361442171699,7114.18389159849,5691.34711327879,5549.96154469894
2023,Cattle,10,lwr,98466.9712116048,20,6.01451343944241,4.81161075155393,66.4564477511074,67.6593504389959,60.6962851750856,176.659845254678,172.271363063013,6868.72829086268,5494.98263269015,5358.46459837609
2023,Cattle,10,upr,104911.594463021,20,6.04504099419286,4.83603279535429,66.6625862615774,67.871594460416,61.0093018787723,176.860922675178,172.467996643447,7361.77316071152,5889.41852856922,5743.12340933343
2023,Cattle,15,fit,99232.0818890623,20,6.03065046878664,4.82452037502931,66.5277569748925,67.7338870686498,60.9499435109387,177.162886997457,172.758662108671,6958.44474602821,5566.75579682257,5428.35722507101
2023,Cattle,15,lwr,96255.3195084777,20,6.01968875093912,4.8157510007513,66.4531332993514,67.6570710495393,60.8879825919121,177.24372804756,172.837273640451,6740.92930955586,5392.74344764469,5258.66376331598
2023,Cattle,15,upr,102208.844269647,20,6.04165008014431,4.83332006411545,66.6025459592063,67.8108759752351,61.0189134526902,177.101886583309,172.699389093621,7177.35040736878,5741.88032589503,5599.13543233153
2023,Cattle,5,fit,98014.027135102,20,6.02086256922707,4.81669005538165,66.6360073169501,67.8401798307955,61.1813415120739,177.467034436878,173.070787537981,6876.96150004343,5501.56920003475,5365.26315377992
2023,Cattle,5,lwr,95992.2315360484,20,6.00973329290247,4.80778663432198,66.541428311028,67.7433749696085,60.8475871407339,176.816449183112,172.434228957191,6698.93673396367,5359.14938717093,5226.30643046387
2023,Cattle,5,upr,100035.822734156,20,6.03202210597172,4.82561768477738,66.7307507293198,67.9371551505141,61.5159660514024,178.117662501356,173.707386010038,7056.62654913151,5645.30123930521,5505.50259889548
2024,Cattle,10,fit,102349.447057904,20,6.02379020951259,4.81903216761007,66.601479806771,67.8062378486735,61.0321662340059,177.147288629237,172.754896396289,7169.70677603463,5735.7654208277,5593.53149050794
2024,Cattle,10,lwr,98658.9670033769,20,6.00635154122058,4.80508123297646,66.4834570735361,67.6847273817802,60.8573064428594,177.045118655562,172.65493816168,6888.31977653502,5510.65582122801,5373.99192213062
2024,Cattle,10,upr,106039.927112431,20,6.04131676370535,4.83305341096428,66.7199329403774,67.9281962931184,61.2154351034291,177.271572692868,172.876401982455,7453.89156589815,5963.11325271852,5815.25422944147
2024,Cattle,15,fit,99371.9521255017,20,6.0250357466935,4.8200285973548,66.5620012684263,67.767008417765,61.1560959612565,177.656265090343,173.24676674782,6981.29845919041,5585.03876735233,5446.40500423356
2024,Cattle,15,lwr,96103.4112363854,20,6.01300509679444,4.81040407743556,66.4798943068899,67.6824953262488,61.0906115607333,177.753689992714,173.341522985655,6742.3509207639,5393.88073661112,5259.9836217317
2024,Cattle,15,upr,102640.493014618,20,6.03711224226528,4.82968979381222,66.6442959468992,67.8517183953522,61.2301576161378,177.58318281358,173.17573653064,7221.92154720863,5777.5372377669,5634.13377867418
2024,Cattle,5,fit,97409.6027473781,20,6.01226608600982,4.80981286880786,66.7017313664618,67.9041845836638,61.4741672580342,178.105831459817,173.70522658687,6850.51056414075,5480.4084513126,5344.97558069842
2024,Cattle,5,lwr,94823.313127121,20,5.99805912534089,4.79844730027271,66.5806465339028,67.780258358971,61.0489853631243,177.280374288083,172.897504307042,6623.22265657508,5298.57812526006,5167.55629642504
2024,Cattle,5,upr,99995.8923676351,20,6.02652411762055,4.82121929409644,66.8230802161006,68.0283850396247,61.9008645772713,178.931662331152,174.513308227637,7080.47913784856,5664.38331027885,5524.49123310895
2025,Cattle,10,fit,103009.611278495,20,6.01783163243083,4.81426530594467,66.6436851332004,67.8472514596865,61.2140974095722,177.540157851498,173.145941040129,7225.21879029437,5780.1750322355,5637.09630017623
2025,Cattle,10,lwr,98838.8336944189,20,5.99812800134654,4.79850240107723,66.5101104967048,67.7097360969741,61.0172556145546,177.42835139313,173.036540059857,6906.91291944537,5525.53033555629,5388.74111745848
2025,Cattle,10,upr,107180.388862572,20,6.03764667685303,4.83011734148243,66.777788709693,67.9853180450636,61.4216255551115,177.680121421962,173.282776410417,7547.09691699332,6037.67753359466,5888.23902552068
2025,Cattle,15,fit,99511.8223619411,20,6.01942113726249,4.81553690980999,66.5962385896843,67.8001228171368,61.3623284056163,178.149698476236,173.734939420418,7004.15757638393,5603.32606110715,5464.45764830909
2025,Cattle,15,lwr,95945.3133385329,20,6.00629984353194,4.80503987482555,66.5064617589049,67.7077217276113,61.2936780318667,178.265520269279,173.847607262235,6743.30792874695,5394.64634299756,5260.94026458674
2025,Cattle,15,upr,103078.331385349,20,6.0325972067002,4.82607776536016,66.6862251854618,67.8927446268018,61.4413418030932,178.063360849024,173.651008287931,7267.00152121124,5813.60121696899,5669.53115564528
2025,Cattle,5,fit,96805.1783596539,20,6.00367713550785,4.80294170840628,66.7673905792721,67.9681260063737,61.7675777416193,178.745939052974,174.340926907196,6823.88975279002,5459.11180223201,5324.54940885032
2025,Cattle,5,lwr,93637.6334113108,20,5.98631494071808,4.78905195257446,66.618967226719,67.8162302148626,61.2490720074365,177.743496991965,173.359943779878,6546.07152040948,5236.85721632759,5107.67392057132
2025,Cattle,5,upr,99972.723307997,20,6.02111834391534,4.81689467513227,66.9162021076156,68.1204257763987,62.2884986789743,179.749412436292,175.322905052327,7105.72385136574,5684.57908109259,5544.56551548854
2026,Cattle,10,fit,103669.775499087,20,6.01186783642055,4.80949426913644,66.6859611192219,67.888334686506,61.3953785286166,177.930580506929,173.534617503499,7280.71945502916,5824.57556402333,5680.65558613059
2026,Cattle,10,lwr,99010.3205865365,20,5.98986059315346,4.79188847452277,66.5365263658572,67.7344984844879,61.176318639677,177.809682185477,173.416304177753,6924.79149711062,5539.8331976885,5402.93350317284
2026,Cattle,10,upr,108329.230411637,20,6.03401308611966,4.82721046889573,66.8360309924075,68.0428336096314,61.6277069158605,178.086504261633,173.687055939864,7641.10437782521,6112.88350226017,5961.85562937372
2026,Cattle,15,fit,99651.6925983805,20,6.01380664001921,4.81104531201537,66.6304689680255,67.8332302960293,61.5686405071813,178.643186737293,174.223179709335,7027.02194618159,5621.61755694527,5482.51503789936
2026,Cattle,15,lwr,95782.455531316,20,5.99957828730239,4.79966262984191,66.5328705367052,67.7327861941657,61.4972262485775,178.779229449773,174.355536947474,6743.90439288443,5395.12351430754,5261.61484117393
2026,Cattle,15,upr,103520.929665445,20,6.02809968610209,4.82247974888167,66.7282981843636,67.933918121584,61.652428531583,178.542434023197,174.125217151977,7312.48593559765,5849.98874847812,5705.24615154999
2026,Cattle,5,fit,96200.75397193,20,5.99509585970415,4.79607668776332,66.8329837332839,68.0320029052247,62.0615839844586,179.387397309577,174.977927315619,6797.10032239998,5437.68025791998,5303.98564582865
2026,Cattle,5,lwr,92442.9622741204,20,5.97454469995751,4.77963575996601,66.6567483872363,67.8516573272278,61.4492055137404,178.208574922658,173.824243327807,6468.17304564299,5174.53843651439,5047.19763280541
2026,Cattle,5,upr,99958.5456697396,20,6.01576172386264,4.81260937909011,67.0097538630395,68.212906207812,62.6775686262809,180.56835626523,176.133675283317,7131.67235852033,5705.33788681627,5565.18826996254
2027,Cattle,10,fit,104329.939719678,20,6.00589892055254,4.80471913644203,66.7283064235062,67.9294862076167,61.5760219311459,178.318598392068,173.920966158086,7336.20829255018,5868.96663404014,5724.20896207921
2027,Cattle,10,lwr,99175.8106650633,20,5.98156061947697,4.78524849558157,66.5627798804116,67.759092004307,61.3346143990227,178.189201263979,173.794318550383,6942.13592283714,5553.70873826971,5416.70978259455
2027,Cattle,10,upr,109484.068774293,20,6.03040480972368,4.82432384777895,66.8945805356051,68.1006614975498,61.8335791648001,178.490702228657,174.089221199713,7735.73248195108,6188.58598556086,6035.96249254811
2027,Cattle,15,fit,99791.56283482,20,6.00819225449193,4.80655380359354,66.6646924326436,67.866330883542,61.7750319310032,179.136729458706,174.711487200554,7049.89141721158,5639.91313376926,5500.57705364765
2027,Cattle,15,lwr,95615.8729343239,20,5.99284426448591,4.79427541158873,66.559145836414,67.7577146893112,61.7012891311622,179.29482824005,174.865322629669,6744.21568788072,5395.37255030458,5262.06613254613
2027,Cattle,15,upr,103967.252735316,20,6.02361585293179,4.81889268234543,66.7704891429809,67.9752123135673,61.8633916133493,179.020415435657,174.598375703317,7358.29908186952,5886.63926549561,5741.21972339808
2027,Cattle,5,fit,95596.3295842058,20,5.98652240417255,4.78921792333804,66.8985095754925,68.095814056327,62.3561972869258,180.030247232281,175.616267513117,6770.14352175314,5416.11481740251,5283.28529338964
2027,Cattle,5,lwr,91242.9554522356,20,5.96276960819187,4.7702156865535,66.6941558226505,67.8867097442889,61.6500590444158,178.677015872806,174.29177841755,6389.85216816471,5111.88173453177,4986.38109098843
2027,Cattle,5,upr,99949.7037161759,20,6.01043400010839,4.80834720008671,67.1035648906166,68.3056516906383,63.0674630880137,181.38729712182,176.944447930759,7158.00110458433,5726.40088366747,5586.10698645993
2028,Cattle,10,fit,104990.103940269,20,5.99992498140581,4.79993998512465,66.7707197384603,67.9707047347415,61.7560396467974,178.704252272452,174.30502637922,7391.68482681893,5913.34786145514,5767.75604300487
2028,Cattle,10,lwr,99336.8779281201,20,5.97323555196244,4.77858844156995,66.5889206837296,67.7835677941221,61.4922220724274,178.566970245165,174.17064324775,6959.06538936194,5567.25231148955,5430.16291165545
2028,Cattle,10,upr,110643.329952419,20,6.02681449256064,4.82145159404851,66.9533838113048,68.158746709817,62.0391812510692,178.89272223643,174.489278160743,7830.86098897302,6264.68879117842,6110.46581820119
2028,Cattle,15,fit,99931.4330712594,20,6.00257798021155,4.80206238416924,66.6989090125694,67.8994246086117,61.981502344009,179.63032622868,175.199861483144,7072.76583815725,5658.2126705258,5518.64357623858
2028,Cattle,15,lwr,95446.3289915383,20,5.98610060651481,4.78888048521185,66.5853061817313,67.7825263030343,61.9058918575038,179.812327622678,175.376975154047,6744.29743513966,5395.43794811173,5262.33751601659
2028,Cattle,15,upr,104416.537150981,20,6.01914288463622,4.81531430770898,66.8127789376666,68.0166075145939,62.0742125748545,179.497317813746,175.070496175622,7404.38500543012,5923.50800434409,5777.4082324001
2028,Cattle,5,fit,94991.9051964817,20,5.97795691819196,4.78236553455357,66.9639668210023,68.1595582046407,62.6514292370076,180.674530763105,176.255988114003,6743.02059207686,5394.41647366149,5262.44934750426
2028,Cattle,5,lwr,90039.5376145957,20,5.95100132830869,4.76080106264696,66.7312743097083,67.9214745753701,61.8520195448232,179.149666671523,174.763375690834,6311.28034691057,5049.02427752846,4925.35818102958
2028,Cattle,5,upr,99944.2727783677,20,6.00512450861574,4.80409960689259,67.1975453712777,68.3985702730009,63.4578602816479,182.205609977294,177.754611218358,7184.54000401877,5747.63200321501,5607.18892088379
2029,Cattle,10,fit,105650.268160861,20,5.99394611314546,4.79515689051636,66.813199789174,68.0119890118031,61.935443404536,179.087581914702,174.686836576897,7447.14858343772,5957.71886675017,5811.2964451579
2029,Cattle,10,lwr,99494.5980770649,20,5.9648905023858,4.77191240190864,66.6149826734782,67.8079607739553,61.6491963883572,178.943033157386,174.545321151154,6975.66137151699,5580.52909721359,5443.35642898735
2029,Cattle,10,upr,111805.938244657,20,6.02323713511631,4.81858970809305,67.0124031972053,68.2170506242286,62.2444758823332,179.292586209626,174.887247495733,7926.40738183097,6341.12590546477,6185.30123097939
2029,Cattle,15,fit,100071.303307699,20,5.9969638167116,4.79757105336928,66.7331187366712,67.9325115000135,62.1880514149877,180.123976638405,175.688302149238,7095.64505775684,5676.51604620547,5536.71448639784
2029,Cattle,15,lwr,95274.3967145263,20,5.97934944045601,4.78347955236481,66.6113654166139,67.8072353047051,62.1110542123143,180.331738891143,175.890505660231,6744.19140744355,5395.35312595484,5262.46156957064
2029,Cattle,15,upr,104868.209900871,20,6.01467866306703,4.81174293045362,66.8551531289082,68.0580888615216,62.2848783095675,179.97315348343,175.541590423125,7450.70160090098,5960.56128072079,5813.77883955254
2029,Cattle,5,fit,94387.4808087578,20,5.96939955486506,4.77551964389205,67.0293541520055,68.2232340629785,62.9472917195125,181.320290814492,176.897130676041,6715.7327671133,5372.58621369064,5241.47879840905
2029,Cattle,5,lwr,88833.8123415416,20,5.93924702789008,4.75139762231207,66.7681500346813,67.9559994402593,62.0553402115091,179.627114629698,175.239607831284,6232.55624518033,4986.04499614426,4864.20597946788
2029,Cattle,5,upr,99941.1492759739,20,5.99982713521264,4.79986170817011,67.2916438010649,68.4916092281074,63.8485757326049,183.022940764562,178.563818433686,7211.19175924247,5768.95340739398,5628.35813259123
2030,Cattle,10,fit,106310.432381452,20,5.98796240759758,4.79036992607806,66.8557453324043,68.0533378139238,62.1142446419891,179.468626117426,175.066434225643,7502.59908964044,6002.07927171235,5854.82978604944
2030,Cattle,10,lwr,99649.7285282602,20,5.95652907512821,4.76522326010257,66.6409896877188,67.8322955027444,61.805576456452,179.317422807549,174.918384175467,6991.98124746366,5593.58499797093,5456.33507942165
2030,Cattle,10,upr,112971.136234643,20,6.01966924121119,4.81573539296895,67.0716112822583,68.2755451305005,62.4494407279586,179.690324849946,175.283158485076,8022.31324552581,6417.85059642065,6260.42315348728
2030,Cattle,15,fit,100211.173544138,20,5.99134976352821,4.79307981082257,66.7673216336562,67.9655915863618,62.3946788145775,180.617680282035,176.176808794006,7118.52892480317,5694.82313984254,5554.78966489202
2030,Cattle,15,lwr,95100.5132229879,20,5.97259239078509,4.77807391262808,66.6373340437673,67.8318525219243,62.3167921550964,180.853073640775,176.405925576192,6743.92949376005,5395.14359500804,5262.46316361846
2030,Cattle,15,upr,105321.833865289,20,6.01022157270757,4.80817725816606,66.8976006226753,68.0996449372168,62.4953795114988,180.447934383328,176.011669931466,7497.21664731039,5997.77331784831,5850.3064138814
2030,Cattle,5,fit,93783.0564210336,20,5.96085047124141,4.76868037699312,67.0946702167218,68.2868403109701,63.2437969256352,181.967571301574,177.539737731719,6688.28127318862,5350.62501855089,5220.3746306563
2030,Cattle,5,lwr,87626.4556815172,20,5.92751156397087,4.74200925117669,66.8048089381751,67.9903112509693,62.2602065638369,180.109818316726,175.720921483947,6153.74062266369,4922.99249813095,4802.9719828601
2030,Cattle,5,upr,99939.65716055,20,5.99453813461091,4.79563050768873,67.3858286272583,68.5847362541805,64.2394964490237,183.839076402376,179.371860785332,7237.89696869112,5790.3175749529,5649.56825506654
2023,Dairy cattle,5,fit,18598.4177876498,30,6.08221506482228,4.2575505453756,65.2134113860689,67.0380759055156,88.5394953651687,263.863130637886,253.794778773316,1957.69115447935,1370.38380813554,1318.09341676308
2023,Dairy cattle,5,lwr,18352.2266138994,30,6.07843680026208,4.25490576018346,65.1980305021315,67.0215615422101,87.8448883080849,261.88106786558,251.890308199916,1916.07483811107,1341.25238667775,1290.08362386679
2023,Dairy cattle,5,upr,18844.6089614003,30,6.08599332938249,4.26019533056774,65.2287922700063,67.0545902688211,89.2341024222525,265.843869061351,255.697947710685,1999.73729731509,1399.81610812057,1346.39217854667
2023,Dairy cattle,10,fit,18896.0817262776,30,6.0743781116202,4.25206467813414,65.2003576069507,67.0226710404368,88.3317509532087,263.319100667789,253.280507722661,1982.3650828392,1387.65555798744,1334.75354951425
2023,Dairy cattle,10,lwr,18631.4502575792,30,6.06587301982264,4.24611111387585,65.1880321991192,67.007794105066,87.9907091071467,262.373111738654,252.380800525682,1944.85397088415,1361.39777961891,1309.54982077718
2023,Dairy cattle,10,upr,19160.713194976,30,6.08288320341775,4.25801824239243,65.2126830147822,67.0375479758075,88.6727927992707,264.264584687929,254.179663521534,2020.16949541832,1414.11864679282,1360.15275087197
2023,Dairy cattle,15,fit,18955.0182445382,30,6.06668146948878,4.24667702864215,65.1918555093669,67.0118599502135,88.0853334407939,262.633316902123,252.630811105146,1980.85604025209,1386.59922817646,1333.78998454539
2023,Dairy cattle,15,lwr,18776.0239202605,30,6.05834479043524,4.24084135330467,65.1807195570635,66.9982229941941,87.7954778258481,261.832818286921,251.871045080769,1953.48190234265,1367.43733163985,1315.41138370656
2023,Dairy cattle,15,upr,19134.0125688158,30,6.07501814854233,4.25251270397963,65.2029914616702,67.0254969062329,88.3751890557397,263.433429619282,253.390150553012,2008.40926584555,1405.88648609188,1352.28770656066
2024,Dairy cattle,5,fit,18520.1970514477,30,6.08125862620943,4.2568810383466,65.219301913627,67.0436795014898,89.2756732009752,266.022840716801,255.875156772399,1965.10472265824,1375.57330586077,1323.10080721133
2024,Dairy cattle,5,lwr,18205.2682438236,30,6.07642545394453,4.25349781776117,65.1996266207851,67.0225542569685,88.3871288680397,263.488392223931,253.439913461201,1911.76470743217,1338.23529520252,1287.19992005798
2024,Dairy cattle,5,upr,18835.1258590718,30,6.08609179847433,4.26026425893203,65.2389772064689,67.0648047460112,90.1642175339108,268.55512360587,258.308271589635,2019.14804805709,1413.40363363996,1359.4745270988
2024,Dairy cattle,10,fit,18917.5607387033,30,6.07099099616232,4.24969369731362,65.2019259198834,67.0232232187321,89.0030927019684,265.311294812403,255.202563780867,1998.51844434119,1398.96291103883,1345.66046946436
2024,Dairy cattle,10,lwr,18614.4810647078,30,6.06125020281682,4.24287514197177,65.1878097582424,67.0061848190874,88.6125010159845,264.228472644103,254.172786373206,1955.33176346693,1368.73223442685,1316.64268555829
2024,Dairy cattle,10,upr,19220.6404126989,30,6.08073178950781,4.25651225265547,65.2160420815243,67.0402616183766,89.3936843879523,266.393455171652,256.23161848694,2042.09032741152,1429.46322918807,1374.93496807726
2024,Dairy cattle,15,fit,18990.3255559073,30,6.0616423048476,4.24314961339332,65.1916448827882,67.0101375742425,88.7021734514167,264.473691172009,254.409050066524,1996.79227393278,1397.75459175294,1344.56253980556
2024,Dairy cattle,15,lwr,18793.7864328529,30,6.05248847498746,4.23674193249122,65.1794173984313,66.9951639409275,88.3839065532694,263.59519591684,253.575315340719,1966.58827331765,1376.61179132235,1324.28350172378
2024,Dairy cattle,15,upr,19186.8646789616,30,6.07079613470775,4.24955729429542,65.2038723671451,67.0251112075574,89.020440349564,265.351721460192,255.242270839211,2027.21245935733,1419.04872155013,1364.98537159206
2025,Dairy cattle,5,fit,18441.9763152456,30,6.08030218759657,4.2562115313176,65.2251924411852,67.0492830974642,90.0118510367815,268.181996221784,257.955050424802,1972.37704222409,1380.66392955686,1328.01320963401
2025,Dairy cattle,5,lwr,18056.2688732545,30,6.07438278465258,4.25206794925681,65.201095227184,67.0234100625798,88.9236109220146,265.079177185209,254.973670073347,1906.92441330756,1334.84708931529,1283.95924932136
2025,Dairy cattle,5,upr,18827.6837572367,30,6.08622159054056,4.26035511337839,65.2492896551864,67.0751561323486,91.1000911515485,271.281569119722,260.93324021768,2038.88457326783,1427.21920128748,1372.77638101717
2025,Dairy cattle,10,fit,18939.0397511291,30,6.06760388070444,4.24732271649311,65.203494232816,67.0237753970273,89.6744344507279,267.303352499366,257.124575647276,2014.68557756053,1410.27990429237,1356.57715679386
2025,Dairy cattle,10,lwr,18596.5157727271,30,6.05659537180146,4.23961676026102,65.1875409233074,67.0045195348478,89.2330092094696,266.080293571806,255.961508777858,1965.62446975523,1375.93712882866,1323.61152624561
2025,Dairy cattle,10,upr,19281.5637295311,30,6.07861238960741,4.25502867272519,65.2194475423246,67.0430312592068,90.1158596919861,268.525566751551,258.286720178477,2064.23929359143,1444.967505514,1389.87107365087
2025,Dairy cattle,15,fit,19025.6328672763,30,6.05660314020642,4.23962219814449,65.1914342562096,67.0084151982715,89.3190134620397,266.314082387539,256.187416710407,2012.75102853587,1408.92571997511,1355.35093488605
2025,Dairy cattle,15,lwr,18811.1767599166,30,6.04661482496042,4.23263037747229,65.1780920846498,66.9920765321379,88.9717325796514,265.356010748832,255.278224724849,1979.63395446728,1385.74376812709,1333.11549285327
2025,Dairy cattle,15,upr,19240.0889746361,30,6.06659145545243,4.2466140188167,65.2047764277693,67.024753864405,89.666294344428,267.27160076432,257.095997178166,2046.12581984056,1432.28807388839,1377.75779225957
2026,Dairy cattle,5,fit,18363.7555790435,30,6.07934574898372,4.2555420242886,65.2310829687433,67.0548866934384,90.7480288725881,270.340597391996,260.034459920375,1979.50823232809,1385.65576262966,1332.8307007789
2026,Dairy cattle,5,lwr,17906.1746300957,30,6.07232331249057,4.2506263187434,65.2024954310159,67.0241924247631,89.4570038878807,266.661050459689,256.498907015949,1901.71303775097,1331.19912642568,1280.46867122197
2026,Dairy cattle,5,upr,18821.3365279913,30,6.08636818547686,4.2604577298338,65.2596705064707,67.0855809621138,92.0390538572954,274.015578873091,263.565525478398,2058.78801541732,1441.15161079213,1386.19082591792
2026,Dairy cattle,10,fit,18960.5187635549,30,6.06421676524656,4.24495173567259,65.2050625457487,67.0243275753227,90.3457761994875,269.295273744359,259.046543323596,2030.86642380378,1421.60649666264,1367.5035725893
2026,Dairy cattle,10,lwr,18577.8622920315,30,6.05191842282627,4.23634289597839,65.1872400354702,67.0028155623181,89.8526305048437,267.929679365379,257.748019010697,1975.77426713576,1383.04198699503,1330.48467493762
2026,Dairy cattle,10,upr,19343.1752350782,30,6.07651510766684,4.25356057536679,65.2228850560271,67.0458395883272,90.8389218941314,270.659814671609,260.343917395098,2086.57415670618,1460.60190969433,1404.93269525788
2026,Dairy cattle,15,fit,19060.9401786454,30,6.05156397556524,4.23609478289567,65.1912236296309,67.0066928223005,89.9358534726628,268.154490548976,257.965911052202,2028.73217559903,1420.11252291932,1366.15508478541
2026,Dairy cattle,15,lwr,18828.280871068,30,6.04072784439785,4.22850949107849,65.1767489642326,66.988967317552,89.5590951204476,267.115649306367,256.980140385477,1992.6313841725,1394.84196892075,1341.91570549912
2026,Dairy cattle,15,upr,19293.5994862228,30,6.06240010673264,4.24368007471285,65.2056982950292,67.024418327049,90.3126118248779,269.192681026129,258.950962469303,2065.13666822459,1445.59566775721,1390.59646079623
2027,Dairy cattle,5,fit,18285.5348428414,30,6.07838931037086,4.2548725172596,65.2369734963014,67.0604902894127,91.4842067083944,272.498644466456,262.113385448861,1986.49841205676,1390.54888843973,1337.55335735608
2027,Dairy cattle,5,lwr,17755.4306682026,30,6.07025386917797,4.24917770842458,65.2038550434314,67.0249312041848,89.988563728655,268.23760072989,258.019072422562,1896.20556548155,1327.34389583709,1276.77864646018
2027,Dairy cattle,5,upr,18815.6390174801,30,6.08652475156375,4.26056732609462,65.2700919491714,67.0960493746405,92.9798496881338,276.753565162889,266.201680100533,2078.78361423436,1455.14852996405,1399.66754626724
2027,Dairy cattle,10,fit,18981.9977759806,30,6.06082964978868,4.24258075485208,65.2066308586813,67.0248797536179,91.017117948247,271.28705856306,260.968466811537,2047.06092438556,1432.94264706989,1378.43967793904
2027,Dairy cattle,10,lwr,18558.7163246455,30,6.04722564563333,4.23305795194333,65.1869162096984,67.0010839033884,90.4716171116414,269.777332177463,259.532985176492,1985.80801411865,1390.06560988306,1337.28017254916
2027,Dairy cattle,10,upr,19405.2792273157,30,6.07443365394402,4.25210355776081,65.2263455076642,67.0486756038474,91.5626187848526,272.795496866748,262.40254210203,2109.06799842465,1476.34759889726,1420.10175177525
2027,Dairy cattle,15,fit,19096.2474900145,30,6.04652481092407,4.23256736764685,65.1910130030523,67.0049704463295,90.5526934832856,269.994915656579,259.744533107315,2044.73558665753,1431.31491066027,1376.97490448995
2027,Dairy cattle,15,lwr,18845.1610086053,30,6.03483043224117,4.22438130256882,65.1753919095216,66.9858410391939,90.1460949681251,268.874391407224,258.681328124383,2005.58955971217,1403.91269179852,1350.69017835576
2027,Dairy cattle,15,upr,19347.3339714238,30,6.05821918960696,4.24075343272487,65.2066340965829,67.024099853465,90.959291998446,271.114682445774,260.806900962603,2084.23576654846,1458.96503658392,1403.49517913088
2028,Dairy cattle,5,fit,18207.3141066393,30,6.077432871758,4.2542030102306,65.2428640238595,67.0660938853869,92.2203845442009,274.656137684044,264.191827199905,1993.34770043212,1395.34339030249,1342.18125603803
2028,Dairy cattle,5,lwr,17604.2713517738,30,6.06817805147226,4.24772463603058,65.2051887064198,67.0256421218615,90.5189516826093,269.810717308202,259.535981609125,1890.44158346398,1323.30910842479,1272.91581243976
2028,Dairy cattle,5,upr,18810.3568615048,30,6.08668769204375,4.26068138443062,65.2805393412992,67.1065456489123,93.9218174057925,279.493639655154,268.83988962959,2098.83200716659,1469.18240501661,1413.18004981341
2028,Dairy cattle,10,fit,19003.4767884064,30,6.0574425343308,4.24020977403156,65.2081991716139,67.0254319319131,91.6884596970067,273.278706971146,262.890346112806,2063.26902062859,1444.28831444002,1389.38543393323
2028,Dairy cattle,10,lwr,18539.207134738,30,6.04252119469311,4.22976483628518,65.1865754665671,66.9993318249751,91.0901356181041,271.623715757645,261.316848539192,1995.74348830557,1397.0204418139,1344.00995944464
2028,Dairy cattle,10,upr,19467.7464420747,30,6.07236387396849,4.25065471177794,65.2298228766608,67.0515320388514,92.2867837759093,274.932149674921,264.46215310531,2131.70298136839,1492.19208695787,1435.36626265859
2028,Dairy cattle,15,fit,19131.5548013836,30,6.04148564628289,4.22903995239802,65.1908023764736,67.0032480703585,91.1695334939086,271.835357710611,261.52328289116,2060.76113324431,1442.53279327101,1387.81030897389
2028,Dairy cattle,15,lwr,18861.8630788259,30,6.02892472658091,4.22024730860664,65.1740237765312,66.9827011945055,90.7328064613437,270.632443413705,260.381983975609,2018.51510588048,1412.96057411633,1359.44335766617
2028,Dairy cattle,15,upr,19401.2465239412,30,6.05404656598486,4.2378325961894,65.207580976416,67.0237949462115,91.6062605264735,273.03739867889,262.663616675806,2103.4162493434,1472.39137454038,1416.44934162984
2029,Dairy cattle,5,fit,18129.0933704372,30,6.07647643314515,4.25353350320161,65.2487545514177,67.0716974813613,92.9565623800072,276.813077283501,266.26978536305,2000.05621641165,1400.03935148815,1346.71447345958
2029,Dairy cattle,5,lwr,17452.8310622173,30,6.06609792170777,4.24626854519544,65.206504815509,67.0263341920213,91.0485468952382,271.381483481692,261.050675432524,1884.44388451134,1319.11071915794,1268.89550380726
2029,Dairy cattle,5,upr,18805.3556786571,30,6.08685494458253,4.26079846120777,65.2910042873263,67.1170607707011,94.8645778647762,282.234720040227,271.479114069261,2118.91062577751,1483.23743804426,1426.71314704733
2029,Dairy cattle,10,fit,19024.9558008321,30,6.05405541887292,4.23783879321104,65.2097674845466,67.0259841102085,92.3598014457664,275.270218984289,264.812181229112,2079.49065386362,1455.64345770453,1400.34080166378
2029,Dairy cattle,10,lwr,18519.4230639915,30,6.03780790925266,4.22646553647686,65.1862219206558,66.9975642934316,91.7082998739204,273.469147023807,263.099910653659,2005.59286888443,1403.9150082191,1350.68221496892
2029,Dairy cattle,10,upr,19530.4885376728,30,6.07030292849317,4.24921204994522,65.2333130484373,67.0544039269853,93.0113030176124,277.069456265751,266.522448920049,2154.46686661678,1508.12680663175,1450.71800841136
2029,Dairy cattle,15,fit,19166.8621127527,30,6.03644648164171,4.2255125371492,65.190591749895,67.0015256943875,91.7863735045316,273.675816711334,263.30216041915,2076.8086868899,1453.76608082293,1398.6612131992
2029,Dairy cattle,15,lwr,18878.421537224,30,6.02301233218526,4.21610863252968,65.1726467088753,66.9795504085309,91.31928539583,272.389960204932,262.082255075397,2031.41298257815,1421.9890878047,1368.17857216206
2029,Dairy cattle,15,upr,19455.3026882814,30,6.04988063109815,4.2349164417687,65.2085367909146,67.023500980244,92.2534616132333,274.960674864292,264.520962524461,2122.67291604171,1485.8710412292,1429.45546015683
2030,Dairy cattle,5,fit,18050.8726342351,30,6.07551999453229,4.2528639961726,65.2546450789758,67.0773010773355,93.6927402158137,278.969463503429,268.347260127742,2006.62407888836,1404.63685522185,1351.15308621798
2030,Dairy cattle,5,lwr,17301.1921209904,30,6.06401474326143,4.244810320283,65.2078085137622,67.0270129367406,91.5775816293981,272.950562859398,262.563791507356,1878.22651536168,1314.75856075318,1264.72716894866
2030,Dairy cattle,5,upr,18800.5531474798,30,6.08702524580316,4.26091767206221,65.3014816441894,67.1275892179303,95.8078988022293,284.976143685476,274.118716664669,2139.00564767008,1497.30395336906,1440.25753470598
2030,Dairy cattle,10,fit,19046.4348132579,30,6.05066830341504,4.23546781239053,65.2113357974792,67.0265362885037,93.0311431945258,277.26159461816,266.733972162163,2095.72576542947,1467.00803580063,1411.30574222444
2030,Dairy cattle,10,lwr,18499.4263150193,30,6.03308778846553,4.22316145192587,65.1858584690978,66.9957848056375,92.3261900422479,275.313849112222,264.882383843114,2015.36475655437,1410.75532958806,1357.30271443172
2030,Dairy cattle,10,upr,19593.4433114964,30,6.06824881836454,4.24777417285518,65.2368131258607,67.0572877713701,93.7360963468038,279.207193590437,268.583217292988,2177.35099378209,1524.14569564746,1466.15117360026
2030,Dairy cattle,15,fit,19202.1694241218,30,6.03140731700053,4.22198512190037,65.1903811233163,66.9998033184165,92.4032135151547,275.516292659011,265.081165706704,2092.8781191225,1465.01468338575,1409.52753211574
2030,Dairy cattle,15,lwr,18894.8626680422,30,6.01709447324551,4.21196613127186,65.1712623418018,66.9763906837755,91.9055743351422,274.147059925252,263.782253670398,2044.2869605277,1431.00087236939,1376.89835236907
2030,Dairy cattle,15,upr,19509.4761802013,30,6.04572016075554,4.23200411252888,65.2094999048309,67.0232159530576,92.9008526951671,276.884392875569,266.378826313724,2142.00175526134,1499.40122868294,1442.51084476766
2023,Non-dairy cattle,5,fit,79415.6093474522,30,6.00649436938864,4.20454605857205,66.9691664236162,68.7711147344328,54.7743091989109,157.233849732115,151.56435306356,4919.27034556408,3443.48924189486,3319.32481535192
2023,Non-dairy cattle,5,lwr,77640.004922149,30,5.99349343900888,4.19544540730622,66.8589751871031,68.6570232188058,54.4660755799899,156.709222754534,151.054868962102,4782.86189585259,3348.00332709682,3227.2012774351
2023,Non-dairy cattle,5,upr,81191.2137727553,30,6.01949529976839,4.21364670983787,67.0793576601294,68.8852062500599,55.0825428178319,157.756271391757,152.071719159544,5056.88925181642,3539.82247627149,3412.26934902271
2023,Non-dairy cattle,10,fit,82793.2011110352,30,6.01955639873036,4.21368947911125,66.8695116642911,68.6753785839102,54.5772518357385,156.994506541196,151.307720423903,5131.81880875929,3592.2731661315,3462.15084770936
2023,Non-dairy cattle,10,lwr,79835.5209540256,30,6.00252750316155,4.20176925221308,66.7524616178725,68.553219868821,54.3265052109475,156.656688241017,150.980966738473,4923.87431997853,3446.71202398497,3321.83655414539
2023,Non-dairy cattle,10,upr,85750.8812680448,30,6.03658529429917,4.22560970600942,66.9865617107097,68.7975372989995,54.8279984605295,157.330901814144,151.633105180339,5341.6036652932,3739.12256570524,3603.70886297678
2023,Non-dairy cattle,15,fit,80277.0636445241,30,6.02214282980893,4.21549998086625,66.8431899952639,68.6498328442066,54.5427359245891,156.981611242461,151.289209630673,4977.58870577613,3484.31209404329,3357.96542437208
2023,Non-dairy cattle,15,lwr,77479.2955882172,30,6.01032100028094,4.20722470019666,66.7614849780843,68.5645812781686,54.3673273599418,156.744744807335,151.060042322435,4787.44740721321,3351.21318504925,3229.6738636264
2023,Non-dairy cattle,15,upr,83074.831700831,30,6.03396465933691,4.22377526153584,66.9248950124434,68.7350844102445,54.7181444892365,157.217779739923,151.517705484467,5168.94114152323,3618.25879906626,3487.07552027773
2024,Non-dairy cattle,5,fit,78889.4056959304,30,5.99606929217794,4.19724850452456,67.0497487629573,68.8485695506107,54.9474433735263,157.466300444852,151.809231397064,4885.40584148251,3419.78408903776,3296.92634318636
2024,Non-dairy cattle,5,lwr,76618.0448832974,30,5.97943844615642,4.18560691230949,66.908791659593,68.7026231934399,54.5531496033733,156.796425713292,151.158669713923,4711.45794914291,3298.02056440004,3179.43727949157
2024,Non-dairy cattle,5,upr,81160.7665085633,30,6.01270013819946,4.20889009673962,67.1907058663216,68.9945159077814,55.3417371436793,158.132583593314,152.456343022807,5061.33108979147,3542.93176285403,3415.75662567567
2024,Non-dairy cattle,10,fit,83431.8863192008,30,6.01308778160697,4.20916144712488,66.9188182588945,68.7227445933766,54.6899663423356,157.156754847507,151.476949718635,5171.18833169344,3619.83183218541,3489.0074242492
2024,Non-dairy cattle,10,lwr,80044.4859386691,30,5.99358476428676,4.19550933500073,66.7847620558125,68.5828374850985,54.4027888359304,156.770481709041,151.103337412926,4932.98801306808,3453.09160914766,3328.26473993471
2024,Non-dairy cattle,10,upr,86819.2866997324,30,6.03259079892719,4.22281355924903,67.0528744619765,68.8626517016547,54.9771438487408,157.541168065703,151.848772712232,5411.80123848663,3788.26086694064,3651.38059100085
2024,Non-dairy cattle,15,fit,80381.6265695944,30,6.01638737160463,4.21147116012324,66.8857507992765,68.6906670107579,54.6482781719078,157.145468586501,151.458393962023,4984.50618525764,3489.15432968035,3362.88227597306
2024,Non-dairy cattle,15,lwr,77309.6248035325,30,6.00340678119929,4.2023847468395,66.7960371589674,68.5970591933272,54.4556762801375,156.885823494689,151.207193138881,4775.76264744625,3343.03385321237,3222.02958975203
2024,Non-dairy cattle,15,upr,83453.6283356564,30,6.02936796200996,4.22055757340697,66.9754644395855,68.7842748281885,54.840880063678,157.404274985756,151.70878787609,5194.7090878513,3636.29636149591,3504.72128797456
2025,Non-dairy cattle,5,fit,78363.2020444083,30,5.98564421496724,4.18995095047707,67.1303311022984,68.9260243667886,55.1205775481417,157.69807978988,152.053445400303,4851.51271056593,3396.05889739615,3274.50059518466
2025,Non-dairy cattle,5,lwr,75581.3645380563,30,5.96527567159548,4.17569297011684,66.9576946128668,68.7472773143455,54.6376682753252,156.879140633278,151.258090205929,4639.14710710192,3247.40297497134,3131.04706043388
2025,Non-dairy cattle,5,upr,81145.0395507603,30,6.006012758339,4.2042089308373,67.3029675917301,69.1047714192318,55.6034868209583,158.511657064007,152.843649000048,5066.83927809791,3546.78749466854,3419.9626258022
2025,Non-dairy cattle,10,fit,84070.5715273663,30,6.00661916448359,4.20463341513851,66.9681248534979,68.770110602843,54.8026808489327,157.318709599884,151.645892865709,5210.53321273385,3647.37324891369,3515.85119375037
2025,Non-dairy cattle,10,lwr,80242.3179216918,30,5.98457792695916,4.18920454887141,66.8166219057622,68.61199528385,54.4781286257345,156.882867617132,151.224346928202,4941.28844969014,3458.9019147831,3334.14470997764
2025,Non-dairy cattle,10,upr,87898.8251330408,30,6.02866040200802,4.22006228140561,67.1196278012336,68.928225921836,55.127233072131,157.752184489825,152.065161447779,5482.85762340189,3838.00033638132,3699.63904256489
2025,Non-dairy cattle,15,fit,80486.1894946648,30,6.01063191340032,4.20744233938022,66.928311603289,68.7315011773091,54.7538204192264,157.309064688035,151.627327495947,4991.40654784807,3493.98458349365,3367.78777343705
2025,Non-dairy cattle,15,lwr,77134.1365786163,30,5.99646798081379,4.19752758656965,66.8304194494076,68.6293598436517,54.5436604707272,157.026226187741,151.353692827654,4763.67397427967,3334.57178199577,3214.11120586016
2025,Non-dairy cattle,15,upr,83838.2424107133,30,6.02479584598686,4.2173570921908,67.0262037571705,68.8336425109666,54.9639803677255,157.590907898106,151.900004544312,5220.87570137068,3654.61299095947,3522.63805912827
2026,Non-dairy cattle,5,fit,77836.9983928865,30,5.97521913775655,4.18265339642959,67.2109134416396,69.0034791829666,55.2937117227572,157.929191444356,152.296998428515,4817.59209007189,3372.31446305033,3252.04837549359
2026,Non-dairy cattle,5,lwr,74536.7876440247,30,5.95105507870542,4.16573855509379,67.0061075186598,68.7914240422714,54.7208161567023,156.959396852434,151.355100984627,4566.46000789201,3196.52200552441,3082.38895311622
2026,Non-dairy cattle,5,upr,81137.2091417483,30,5.99938319680768,4.19956823776538,67.4157193646193,69.2155343236616,55.866607288812,158.891475301331,153.23167831448,5072.88434310301,3551.01904017211,3424.52989513962
2026,Non-dairy cattle,10,fit,84709.2567355318,30,6.0001505473602,4.20010538315214,67.0174314481013,68.8174766123094,54.9153953555299,157.480371790505,151.814550755677,5249.85303122538,3674.89712185777,3542.6818547923
2026,Non-dairy cattle,10,lwr,80432.458294505,30,5.97552680505037,4.18286876353526,66.8481773606169,68.640835402132,54.5528163351252,156.994243581869,151.344379905408,4949.01722997486,3464.3120609824,3339.63939508899
2026,Non-dairy cattle,10,upr,88986.0551765587,30,6.02477428967002,4.21734200276901,67.1866855355856,68.9941178224866,55.2779743759346,157.963556213216,152.281889267096,5554.53022111903,3888.17115478332,3748.32058379991
2026,Non-dairy cattle,15,fit,80590.7524197351,30,6.00487645519602,4.20341351863721,66.9708724073016,68.7723353438604,54.859362666545,157.472400312804,151.796010908186,4998.28977058256,3498.80283940779,3372.68189804274
2026,Non-dairy cattle,15,lwr,76954.174660248,30,5.98951027705949,4.19265719394164,66.8646710917051,68.661524174823,54.6313641791142,157.166069000094,151.499653701083,4751.27300871193,3325.89110609835,3205.98048947265
2026,Non-dairy cattle,15,upr,84227.3301792223,30,6.02024263333256,4.21416984333279,67.0770737228981,68.8831465128979,55.0873611539757,157.777564054266,152.09124467967,5247.34926737306,3673.14448716114,3540.76398814512
2027,Non-dairy cattle,5,fit,77310.7947413644,30,5.96479406054585,4.17535584238209,67.2914957809807,69.0809339991445,55.4668458973726,158.159639057268,152.539893813221,4783.64510969638,3348.55157678747,3229.57048331592
2027,Non-dairy cattle,5,lwr,73487.524784033,30,5.93680017529193,4.15576012270435,67.0542296207265,68.8352696733141,54.803150584235,157.038149143971,151.450629178396,4493.64660268315,3145.55262187821,3033.63180408128
2027,Non-dairy cattle,5,upr,81134.0646986958,30,5.99278794579976,4.19495156205983,67.5287619412348,69.3265983249748,56.1305412105102,159.271096231741,153.619515490287,5079.21749034998,3555.45224324498,3429.29046059583
2027,Non-dairy cattle,10,fit,85347.9419436974,30,5.99368193023681,4.19557735116577,67.0667380427047,68.8648426217757,55.0281098621271,157.641742406879,151.982924275224,5289.14736816462,3702.40315771523,3569.49910705142
2027,Non-dairy cattle,10,lwr,80617.0943404178,30,5.96644399188257,4.1765107943178,66.8795149820059,68.6694481795707,54.627037397915,157.104862337667,151.463680806247,4956.32790871849,3469.42953610294,3344.85234904198
2027,Non-dairy cattle,10,upr,90078.789546977,30,6.02091986859105,4.21464390801374,67.2539611034034,69.0602370639807,55.4291823263391,158.175033227882,152.498714195164,5626.66448352642,3938.6651384685,3797.32096149726
2027,Non-dairy cattle,15,fit,80695.3153448055,30,5.99912099699172,4.1993846978942,67.0134332113142,68.8131695104117,54.9649049138636,157.635476223439,151.964444871951,5005.15583055404,3503.60908138783,3377.56463111609
2027,Non-dairy cattle,15,lwr,76770.7119257186,30,5.98253778078093,4.18777644654665,66.8988204974202,68.6935818316545,54.7188484007083,157.305436079674,151.64515713956,4738.62612816855,3317.03828971799,3197.68219851887
2027,Non-dairy cattle,15,upr,84619.9187638924,30,6.01570421320252,4.21099294924176,67.1280459252083,68.9327571891691,55.2109614270189,157.964160989588,152.282428398327,5274.06331532106,3691.84432072474,3559.0542494357
2028,Non-dairy cattle,5,fit,76784.5910898424,30,5.95436898333515,4.1680582883346,67.3720781203218,69.1583888153224,55.639980071988,158.389426249699,152.782134862431,4749.67289164474,3324.77102415132,3207.06771295319
2028,Non-dairy cattle,5,lwr,72435.2662628219,30,5.9225233377233,4.14576633640631,67.1021658167382,68.8789228180552,54.8849649840602,157.115900264783,151.545162999206,4420.83876344659,3094.58713441261,2984.86474576707
2028,Non-dairy cattle,5,upr,81133.9159168629,30,5.986214628947,4.1903502402629,67.6419904239053,69.4378548125894,56.3949951599159,159.650029664019,154.006683852367,5085.70799685218,3559.99559779653,3434.15605809456
2028,Non-dairy cattle,10,fit,85986.627151863,30,5.98721331311342,4.19104931917939,67.116044637308,68.912208631242,55.1408243687242,157.802822431871,152.151014307194,5328.41580619033,3729.89106433323,3596.30265129542
2028,Non-dairy cattle,10,lwr,80797.6707933821,30,5.9573378055369,4.17013646387583,66.9106919452041,68.6978932868652,54.7009142959622,157.214890867132,151.582411136296,4963.32190105637,3474.32533073946,3349.85196249942
2028,Non-dairy cattle,10,upr,91175.5835103438,30,6.01708882068994,4.21196217448296,67.321397329412,69.126523975619,55.5807344414862,158.386451260907,152.715477198667,5699.15800760463,3989.41060532324,3846.57108915056
2028,Non-dairy cattle,15,fit,80799.8782698758,30,5.99336553878742,4.19535587715119,67.0559940153268,68.854003676963,55.0704471611822,157.798293179472,152.132630057941,5012.00470491294,3508.40329343906,3382.43595403007
2028,Non-dairy cattle,15,lwr,76584.4659127124,30,5.97555352389784,4.18288746672849,66.9328886212665,68.7255546784359,54.8061581221749,157.444389576261,151.790263236885,4725.78232925918,3308.04763048143,3189.24937231703
2028,Non-dairy cattle,15,upr,85015.2906270393,30,6.01117755367701,4.20782428757391,67.1790994093871,68.9824526754902,55.3347362001895,158.150638230004,152.473497096769,5300.96875608672,3710.6781292607,3577.47573643074
2029,Non-dairy cattle,5,fit,76258.3874383206,30,5.94394390612446,4.16076073428712,67.4526604596629,69.2358436315002,55.8131142466035,158.618556615089,153.023724860852,4715.67655070165,3300.97358549116,3184.54085384791
2029,Non-dairy cattle,5,lwr,71380.9812793243,30,5.90823166244942,4.13576216371459,67.1499762536664,68.9224457524012,54.9664276029395,157.192938605585,151.638982504822,4348.11236066899,3043.67865246829,2936.13910412347
2029,Non-dairy cattle,5,upr,81135.7935973168,30,5.9796561497995,4.18575930485965,67.7553446656593,69.5492415105992,56.6598008902675,160.027999640907,154.392914765554,5092.28113346496,3564.59679342547,3439.07622500972
2029,Non-dairy cattle,10,fit,86625.3123600285,30,5.98074469599003,4.18652128719302,67.1653512319114,68.9595746407084,55.2535388753214,157.963612843731,152.318821730605,5367.6579295741,3757.36055070187,3623.09218937745
2029,Non-dairy cattle,10,lwr,80975.1750130734,30,5.94821393075408,4.16374975152786,66.9417473249219,68.7262115041481,54.7745307357844,157.324443348786,151.700681318779,4970.06850263256,3479.0479518428,3354.68496440306
2029,Non-dairy cattle,10,upr,92275.4497069837,30,6.01327546122599,4.20929282285819,67.3889551389009,69.1929377772687,55.7325470148583,158.597698826854,152.932070312315,5771.94051521418,4040.35836064993,3896.02354553988
2029,Non-dairy cattle,15,fit,80904.4411949462,30,5.98761008058312,4.19132705640818,67.0985548193394,68.8948378435143,55.1759894085008,157.960851937358,152.300567134345,5018.83637086694,3513.18545960686,3387.2958482045
2029,Non-dairy cattle,15,lwr,76395.9751773023,30,5.96855978205207,4.17799184743645,66.966891191043,68.7574591256586,54.8933271087675,157.582976225369,151.935017171304,4712.7784248654,3298.94489740578,3180.70683547505
2029,Non-dairy cattle,15,upr,85412.9072125901,30,6.00666037911418,4.20466226537993,67.2302184476357,69.03221656137,55.4586517082342,158.336950708191,152.664407080792,5328.02868485927,3729.62007940149,3596.00355767739
2030,Non-dairy cattle,5,fit,75732.1837867985,30,5.93351882891376,4.15346318023963,67.533242799004,69.3132984476781,55.9862484212189,158.847033719496,153.264667070084,4681.65719430026,3277.16003601018,3161.99069062528
2030,Non-dairy cattle,5,lwr,70325.2635605268,30,5.89392949672416,4.12575064770691,67.1976977772804,68.9658766262977,55.0476415080962,157.269440952109,151.732259381974,4275.514107302,2992.8598751114,2887.48652068136
2030,Non-dairy cattle,5,upr,81139.1040130702,30,5.97310816110336,4.18117571277235,67.8687878207276,69.6607202690586,56.9248553343416,160.404841679623,154.778047852855,5098.89132102104,3569.22392471473,3444.02017814671
2030,Non-dairy cattle,10,fit,87263.9975681938,30,5.97427607886664,4.18199325520665,67.2146578265148,69.0069406501748,55.3662533819185,158.12411461612,152.486347420675,5406.87332421097,3784.81132694768,3649.8674242304
2030,Non-dairy cattle,10,lwr,81150.3022132409,30,5.93907637023951,4.15735345916766,66.9727086342093,68.7544315452812,54.8479456563108,157.433600240112,151.818569155538,4976.61649090929,3483.6315436365,3359.38424588754
2030,Non-dairy cattle,10,upr,93377.6929231467,30,6.00947578749378,4.20663305124565,67.4566070188203,69.2594497550685,55.8845611075263,158.808698144848,153.148418177988,5844.96225174372,4091.47357622061,3945.64475079132
2030,Non-dairy cattle,15,fit,81009.0041200166,30,5.98185462237882,4.18729823566517,67.141115623352,68.9356720100657,55.2815316558194,158.123153250484,152.468256766862,5025.65080568067,3517.95556397647,3392.14429510583
2030,Non-dairy cattle,15,lwr,76205.6505549457,30,5.96155829120838,4.17309080384587,67.0008402046414,68.7893076920039,54.9803811181816,157.721231766025,152.07945348046,4699.64253323234,3289.74977326264,3172.07355029686
2030,Non-dairy cattle,15,upr,85812.3576850874,30,6.00215095354927,4.20150566748449,67.2813910420625,69.0820363281273,55.5826821934572,158.523064345825,152.855125290589,5355.21489204905,3748.65042443434,3614.61868443008
2023,Cattle,10,fit,101689.282837313,30,6.02974346602238,4.22082042621567,66.5593465160944,68.3682695559011,60.8495723414668,176.751929979255,170.256483448777,7114.18389159849,4979.92872411894,4796.90439722361
2023,Cattle,10,lwr,98466.9712116048,30,6.01451343944241,4.21015940760969,66.4564477511074,68.2608017829401,60.6962851750856,176.659845254678,170.167359252499,6868.72829086268,4808.10980360388,4631.38637492257
2023,Cattle,10,upr,104911.594463021,30,6.04504099419286,4.231528695935,66.6625862615774,68.4760985598352,61.0093018787723,176.860922675178,170.361875852107,7361.77316071152,5153.24121249806,4963.86161384876
2023,Cattle,15,fit,99232.0818890623,30,6.03065046878664,4.22145532815065,66.5277569748925,68.3369521155285,60.9499435109387,177.162886997457,170.647182055628,6958.44474602821,4870.91132221975,4691.75540891747
2023,Cattle,15,lwr,96255.3195084777,30,6.01968875093912,4.21378212565738,66.4531332993514,68.2590399246332,60.8879825919121,177.24372804756,170.724719650208,6740.92930955586,4718.6505166891,4545.08524733296
2023,Cattle,15,upr,102208.844269647,30,6.04165008014431,4.22915505610102,66.6025459592063,68.4150409832496,61.0189134526902,177.101886583309,170.588742421497,7177.35040736878,5024.14528515815,4839.36322683839
2023,Cattle,5,fit,98014.027135102,30,6.02086256922707,4.21460379845895,66.6360073169501,68.4422660877182,61.1813415120739,177.467034436878,170.962843499409,6876.96150004343,4813.8730500304,4637.418232115
2023,Cattle,5,lwr,95992.2315360484,30,6.00973329290247,4.20681330503173,66.541428311028,68.3443482988987,60.8475871407339,176.816449183112,170.33304180997,6698.93673396367,4689.25571377457,4517.28490130189
2023,Cattle,5,upr,100035.822734156,30,6.03202210597172,4.2224154741802,66.7307507293198,68.5403573611113,61.5159660514024,178.117662501356,171.592683768197,7056.62654913151,4939.63858439206,4758.66152756938
2024,Cattle,10,fit,102349.447057904,30,6.02379020951259,4.21665314665881,66.601479806771,68.4086168696247,61.0321662340059,177.147288629237,170.64887160573,7169.70677603463,5018.79474322424,4834.66789371356
2024,Cattle,10,lwr,98658.9670033769,30,6.00635154122058,4.2044460788544,66.4834570735361,68.2853625359023,60.8573064428594,177.045118655562,170.549966181655,6888.31977653502,4821.82384357451,4644.907425493
2024,Cattle,10,upr,106039.927112431,30,6.04131676370535,4.22892173459374,66.7199329403774,68.532327969489,61.2154351034291,177.271572692868,170.769053011582,7453.89156589815,5217.72409612871,5026.31555907811
2024,Cattle,15,fit,99371.9521255017,30,6.0250357466935,4.21752502268545,66.5620012684263,68.3695119924343,61.1560959612565,177.656265090343,171.132622291055,6981.29845919041,4886.90892143329,4707.44481577863
2024,Cattle,15,lwr,96103.4112363854,30,6.01300509679444,4.20910356775611,66.4798943068899,68.2837958359283,61.0906115607333,177.753689992714,171.22609362787,6742.3509207639,4719.64564453473,4546.31309147581
2024,Cattle,15,upr,102640.493014618,30,6.03711224226528,4.22597856958569,66.6442959468992,68.4554296195787,61.2301576161378,177.58318281358,171.062581578854,7221.92154720863,5055.34508304604,4869.70665956663
2024,Cattle,5,fit,97409.6027473781,30,6.01226608600982,4.20858626020687,66.7017313664618,68.5054111922648,61.4741672580342,178.105831459817,171.594975203973,6850.51056414075,4795.35739489853,4620.02715039769
2024,Cattle,5,lwr,94823.313127121,30,5.99805912534089,4.19864138773862,66.5806465339028,68.380064271505,61.0489853631243,177.280374288083,170.795797096667,6623.22265657508,4636.25585960255,4466.63719954956
2024,Cattle,5,upr,99995.8923676351,30,6.02652411762055,4.21856688233438,66.8230802161006,68.6310374513868,61.9008645772713,178.931662331152,172.394505979059,7080.47913784856,4956.33539649399,4775.23115277447
2025,Cattle,10,fit,103009.611278495,30,6.01783163243083,4.21248214270158,66.6436851332004,68.4490346229296,61.2140974095722,177.540157851498,171.038888735735,7225.21879029437,5057.65315320606,4872.42835054423
2025,Cattle,10,lwr,98838.8336944189,30,5.99812800134654,4.19868960094258,66.5101104967048,68.3095488971087,61.0172556145546,177.42835139313,170.930632499617,6906.91291944537,4834.83904361176,4657.75623622324
2025,Cattle,10,upr,107180.388862572,30,6.03764667685303,4.22635267379712,66.777788709693,68.5890827127489,61.4216255551115,177.680121421962,171.174233320454,7547.09691699332,5282.96784189532,5089.51011621575
2025,Cattle,15,fit,99511.8223619411,30,6.01942113726249,4.21359479608374,66.5962385896843,68.4020649308631,61.3623284056163,178.149698476236,171.618136856552,7004.15757638393,4902.91030346875,4723.13870832311
2025,Cattle,15,lwr,95945.3133385329,30,6.00629984353194,4.20440989047236,66.5064617589049,68.3083517119645,61.2936780318667,178.265520269279,171.72928670697,6743.30792874695,4720.31555012287,4547.22669871343
2025,Cattle,15,upr,103078.331385349,30,6.0325972067002,4.22281804469014,66.6862251854618,68.4960043474718,61.4413418030932,178.063360849024,171.535365641535,7267.00152121124,5086.90106484786,4900.39585138784
2025,Cattle,5,fit,96805.1783596539,30,6.00367713550785,4.2025739948555,66.7673905792721,68.5684937199245,61.7675777416193,178.745939052974,172.228346420085,6823.88975279002,4776.72282695301,4602.51380481867
2025,Cattle,5,lwr,93637.6334113108,30,5.98631494071808,4.19042045850265,66.618967226719,68.4148617089344,61.2490720074365,177.743496991965,171.257702842502,6546.07152040948,4582.25006428664,4415.00630975524
2025,Cattle,5,upr,99972.723307997,30,6.02111834391534,4.21478284074073,66.9162021076156,68.7225376107902,62.2884986789743,179.749412436292,173.199967939414,7105.72385136574,4974.00669595602,4792.73900681937
2026,Cattle,10,fit,103669.775499087,30,6.01186783642055,4.20830748549438,66.6859611192219,68.489521470148,61.3953785286166,177.930580506929,171.426575546406,7280.71945502916,5096.50361852041,4910.1854273816
2026,Cattle,10,lwr,99010.3205865365,30,5.98986059315346,4.19290241520742,66.5365263658572,68.3334845438033,61.176318639677,177.809682185477,171.309492056937,6924.79149711062,4847.35404797744,4670.12407002661
2026,Cattle,10,upr,108329.230411637,30,6.03401308611966,4.22380916028376,66.8360309924075,68.6462349182434,61.6277069158605,178.086504261633,171.577353089697,7641.10437782521,5348.77306447765,5153.2532790578
2026,Cattle,15,fit,99651.6925983805,30,6.01380664001921,4.20966464801345,66.6304689680255,68.4346109600312,61.5686405071813,178.643186737293,172.103725334812,7027.02194618159,4918.91536232711,4738.83698282815
2026,Cattle,15,lwr,95782.455531316,30,5.99957828730239,4.19970480111167,66.5328705367052,68.3327440228959,61.4972262485775,178.779229449773,172.234309319318,6743.90439288443,4720.7330750191,4547.89619497177
2026,Cattle,15,upr,103520.929665445,30,6.02809968610209,4.21966978027146,66.7282981843636,68.5367280901942,61.652428531583,178.542434023197,172.007107132866,7312.48593559765,5118.74015491836,4931.36044894135
2026,Cattle,5,fit,96200.75397193,30,5.99509585970415,4.19656710179291,66.8329837332839,68.6315124911952,62.0615839844586,179.387397309577,172.862995344926,6797.10032239998,4757.97022567999,4584.87907627249
2026,Cattle,5,lwr,92442.9622741204,30,5.97454469995751,4.18218128997026,66.6567483872363,68.4491117972236,61.4492055137404,178.208574922658,171.721425318619,6468.17304564299,4527.72113195009,4362.8576243382
2026,Cattle,5,upr,99958.5456697396,30,6.01576172386264,4.21103320670385,67.0097538630395,68.8144823801983,62.6775686262809,180.56835626523,174.006595096095,7131.67235852033,4992.17065096423,4810.72072105753
2027,Cattle,10,fit,104329.939719678,30,6.00589892055254,4.20412924438678,66.7283064235062,68.5300760996719,61.5760219311459,178.318598392068,171.811971733671,7336.20829255018,5135.34580478512,4947.93878499047
2027,Cattle,10,lwr,99175.8106650633,30,5.98156061947697,4.18709243363388,66.5627798804116,68.3572480662547,61.3346143990227,178.189201263979,171.686631844001,6942.13592283714,4859.495145986,4682.13252159114
2027,Cattle,10,upr,109484.068774293,30,6.03040480972368,4.22128336680658,66.8945805356051,68.7037019785222,61.8335791648001,178.490702228657,171.978392769042,7735.73248195108,5415.01273736575,5217.42271327251
2027,Cattle,15,fit,99791.56283482,30,6.00819225449193,4.20573457814435,66.6646924326436,68.4671501089912,61.7750319310032,179.136729458706,172.589387311674,7049.89141721158,4934.92399204811,4754.53953560604
2027,Cattle,15,lwr,95615.8729343239,30,5.99284426448591,4.19499098514014,66.559145836414,68.3569991157597,61.7012891311622,179.29482824005,172.741171996205,6744.21568788072,4720.9509815165,4548.37237687463
2027,Cattle,15,upr,103967.252735316,30,6.02361585293179,4.21653109705225,66.7704891429809,68.5775738988605,61.8633916133493,179.020415435657,172.477818384432,7358.29908186952,5150.80935730866,4962.54942856658
2027,Cattle,5,fit,95596.3295842058,30,5.98652240417255,4.19056568292078,66.8985095754925,68.6944662967443,62.3561972869258,180.030247232281,173.498961048019,6770.14352175314,4739.1004652272,4567.123840672
2027,Cattle,5,lwr,91242.9554522356,30,5.96276960819187,4.17393872573431,66.6941558226505,68.4829867051081,61.6500590444158,178.677015872806,172.188324445519,6389.85216816471,4472.89651771529,4310.41045054146
2027,Cattle,5,upr,99949.7037161759,30,6.01043400010839,4.20730380007587,67.1035648906166,68.9066950906491,63.0674630880137,181.38729712182,174.813228831631,7158.00110458433,5010.60077320903,4828.95800686306
2028,Cattle,10,fit,104990.103940269,30,5.99992498140581,4.19994748698407,66.7707197384603,68.5706972328821,61.7560396467974,178.704252272452,172.195116013473,7391.68482681893,5174.17937877325,4985.68808522865
2028,Cattle,10,lwr,99336.8779281201,30,5.97323555196244,4.18126488637371,66.5889206837296,68.3808913493184,61.4922220724274,178.566970245165,172.062111195908,6959.06538936194,4871.34577255335,4693.86192194406
2028,Cattle,10,upr,110643.329952419,30,6.02681449256064,4.21877014479245,66.9533838113048,68.761428159073,62.0391812510692,178.89272223643,172.377357885291,7830.86098897302,5481.60269228111,5281.93735180916
2028,Cattle,15,fit,99931.4330712594,30,6.00257798021155,4.20180458614808,66.6989090125694,68.4996824066329,61.981502344009,179.63032622868,173.075122376103,7072.76583815725,4950.93608671008,4770.24626300395
2028,Cattle,15,lwr,95446.3289915383,30,5.98610060651481,4.19027042456037,66.5853061817313,68.3811363636858,61.9058918575038,179.812327622678,173.249885515805,6744.29743513966,4721.00820459776,4548.6927299832
2028,Cattle,15,upr,104416.537150981,30,6.01914288463622,4.21340001924536,66.8127789376666,68.6185218030575,62.0742125748545,179.497317813746,172.947511393607,7404.38500543012,5183.06950380108,4993.92507806057
2028,Cattle,5,fit,94991.9051964817,30,5.97795691819196,4.18456984273437,66.9639668210023,68.7573538964599,62.6514292370076,180.674530763105,174.136283499799,6743.02059207686,4720.1144144538,4549.24896899122
2028,Cattle,5,lwr,90039.5376145957,30,5.95100132830869,4.16570092981609,66.7312743097083,68.516574708201,61.8520195448232,179.149666671523,172.659217165573,6311.28034691057,4417.8962428374,4257.78055820683
2028,Cattle,5,upr,99944.2727783677,30,6.00512450861574,4.20358715603102,67.1975453712777,68.9990827238624,63.4578602816479,182.205609977294,175.619263744866,7184.54000401877,5029.17800281314,4847.33610790797
2029,Cattle,10,fit,105650.268160861,30,5.99394611314546,4.19576227920182,66.813199789174,68.6113836231176,61.935443404536,179.087581914702,172.576046152294,7447.14858343772,5213.0040084064,5023.43299104123
2029,Cattle,10,lwr,99494.5980770649,30,5.9648905023858,4.17542335167006,66.6149826734782,68.4044498241939,61.6491963883572,178.943033157386,172.435972449432,6975.66137151699,4882.96296006189,4705.36717937198
2029,Cattle,10,upr,111805.938244657,30,6.02323713511631,4.21626599458141,67.0124031972053,68.8193743377402,62.2444758823332,179.292586209626,172.774268519478,7926.40738183097,5548.48516728168,5346.74155395124
2029,Cattle,15,fit,100071.303307699,30,5.9969638167116,4.19787467169812,66.7331187366712,68.5322078816847,62.1880514149877,180.123976638405,173.560930120164,7095.64505775684,4966.95154042979,4785.9570614037
2029,Cattle,15,lwr,95274.3967145263,30,5.97934944045601,4.18554460831921,66.6113654166139,68.4051702487507,62.1110542123143,180.331738891143,173.760460942362,6744.19140744355,4720.93398521048,4548.8854076371
2029,Cattle,15,upr,104868.209900871,30,6.01467866306703,4.21027506414692,66.8551531289082,68.6595567278283,62.2848783095675,179.97315348343,173.416197789169,7450.70160090098,5215.49112063069,5025.45901783422
2029,Cattle,5,fit,94387.4808087578,30,5.96939955486506,4.17857968840554,67.0293541520055,68.8201740184651,62.9472917195125,181.320290814492,174.775003601284,6715.7327671133,4701.01293697931,4531.25532730748
2029,Cattle,5,lwr,88833.8123415416,30,5.93924702789008,4.15747291952306,66.7681500346813,68.5499241430483,62.0553402115091,179.627114629698,173.134669142211,6232.55624518033,4362.78937162623,4205.03460793073
2029,Cattle,5,upr,99941.1492759739,30,5.99982713521264,4.19987899464885,67.2916438010649,69.0915919416287,63.8485757326049,183.022940764562,176.424356658305,7211.19175924247,5047.83423146973,4865.78937205705
2030,Cattle,10,fit,106310.432381452,30,5.98796240759758,4.19157368531831,66.8557453324043,68.6521340546836,62.1142446419891,179.468626117426,172.954798996533,7502.59908964044,5251.81936274831,5061.17316645484
2030,Cattle,10,lwr,99649.7285282602,30,5.95652907512821,4.16957035258975,66.6409896877188,68.4279484102573,61.805576456452,179.317422807549,172.808247096453,6991.98124746366,4894.38687322456,4716.68696031927
2030,Cattle,10,upr,112971.136234643,30,6.01966924121119,4.21376846884783,67.0716112822583,68.8775120546216,62.4494407279586,179.690324849946,173.169153279174,8022.31324552581,5615.61927186807,5411.79592439158
2030,Cattle,15,fit,100211.173544138,30,5.99134976352821,4.19394483446975,66.7673216336562,68.5647265627146,62.3946788145775,180.617680282035,174.046810138993,7118.52892480317,4982.97024736222,4801.67182722157
2030,Cattle,15,lwr,95100.5132229879,30,5.97259239078509,4.18081467354956,66.6373340437673,68.4291117610029,62.3167921550964,180.853073640775,174.272909621709,6743.92949376005,4720.75064563203,4548.97190266593
2030,Cattle,15,upr,105321.833865289,30,6.01022157270757,4.2071551008953,66.8976006226753,68.7006670944875,62.4953795114988,180.447934383328,173.883888840528,7497.21664731039,5248.05165311727,5057.12952919774
2030,Cattle,5,fit,93783.0564210336,30,5.96085047124141,4.17259532986898,67.0946702167218,68.8829253580942,63.2437969256352,181.967571301574,175.41516321488,6688.28127318862,4681.79689123203,4513.14377684326
2030,Cattle,5,lwr,87626.4556815172,30,5.92751156397087,4.14925809477961,66.8048089381751,68.5830624073664,62.2602065638369,180.109818316726,173.615121303655,6153.74062266369,4307.61843586458,4152.21368963001
2030,Cattle,5,upr,99939.65716055,30,5.99453813461091,4.19617669422764,67.3858286272583,69.1841900676416,64.2394964490237,183.839076402376,177.228300839494,7237.89696869112,5066.52787808379,4884.27771285269
2023,Dairy cattle,5,fit,18598.4177876498,40,6.08221506482228,3.64932903889337,65.2134113860689,67.6462974119978,88.5394953651687,263.863130637886,250.626591612198,1957.69115447935,1174.61469268761,1115.69083628403
2023,Dairy cattle,5,lwr,18352.2266138994,40,6.07843680026208,3.64706208015725,65.1980305021315,67.6294052222363,87.8448883080849,261.88106786558,248.746496873008,1916.07483811107,1149.64490286664,1091.98478747144
2023,Dairy cattle,5,upr,18844.6089614003,40,6.08599332938249,3.65159599762949,65.2287922700063,67.6631896017593,89.2341024222525,265.843869061351,252.505392445299,1999.73729731509,1199.84237838906,1139.64136806071
2023,Dairy cattle,10,fit,18896.0817262776,40,6.0743781116202,3.64462686697212,65.2003576069507,67.6301088515988,88.3317509532087,263.319100667789,250.121516193323,1982.3650828392,1189.41904970352,1129.80522623158
2023,Dairy cattle,10,lwr,18631.4502575792,40,6.06587301982264,3.63952381189358,65.1880321991192,67.6143814070483,87.9907091071467,262.373111738654,249.236182644749,1944.85397088415,1166.91238253049,1108.48549142676
2023,Dairy cattle,10,upr,19160.713194976,40,6.08288320341775,3.64972992205065,65.2126830147822,67.6458362961493,88.6727927992707,264.264584687929,251.00628533129,2020.16949541832,1212.10169725099,1151.28988937359
2023,Dairy cattle,15,fit,18955.0182445382,40,6.06668146948878,3.64000888169327,65.1918555093669,67.6185280971624,88.0853334407939,262.633316902123,249.482991145336,1980.85604025209,1188.51362415125,1129.00349989008
2023,Dairy cattle,15,lwr,18776.0239202605,40,6.05834479043524,3.63500687426114,65.1807195570635,67.6040574732376,87.7954778258481,261.832818286921,248.735853277299,1953.48190234265,1172.08914140559,1113.46085113403
2023,Dairy cattle,15,upr,19134.0125688158,40,6.07501814854233,3.6450108891254,65.2029914616702,67.6329987210871,88.3751890557397,263.433429619282,250.229691057621,2008.40926584555,1205.04555950733,1144.646594404
2024,Dairy cattle,5,fit,18520.1970514477,40,6.08125862620943,3.64875517572566,65.219301913627,67.6518053641108,89.2756732009752,266.022840716801,252.681951350911,1965.10472265824,1179.06283359494,1119.93352433699
2024,Dairy cattle,5,lwr,18205.2682438236,40,6.07642545394453,3.64585527236672,65.1996266207851,67.6301968023629,88.3871288680397,263.488392223931,250.27787385069,1911.76470743217,1147.0588244593,1089.54873246697
2024,Dairy cattle,5,upr,18835.1258590718,40,6.08609179847433,3.6516550790846,65.2389772064689,67.6734139258586,90.1642175339108,268.55512360587,255.083912987896,2019.14804805709,1211.48882883425,1150.71835849126
2024,Dairy cattle,10,fit,18917.5607387033,40,6.07099099616232,3.64259459769739,65.2019259198834,67.6303223183483,89.0030927019684,265.311294812403,252.021394659306,1998.51844434119,1199.11106660471,1139.0455260143
2024,Dairy cattle,10,lwr,18614.4810647078,40,6.06125020281682,3.63675012169009,65.1878097582424,67.6123098393691,88.6125010159845,264.228472644103,251.008090560187,1955.33176346693,1173.19905808016,1114.49932881517
2024,Dairy cattle,10,upr,19220.6404126989,40,6.08073178950781,3.64843907370469,65.2160420815243,67.6483347973274,89.3936843879523,266.393455171652,253.033959016065,2042.09032741152,1225.25419644691,1163.80832227369
2024,Dairy cattle,15,fit,18990.3255559073,40,6.0616423048476,3.63698538290856,65.1916448827882,67.6163018047273,88.7021734514167,264.473691172009,251.241530078265,1996.79227393278,1198.07536435967,1138.13319713161
2024,Dairy cattle,15,lwr,18793.7864328529,40,6.05248847498746,3.63149308499248,65.1794173984313,67.6004127884263,88.3839065532694,263.59519591684,250.421671793541,1966.58827331765,1179.95296399059,1120.9832290475
2024,Dairy cattle,15,upr,19186.8646789616,40,6.07079613470775,3.64247768082465,65.2038723671451,67.6321908210282,89.020440349564,265.351721460192,252.060860709082,2027.21245935733,1216.3274756144,1155.40441464015
2025,Dairy cattle,5,fit,18441.9763152456,40,6.08030218759657,3.64818131255794,65.2251924411852,67.6573133162238,90.0118510367815,268.181996221784,254.736847996224,1972.37704222409,1183.42622533445,1124.09584060394
2025,Dairy cattle,5,lwr,18056.2688732545,40,6.07438278465258,3.64462967079155,65.201095227184,67.630848341045,88.9236109220146,265.079177185209,251.793618459448,1906.92441330756,1144.15464798454,1086.81052186885
2025,Dairy cattle,5,upr,18827.6837572367,40,6.08622159054056,3.65173295432434,65.2492896551864,67.6837782914026,91.1000911515485,271.281569119722,257.676905893156,2038.88457326783,1223.3307439607,1161.98119175818
2025,Dairy cattle,10,fit,18939.0397511291,40,6.06760388070444,3.64056232842266,65.203494232816,67.6305357850978,89.6744344507279,267.303352499366,253.921256497466,2014.68557756053,1208.81134653632,1148.2942249354
2025,Dairy cattle,10,lwr,18596.5157727271,40,6.05659537180146,3.63395722308088,65.1875409233074,67.610179072028,89.2330092094696,266.080293571806,252.776819642991,1965.62446975523,1179.37468185314,1120.40834458057
2025,Dairy cattle,10,upr,19281.5637295311,40,6.07861238960741,3.64716743376445,65.2194475423246,67.6508924981676,90.1158596919861,268.525566751551,255.064749284029,2064.23929359143,1238.54357615486,1176.45708954624
2025,Dairy cattle,15,fit,19025.6328672763,40,6.05660314020642,3.63396188412385,65.1914342562096,67.6140755122922,89.3190134620397,266.314082387539,253.000229729744,2012.75102853587,1207.65061712152,1147.27648206149
2025,Dairy cattle,15,lwr,18811.1767599166,40,6.04661482496042,3.62796889497625,65.1780920846498,67.596738014634,88.9717325796514,265.356010748832,252.106190657084,1979.63395446728,1187.78037268037,1128.47183769707
2025,Dairy cattle,15,upr,19240.0889746361,40,6.06659145545243,3.63995487327146,65.2047764277693,67.6314130099503,89.666294344428,267.27160076432,253.893640994068,2046.12581984056,1227.67549190434,1166.2256659795
2026,Dairy cattle,5,fit,18363.7555790435,40,6.07934574898372,3.64760744939023,65.2310829687433,67.6628212683368,90.7480288725881,270.340597391996,256.791281723935,1979.50823232809,1187.70493939685,1128.17784912757
2026,Dairy cattle,5,lwr,17906.1746300957,40,6.07232331249057,3.64339398749434,65.2024954310159,67.6314247560121,89.4570038878807,266.661050459689,253.300965834666,1901.71303775097,1141.02782265058,1083.86076265499
2026,Dairy cattle,5,upr,18821.3365279913,40,6.08636818547686,3.65182091128612,65.2596705064707,67.6942177806615,92.0390538572954,274.015578873091,260.27713685474,2058.78801541732,1235.27280925039,1173.33938219298
2026,Dairy cattle,10,fit,18960.5187635549,40,6.06421676524656,3.63853005914794,65.2050625457487,67.6307492518473,90.3457761994875,269.295273744359,255.821101708047,2030.86642380378,1218.51985428227,1157.55129022998
2026,Dairy cattle,10,lwr,18577.8622920315,40,6.05191842282627,3.63115105369576,65.1872400354702,67.6080074046007,89.8526305048437,267.929679365379,254.543404525283,1975.77426713576,1185.46456028146,1126.23650292436
2026,Dairy cattle,10,upr,19343.1752350782,40,6.07651510766684,3.6459090646001,65.2228850560271,67.6534910990938,90.8389218941314,270.659814671609,257.097621573442,2086.57415670618,1251.94449402371,1189.21219297364
2026,Dairy cattle,15,fit,19060.9401786454,40,6.05156397556524,3.63093838533914,65.1912236296309,67.611849219857,89.9358534726628,268.154490548976,254.759090124472,2028.73217559903,1217.23930535942,1156.43328315053
2026,Dairy cattle,15,lwr,18828.280871068,40,6.04072784439785,3.62443670663871,65.1767489642326,67.5930401019918,89.5590951204476,267.115649306367,253.789771018058,1992.6313841725,1195.5788305035,1135.93373662472
2026,Dairy cattle,15,upr,19293.5994862228,40,6.06240010673264,3.63744006403958,65.2056982950292,67.6306583377223,90.3126118248779,269.192681026129,255.727670833919,2065.13666822459,1239.08200093475,1177.10315474929
2027,Dairy cattle,5,fit,18285.5348428414,40,6.07838931037086,3.64703358622252,65.2369734963014,67.6683292204498,91.4842067083944,272.498644466456,258.845252709746,1986.49841205676,1191.89904723406,1132.17961392018
2027,Dairy cattle,5,lwr,17755.4306682026,40,6.07025386917797,3.64215232150678,65.2038550434314,67.6319565911026,89.988563728655,268.23760072989,254.803319957886,1896.20556548155,1137.72333928893,1080.74216014298
2027,Dairy cattle,5,upr,18815.6390174801,40,6.08652475156375,3.65191485093825,65.2700919491714,67.7047018497969,92.9798496881338,276.753565162889,262.881202719321,2078.78361423436,1247.27016854061,1184.75034577749
2027,Dairy cattle,10,fit,18981.9977759806,40,6.06082964978868,3.63649778987321,65.2066308586813,67.6309627185968,91.017117948247,271.28705856306,257.720930291294,2047.06092438556,1228.23655463133,1166.81668913367
2027,Dairy cattle,10,lwr,18558.7163246455,40,6.04722564563333,3.62833538738,65.1869162096984,67.6058064679517,90.4716171116414,269.777332177463,256.308502738554,1985.80801411865,1191.48480847119,1131.99906319073
2027,Dairy cattle,10,upr,19405.2792273157,40,6.07443365394402,3.64466019236641,65.2263455076642,67.6561189692418,91.5626187848526,272.795496866748,259.131918423189,2109.06799842465,1265.44079905479,1202.05833921891
2027,Dairy cattle,15,fit,19096.2474900145,40,6.04652481092407,3.62791488655444,65.1910130030523,67.6096229274219,90.5526934832856,269.994915656579,256.518111287154,2044.73558665753,1226.84135199452,1165.60352885647
2027,Dairy cattle,15,lwr,18845.1610086053,40,6.03483043224117,3.6208982593447,65.1753919095216,67.5893240824181,90.1460949681251,268.874391407224,255.472674336924,2005.58955971217,1203.3537358273,1143.37403222429
2027,Dairy cattle,15,upr,19347.3339714238,40,6.05821918960696,3.63493151376418,65.2066340965829,67.6299217724257,90.959291998446,271.114682445774,257.562688839669,2084.23576654846,1250.54145992908,1188.03164040826
2028,Dairy cattle,5,fit,18207.3141066393,40,6.077432871758,3.6464597230548,65.2428640238595,67.6738371725627,92.2203845442009,274.656137684044,260.898761129274,1993.34770043212,1196.00862025927,1136.10119896368
2028,Dairy cattle,5,lwr,17604.2713517738,40,6.06817805147226,3.64090683088336,65.2051887064198,67.6324599270087,90.5189516826093,269.810717308202,256.302472900264,1890.44158346398,1134.26495007839,1077.47725712876
2028,Dairy cattle,5,upr,18810.3568615048,40,6.08668769204375,3.65201261522625,65.2805393412992,67.7152144181167,93.9218174057925,279.493639655154,265.487312243146,2098.83200716659,1259.29920429995,1196.19166100534
2028,Dairy cattle,10,fit,19003.4767884064,40,6.0574425343308,3.63446552059848,65.2081991716139,67.6311761853462,91.6884596970067,273.278706971146,259.620742247454,2063.26902062859,1237.96141237716,1176.09038888273
2028,Dairy cattle,10,lwr,18539.207134738,40,6.04252119469311,3.62551271681587,65.1865754665671,67.6035839444444,91.0901356181041,271.623715757645,258.072548565428,1995.74348830557,1197.44609298334,1137.70612453315
2028,Dairy cattle,10,upr,19467.7464420747,40,6.07236387396849,3.64341832438109,65.2298228766608,67.6587684262482,92.2867837759093,274.932149674921,261.167205621018,2131.70298136839,1279.02178882103,1214.98539515932
2028,Dairy cattle,15,fit,19131.5548013836,40,6.04148564628289,3.62489138776973,65.1908023764736,67.6073966349868,91.1695334939086,271.835357710611,258.277293242502,2060.76113324431,1236.45667994658,1174.78714762406
2028,Dairy cattle,15,lwr,18861.8630788259,40,6.02892472658091,3.61735483594855,65.1740237765312,67.5855936671636,90.7328064613437,270.632443413705,257.155093450123,2018.51510588048,1211.10906352829,1150.79648427006
2028,Dairy cattle,15,upr,19401.2465239412,40,6.05404656598486,3.63242793959092,65.207580976416,67.62919960281,91.6062605264735,273.03739867889,259.398502246398,2103.4162493434,1262.04974960604,1199.00722901796
2029,Dairy cattle,5,fit,18129.0933704372,40,6.07647643314515,3.64588585988709,65.2487545514177,67.6793451246758,92.9565623800072,276.813077283501,262.951807158042,2000.05621641165,1200.03372984699,1139.94266820962
2029,Dairy cattle,5,lwr,17452.8310622173,40,6.06609792170777,3.63965875302466,65.206504815509,67.6329439841921,91.0485468952382,271.381483481692,257.799452190331,1884.44388451134,1130.6663307068,1074.07903047272
2029,Dairy cattle,5,upr,18805.3556786571,40,6.08685494458253,3.65211296674952,65.2910042873263,67.7257462651593,94.8645778647762,282.234720040227,268.09443872426,2118.91062577751,1271.34637546651,1207.65047229567
2029,Dairy cattle,10,fit,19024.9558008321,40,6.05405541887292,3.63243325132375,65.2097674845466,67.6313896520958,92.3598014457664,275.270218984289,261.52053757677,2079.49065386362,1247.69439231817,1185.37235671394
2029,Dairy cattle,10,lwr,18519.4230639915,40,6.03780790925266,3.6226847455516,65.1862219206558,67.6013450843569,91.7082998739204,273.469147023807,259.835838792158,2005.59286888443,1203.35572133066,1143.36460481984
2029,Dairy cattle,10,upr,19530.4885376728,40,6.07030292849317,3.6421817570959,65.2333130484373,67.6614342198346,93.0113030176124,277.069456265751,263.203186451041,2154.46686661678,1292.68011997007,1227.98640898078
2029,Dairy cattle,15,fit,19166.8621127527,40,6.03644648164171,3.62186788898503,65.190591749895,67.6051703425517,91.7863735045316,273.675816711334,260.036636015231,2076.8086868899,1246.08521213394,1183.984067885
2029,Dairy cattle,15,lwr,18878.421537224,40,6.02301233218526,3.61380739931116,65.1726467088753,67.5818516417494,91.31928539583,272.389960204932,258.837173098133,2031.41298257815,1218.84778954689,1158.20390753709
2029,Dairy cattle,15,upr,19455.3026882814,40,6.04988063109815,3.62992837865889,65.2085367909146,67.6284890433539,92.2534616132333,274.960674864292,261.234966385174,2122.67291604171,1273.60374962502,1210.02697162252
2030,Dairy cattle,5,fit,18050.8726342351,40,6.07551999453229,3.64531199671937,65.2546450789758,67.6848530767887,93.6927402158137,278.969463503429,265.004390971483,2006.62407888836,1203.97444733302,1143.70408557922
2030,Dairy cattle,5,lwr,17301.1921209904,40,6.06401474326143,3.63840884595686,65.2078085137622,67.6334144110668,91.5775816293981,272.950562859398,259.294887277561,1878.22651536168,1126.93590921701,1070.55547527844
2030,Dairy cattle,5,upr,18800.5531474798,40,6.08702524580316,3.6522151474819,65.3014816441894,67.7362917425107,95.8078988022293,284.976143685476,270.701953538955,2139.00564767008,1283.40338860205,1219.11890581456
2030,Dairy cattle,10,fit,19046.4348132579,40,6.05066830341504,3.63040098204902,65.2113357974792,67.6316031188452,93.0311431945258,277.26159461816,263.420316279486,2095.72576542947,1257.43545925768,1194.6625598647
2030,Dairy cattle,10,lwr,18499.4263150193,40,6.03308778846553,3.61985267307932,65.1858584690978,67.599093584484,92.3261900422479,275.313849112222,261.59858238684,2015.36475655437,1209.21885393262,1148.97938844796
2030,Dairy cattle,10,upr,19593.4433114964,40,6.06824881836454,3.64094929101872,65.2368131258607,67.6641126532065,93.7360963468038,279.207193590437,265.239652015519,2177.35099378209,1306.41059626925,1241.0564623637
2030,Dairy cattle,15,fit,19202.1694241218,40,6.03140731700053,3.61884439020032,65.1903811233163,67.6029440501165,92.4032135151547,275.516292659011,261.796139630062,2092.8781191225,1255.7268714735,1193.19421805797
2030,Dairy cattle,15,lwr,18894.8626680422,40,6.01709447324551,3.61025668394731,65.1712623418018,67.5781001311,91.9055743351422,274.147059925252,260.519023704096,2044.2869605277,1226.57217631662,1165.59844181346
2030,Dairy cattle,15,upr,19509.4761802013,40,6.04572016075554,3.62743209645332,65.2094999048309,67.6277879691331,92.9008526951671,276.884392875569,263.071970904422,2142.00175526134,1285.2010531568,1221.0885942363
2023,Non-dairy cattle,5,fit,79415.6093474522,40,6.00649436938864,3.60389662163318,66.9691664236162,69.3717641713717,54.7743091989109,157.233849732115,149.774833045788,4919.27034556408,2951.56220733845,2811.54304611599
2023,Non-dairy cattle,5,lwr,77640.004922149,40,5.99349343900888,3.59609606340533,66.8589751871031,69.2563725627067,54.4660755799899,156.709222754534,149.270181194592,4782.86189585259,2869.71713751156,2733.49066228576
2023,Non-dairy cattle,5,upr,81191.2137727553,40,6.01949529976839,3.61169717986103,67.0793576601294,69.4871557800368,55.0825428178319,157.756271391757,150.277394336439,5056.88925181642,3034.13355108985,2890.29196813519
2023,Non-dairy cattle,10,fit,82793.2011110352,40,6.01955639873036,3.61173383923822,66.8695116642911,69.2773342237832,54.5772518357385,156.994506541196,149.513184811228,5131.81880875929,3079.09128525557,2932.36212225207
2023,Non-dairy cattle,10,lwr,79835.5209540256,40,6.00252750316155,3.60151650189693,66.7524616178725,69.1534726191371,54.3265052109475,156.656688241017,149.189928912044,4923.87431997853,2954.32459198712,2813.51202307786
2023,Non-dairy cattle,10,upr,85750.8812680448,40,6.03658529429917,3.6219511765795,66.9865617107097,69.4011958284294,54.8279984605295,157.330901814144,149.835088730329,5341.6036652932,3204.96219917592,3052.26621060213
2023,Non-dairy cattle,15,fit,80277.0636445241,40,6.02214282980893,3.61328569788536,66.8431899952639,69.2520471271875,54.5427359245891,156.981611242461,149.493005336025,4977.58870577613,2986.55322346568,2844.08354225831
2023,Non-dairy cattle,15,lwr,77479.2955882172,40,6.01032100028094,3.60619260016856,66.7614849780843,69.1656133781967,54.3673273599418,156.744744807335,149.266273018719,4787.44740721321,2872.46844432793,2735.41967595613
2023,Non-dairy cattle,15,upr,83074.831700831,40,6.03396465933691,3.62037879560215,66.9248950124434,69.3384808761782,54.7181444892365,157.217779739923,149.71907449747,5168.94114152323,3101.36468491394,2953.4410870868
2024,Non-dairy cattle,5,fit,78889.4056959304,40,5.99606929217794,3.59764157530676,67.0497487629573,69.4481764798285,54.9474433735263,157.466300444852,150.023282285518,4885.40584148251,2931.24350488951,2792.69132848931
2024,Non-dairy cattle,5,lwr,76618.0448832974,40,5.97943844615642,3.58766306769385,66.908791659593,69.3005670380556,54.5531496033733,156.796425713292,149.378883607259,4711.45794914291,2826.87476948575,2693.14428082343
2024,Non-dairy cattle,5,upr,81160.7665085633,40,6.01270013819946,3.60762008291968,67.1907058663216,69.5957859216014,55.3417371436793,158.132583593314,150.664275399802,5061.33108979147,3036.79865387488,2893.37629427374
2024,Non-dairy cattle,10,fit,83431.8863192008,40,6.01308778160697,3.60785266896418,66.9188182588945,69.3240533715373,54.6899663423356,157.156754847507,149.68439847033,5171.18833169344,3102.71299901607,2955.18782717573
2024,Non-dairy cattle,10,lwr,80044.4859386691,40,5.99358476428676,3.59615085857206,66.7847620558125,69.1821959615272,54.4027888359304,156.770481709041,149.314788357028,4932.98801306808,2959.79280784085,2819.0309289451
2024,Non-dairy cattle,10,upr,86819.2866997324,40,6.03259079892719,3.61955447935631,67.0528744619765,69.4659107815474,54.9771438487408,157.541168065703,150.052241393732,5411.80123848663,3247.08074309198,3092.7264883816
2024,Non-dairy cattle,15,fit,80381.6265695944,40,6.01638737160463,3.60983242296278,66.8857507992765,69.2923057479184,54.6482781719078,157.145468586501,149.663678704897,4984.50618525764,2990.70371115458,2848.314516186
2024,Non-dairy cattle,15,lwr,77309.6248035325,40,6.00340678119929,3.60204406871957,66.7960371589674,69.1973998714471,54.4556762801375,156.885823494689,149.415148424625,4775.76264744625,2865.45758846775,2729.00865959932
2024,Non-dairy cattle,15,upr,83453.6283356564,40,6.02936796200996,3.61762077720598,66.9754644395855,69.3872116243895,54.840880063678,157.404274985756,149.911412035808,5194.7090878513,3116.82545271078,2968.45625525292
2025,Non-dairy cattle,5,fit,78363.2020444083,40,5.98564421496724,3.59138652898034,67.1303311022984,69.5245887882853,55.1205775481417,157.69807978988,150.271072155839,4851.51271056593,2910.90762633956,2773.81443413571
2025,Non-dairy cattle,5,lwr,75581.3645380563,40,5.96527567159548,3.57916540295729,66.9576946128668,69.343804881505,54.6376682753252,156.879140633278,149.483242870708,4639.14710710192,2783.48826426115,2652.26371431341
2025,Non-dairy cattle,5,upr,81145.0395507603,40,6.006012758339,3.6036076550034,67.3029675917301,69.7053726950657,55.6034868209583,158.511657064007,151.053815968774,5066.83927809791,3040.10356685875,2897.06923276224
2025,Non-dairy cattle,10,fit,84070.5715273663,40,6.00661916448359,3.60397149869015,66.9681248534979,69.3707725192913,54.8026808489327,157.318709599884,149.855329312204,5210.53321273385,3126.31992764031,2978.00371922318
2025,Non-dairy cattle,10,lwr,80242.3179216918,40,5.98457792695916,3.5907467561755,66.8166219057622,69.2104530765459,54.4781286257345,156.882867617132,149.438302251643,4941.28844969014,2964.77306981408,2824.08564328173
2025,Non-dairy cattle,10,upr,87898.8251330408,40,6.02866040200802,3.61719624120481,67.1196278012336,69.5310919620368,55.127233072131,157.752184489825,150.270107133876,5482.85762340189,3289.71457404113,3133.68567972457
2025,Non-dairy cattle,15,fit,80486.1894946648,40,6.01063191340032,3.60637914804019,66.928311603289,69.3325643686491,54.7538204192264,157.309064688035,149.834105277479,4991.40654784807,2994.84392870884,2852.5359386865
2025,Non-dairy cattle,15,lwr,77134.1365786163,40,5.99646798081379,3.59788078848827,66.8304194494076,69.2290066417331,54.5436604707272,157.026226187741,149.563381245395,4763.67397427967,2858.2043845678,2722.36506235127
2025,Non-dairy cattle,15,upr,83838.2424107133,40,6.02479584598686,3.61487750759212,67.0262037571705,69.4361220955653,54.9639803677255,157.590907898106,150.103883494379,5220.87570137068,3132.52542082241,2983.70151604385
2026,Non-dairy cattle,5,fit,77836.9983928865,40,5.97521913775655,3.58513148265393,67.2109134416396,69.6010010967422,55.2937117227572,157.929191444356,150.518205897757,4817.59209007189,2890.55525404314,2754.9130525385
2026,Non-dairy cattle,5,lwr,74536.7876440247,40,5.95105507870542,3.57063304722325,67.0061075186598,69.386529550142,54.7208161567023,156.959396852434,149.585210759657,4566.46000789201,2739.87600473521,2611.15255182179
2026,Non-dairy cattle,5,upr,81137.2091417483,40,5.99938319680768,3.59962991808461,67.4157193646193,69.8154726433424,55.866607288812,158.891475301331,151.444075679497,5072.88434310301,3043.73060586181,2901.06796068168
2026,Non-dairy cattle,10,fit,84709.2567355318,40,6.0001505473602,3.60009032841612,67.0174314481013,69.4174916670454,54.9153953555299,157.480371790505,150.025978193088,5249.85303122538,3149.91181873523,3000.80953870477
2026,Non-dairy cattle,10,lwr,80432.458294505,40,5.97552680505037,3.58531608303022,66.8481773606169,69.2383880826371,54.5528163351252,156.994243581869,149.560851106264,4949.01722997486,2969.41033798492,2828.81414821538
2026,Non-dairy cattle,10,upr,88986.0551765587,40,6.02477428967002,3.61486457380201,67.1866855355856,69.5965952514536,55.2779743759346,157.963556213216,150.488307860904,5554.53022111903,3332.71813267142,3175.00519984567
2026,Non-dairy cattle,15,fit,80590.7524197351,40,6.00487645519602,3.60292587311761,66.9708724073016,69.37282298938,54.859362666545,157.472400312804,150.004285700269,4998.28977058256,2998.97386234954,2856.74779302225
2026,Non-dairy cattle,15,lwr,76954.174660248,40,5.98951027705949,3.59370616623569,66.8646710917051,69.2604752025289,54.6313641791142,157.166069000094,149.711082590131,4751.27300871193,2850.76380522716,2715.54119922071
2026,Non-dairy cattle,15,upr,84227.3301792223,40,6.02024263333256,3.61214557999954,67.0770737228981,69.4851707762311,55.0873611539757,157.777564054266,150.296379205963,5247.34926737306,3148.40956042384,2999.12449545988
2027,Non-dairy cattle,5,fit,77310.7947413644,40,5.96479406054585,3.57887643632751,67.2914957809807,69.677413405199,55.4668458973726,158.159639057268,150.764686729977,4783.64510969638,2870.18706581783,2735.98786905281
2027,Non-dairy cattle,5,lwr,73487.524784033,40,5.93680017529193,3.56208010517516,67.0542296207265,69.4289496908433,54.803150584235,157.038149143971,149.685705569909,4493.64660268315,2696.18796160989,2569.95385887206
2027,Non-dairy cattle,5,upr,81134.0646986958,40,5.99278794579976,3.59567276747986,67.5287619412348,69.9258771195547,56.1305412105102,159.271096231741,151.834147535642,5079.21749034998,3047.53049420999,2905.23017436878
2027,Non-dairy cattle,10,fit,85347.9419436974,40,5.99368193023681,3.59620915814209,67.0667380427047,69.4642108147994,55.0281098621271,157.641742406879,150.1963459656,5289.14736816462,3173.48842089877,3023.60502685193
2027,Non-dairy cattle,10,lwr,80617.0943404178,40,5.96644399188257,3.57986639512954,66.8795149820059,69.2660925787589,54.627037397915,157.104862337667,149.682676765364,4956.32790871849,2973.79674523109,2833.30414068028
2027,Non-dairy cattle,10,upr,90078.789546977,40,6.02091986859105,3.61255192115463,67.2539611034034,69.6623290508398,55.4291823263391,158.175033227882,150.706604137044,5626.66448352642,3375.99869011585,3216.59675219075
2027,Non-dairy cattle,15,fit,80695.3153448055,40,5.99912099699172,3.59947259819503,67.0134332113142,69.4130816101109,54.9649049138636,157.635476223439,150.174220617414,5005.15583055404,3003.09349833243,2860.95006249766
2027,Non-dairy cattle,15,lwr,76770.7119257186,40,5.98253778078093,3.58952266846856,66.8988204974202,69.2918356097326,54.7188484007083,157.305436079674,149.858332963075,4738.62612816855,2843.17567690113,2708.57497286848
2027,Non-dairy cattle,15,upr,84619.9187638924,40,6.01570421320252,3.60942252792151,67.1280459252083,69.5343276104893,55.2109614270189,157.964160989588,150.48882010228,5274.06331532106,3164.43798919263,3014.6872321996
2028,Non-dairy cattle,5,fit,76784.5910898424,40,5.95436898333515,3.57262139000109,67.3720781203218,69.7538257136559,55.639980071988,158.389426249699,151.010517849089,4749.67289164474,2849.80373498685,2717.03956494033
2028,Non-dairy cattle,5,lwr,72435.2662628219,40,5.9225233377233,3.55351400263398,67.1021658167382,69.4711751518275,54.8849649840602,157.115900264783,149.785210861203,4420.83876344659,2652.50325806795,2528.74317080682
2028,Non-dairy cattle,5,upr,81133.9159168629,40,5.986214628947,3.5917287773682,67.6419904239053,70.0364762754841,56.3949951599159,159.650029664019,152.223559166912,5085.70799685218,3051.42479811131,2909.48109609631
2028,Non-dairy cattle,10,fit,85986.627151863,40,5.98721331311342,3.59232798786805,67.116044637308,69.5109299625534,55.1408243687242,157.802822431871,150.366433478764,5328.41580619033,3197.0494837142,3046.38992581247
2028,Non-dairy cattle,10,lwr,80797.6707933821,40,5.9573378055369,3.57440268332214,66.9106919452041,69.2936270674189,54.7009142959622,157.214890867132,149.803939001369,4963.32190105637,2977.99314063382,2837.61353854853
2028,Non-dairy cattle,10,upr,91175.5835103438,40,6.01708882068994,3.61025329241396,67.321397329412,69.728232857688,55.5807344414862,158.386451260907,150.924838582859,5699.15800760463,3419.49480456278,3258.40182228355
2028,Non-dairy cattle,15,fit,80799.8782698758,40,5.99336553878742,3.59601932327245,67.0559940153268,69.4533402308418,55.0704471611822,157.798293179472,150.343910670716,5012.00470491294,3007.20282294777,2865.14273045888
2028,Non-dairy cattle,15,lwr,76584.4659127124,40,5.97555352389784,3.5853321143387,66.9328886212665,69.3231100308256,54.8061581221749,157.444389576261,150.005191807016,4725.78232925918,2835.46939755551,2701.49436247278
2028,Non-dairy cattle,15,upr,85015.2906270393,40,6.01117755367701,3.60670653220621,67.1790994093871,69.5835704308579,55.3347362001895,158.150638230004,150.681148170626,5300.96875608672,3180.58125365203,3030.36168879231
2029,Non-dairy cattle,5,fit,76258.3874383206,40,5.94394390612446,3.56636634367468,67.4526604596629,69.8302380221127,55.8131142466035,158.618556615089,151.255702429755,4715.67655070165,2829.40593042099,2698.06881740361
2029,Non-dairy cattle,5,lwr,71380.9812793243,40,5.90823166244942,3.54493899746965,67.1499762536664,69.5132689186462,54.9664276029395,157.192938605585,149.884004021419,4348.11236066899,2608.86741640139,2487.56399492211
2029,Non-dairy cattle,5,upr,81135.7935973168,40,5.9796561497995,3.5877936898797,67.7553446656593,70.1472071255791,56.6598008902675,160.027999640907,152.61204426617,5092.28113346496,3055.36868007898,2913.77797197991
2029,Non-dairy cattle,10,fit,86625.3123600285,40,5.98074469599003,3.58844681759402,67.1653512319114,69.5576491103074,55.2535388753214,157.963612843731,150.536241578023,5367.6579295741,3220.59475774446,3069.16397864582
2029,Non-dairy cattle,10,lwr,80975.1750130734,40,5.94821393075408,3.56892835845245,66.9417473249219,69.3210328972235,54.7745307357844,157.324443348786,149.924747048818,4970.06850263256,2982.04110157954,2841.78191466611
2029,Non-dairy cattle,10,upr,92275.4497069837,40,6.01327546122599,3.60796527673559,67.3889551389009,69.7942653233913,55.7325470148583,158.597698826854,151.142904343182,5771.94051521418,3463.16430912851,3300.38024366786
2029,Non-dairy cattle,15,fit,80904.4411949462,40,5.98761008058312,3.59256604834987,67.0985548193394,69.4935988515726,55.1759894085008,157.960851937358,150.513356499647,5018.83637086694,3011.30182252017,2869.32578029367
2029,Non-dairy cattle,15,lwr,76395.9751773023,40,5.96855978205207,3.58113586923124,66.966891191043,69.3543151038638,54.8933271087675,157.582976225369,150.151703806976,4712.7784248654,2827.66705491924,2694.32039085086
2029,Non-dairy cattle,15,upr,85412.9072125901,40,6.00666037911418,3.60399622746851,67.2302184476357,69.6328825992814,55.4586517082342,158.336950708191,150.873320150204,5328.02868485927,3196.81721091556,3046.12678447392
2030,Non-dairy cattle,5,fit,75732.1837867985,40,5.93351882891376,3.56011129734826,67.533242799004,69.9066503305695,55.9862484212189,158.847033719496,151.500243624895,4681.65719430026,2808.99431658015,2679.07629962
2030,Non-dairy cattle,5,lwr,70325.2635605268,40,5.89392949672416,3.5363576980345,67.1976977772804,69.5552695759701,55.0476415080962,157.269440952109,149.982255099432,4275.514107302,2565.3084643812,2446.44316266577
2030,Non-dairy cattle,5,upr,81139.1040130702,40,5.97310816110336,3.58386489666202,67.8687878207276,70.258031085169,56.9248553343416,160.404841679623,152.999443757903,5098.89132102104,3059.33479261263,2918.09471982038
2030,Non-dairy cattle,10,fit,87263.9975681938,40,5.97427607886664,3.58456564731998,67.2146578265148,69.6043682580615,55.3662533819185,158.12411461612,150.705771105262,5406.87332421097,3244.12399452658,3091.92692931841
2030,Non-dairy cattle,10,lwr,81150.3022132409,40,5.93907637023951,3.56344582214371,66.9727086342093,69.3483391823051,54.8479456563108,157.433600240112,150.045177868604,4976.61649090929,2985.96989454557,2845.83712278743
2030,Non-dairy cattle,10,upr,93377.6929231467,40,6.00947578749378,3.60568547249627,67.4566070188203,69.8603973338178,55.8845611075263,158.808698144848,151.360726822975,5844.96225174372,3506.97735104623,3342.50357195117
2030,Non-dairy cattle,15,fit,81009.0041200166,40,5.98185462237882,3.58911277342729,67.141115623352,69.5338574723035,55.2815316558194,158.123153250484,150.682558741355,5025.65080568067,3015.3904834084,2873.49919543118
2030,Non-dairy cattle,15,lwr,76205.6505549457,40,5.96155829120838,3.57693497472503,67.0008402046414,69.3854635211248,54.9803811181816,157.721231766025,150.297903119971,4699.64253323234,2819.78551993941,2687.06911650079
2030,Non-dairy cattle,15,upr,85812.3576850874,40,6.00215095354927,3.60129057212956,67.2813910420625,69.6822514234822,55.5826821934572,158.523064345825,151.065303302406,5355.21489204905,3213.12893522943,3061.96640314287
2023,Cattle,10,fit,101689.282837313,40,6.02974346602238,3.61784607961343,66.5593465160944,68.9712439025034,60.8495723414668,176.751929979255,168.208402233323,7114.18389159849,4268.51033495909,4062.16734848364
2023,Cattle,10,lwr,98466.9712116048,40,6.01451343944241,3.60870806366545,66.4564477511074,68.8622531268844,60.6962851750856,176.659845254678,168.120203469513,6868.72829086268,4121.23697451761,3921.99751450462
2023,Cattle,10,upr,104911.594463021,40,6.04504099419286,3.62702459651572,66.6625862615774,69.0806026592545,61.0093018787723,176.860922675178,168.312667796643,7361.77316071152,4417.06389642691,4203.55609997572
2023,Cattle,15,fit,99232.0818890623,40,6.03065046878664,3.61839028127198,66.5277569748925,68.9400171624071,60.9499435109387,177.162886997457,168.592796141638,6958.44474602821,4175.06684761693,3973.08704214839
2023,Cattle,15,lwr,96255.3195084777,40,6.01968875093912,3.61181325056347,66.4531332993514,68.8610087997271,60.8879825919121,177.24372804756,168.669286045016,6740.92930955586,4044.55758573352,3848.88052709016
2023,Cattle,15,upr,102208.844269647,40,6.04165008014431,3.62499004808659,66.6025459592063,69.019205991264,61.0189134526902,177.101886583309,168.535170250276,7177.35040736878,4306.41024442127,4098.0876814908
2023,Cattle,5,fit,98014.027135102,40,6.02086256922707,3.61251754153624,66.6360073169501,69.044352344641,61.1813415120739,177.467034436878,168.911717788334,6876.96150004343,4126.17690002606,3927.23388240002
2023,Cattle,5,lwr,95992.2315360484,40,6.00973329290247,3.60583997574148,66.541428311028,68.945321628189,60.8475871407339,176.816449183112,168.288510686812,6698.93673396367,4019.3620403782,3825.47544975719
2023,Cattle,5,upr,100035.822734156,40,6.03202210597172,3.61921326358303,66.7307507293198,69.1435595717085,61.5159660514024,178.117662501356,169.534962241766,7056.62654913151,4233.97592947891,4029.9333361959
2024,Cattle,10,fit,102349.447057904,40,6.02379020951259,3.61427412570755,66.601479806771,69.010995890576,61.0321662340059,177.147288629237,168.599657876921,7169.70677603463,4301.82406562078,4094.23335319003
2024,Cattle,10,lwr,98658.9670033769,40,6.00635154122058,3.60381092473235,66.4834570735361,68.8859976900243,60.8573064428594,177.045118655562,168.501772629867,6888.31977653502,4132.99186592101,3933.53025776027
2024,Cattle,10,upr,106039.927112431,40,6.04131676370535,3.62479005822321,66.7199329403774,69.1364596458595,61.2154351034291,177.271572692868,168.718555275694,7453.89156589815,4472.33493953889,4256.53481065528
2024,Cattle,15,fit,99371.9521255017,40,6.0250357466935,3.6150214480161,66.5620012684263,68.9720155671037,61.1560959612565,177.656265090343,169.075559276727,6981.29845919041,4188.77907551425,3986.44771331761
2024,Cattle,15,lwr,96103.4112363854,40,6.01300509679444,3.60780305807667,66.4798943068899,68.8850963456077,61.0906115607333,177.753689992714,169.167777432259,6742.3509207639,4045.41055245834,3849.99188864682
2024,Cattle,15,upr,102640.493014618,40,6.03711224226528,3.62226734535917,66.6442959468992,69.0591408438053,61.2301576161378,177.58318281358,169.006484469311,7221.92154720863,4333.15292832518,4123.86066989308
2024,Cattle,5,fit,97409.6027473781,40,6.01226608600982,3.60735965160589,66.7017313664618,69.1066378008658,61.4741672580342,178.105831459817,169.541468650174,6850.51056414075,4110.30633848445,3912.6248528263
2024,Cattle,5,lwr,94823.313127121,40,5.99805912534089,3.59883547520453,66.5806465339028,68.9798701840391,61.0489853631243,177.280374288083,168.750630093801,6623.22265657508,3973.93359394505,3782.69301329041
2024,Cattle,5,upr,99995.8923676351,40,6.02652411762055,3.61591447057233,66.8230802161006,69.2336898631488,61.9008645772713,178.931662331152,170.332653465769,7080.47913784856,4248.28748270914,4044.09465276501
2025,Cattle,10,fit,103009.611278495,40,6.01783163243083,3.6106989794585,66.6436851332004,69.0508177861727,61.2140974095722,177.540157851498,168.988580153927,7225.21879029437,4335.13127417662,4126.29794415858
2025,Cattle,10,lwr,98838.8336944189,40,5.99812800134654,3.59887680080792,66.5101104967048,68.9093616972434,61.0172556145546,177.42835139313,168.88143302087,6906.91291944537,4144.14775166722,3944.4939878623
2025,Cattle,10,upr,107180.388862572,40,6.03764667685303,3.62258800611182,66.777788709693,69.1928473804342,61.4216255551115,177.680121421962,169.122479219617,7547.09691699332,4528.25815019599,4310.14276927081
2025,Cattle,15,fit,99511.8223619411,40,6.01942113726249,3.61165268235749,66.5962385896843,69.0040070445893,61.3623284056163,178.149698476236,169.558402969762,7004.15757638393,4202.49454583036,3999.81242074799
2025,Cattle,15,lwr,95945.3133385329,40,6.00629984353194,3.60377990611916,66.5064617589049,68.9089816963177,61.2936780318667,178.265520269279,169.668072617819,6743.30792874695,4045.98475724817,3850.83690004834
2025,Cattle,15,upr,103078.331385349,40,6.0325972067002,3.61955832402012,66.6862251854618,69.0992640681418,61.4413418030932,178.063360849024,169.476763731299,7267.00152121124,4360.20091272674,4149.92718202335
2025,Cattle,5,fit,96805.1783596539,40,6.00367713550785,3.60220628130471,66.7673905792721,69.1688614334752,61.7675777416193,178.745939052974,170.172438967483,6823.88975279002,4094.33385167401,3897.91027473965
2025,Cattle,5,lwr,93637.6334113108,40,5.98631494071808,3.59178896443085,66.618967226719,69.0134932030062,61.2490720074365,177.743496991965,169.211888105037,6546.07152040948,3927.64291224569,3739.07423618226
2025,Cattle,5,upr,99972.723307997,40,6.02111834391534,3.6126710063492,66.9162021076156,69.3246494451818,62.2884986789743,179.749412436292,171.133951348612,7105.72385136574,4263.43431081944,4059.05042452043
2026,Cattle,10,fit,103669.775499087,40,6.01186783642055,3.60712070185233,66.6859611192219,69.0907082537901,61.3953785286166,177.930580506929,169.375209102878,7280.71945502916,4368.43167301749,4158.36082893474
2026,Cattle,10,lwr,99010.3205865365,40,5.98986059315346,3.59391635589207,66.5365263658572,68.9324706031186,61.176318639677,177.809682185477,169.259316972555,6924.79149711062,4154.87489826637,3955.05065113974
2026,Cattle,10,upr,108329.230411637,40,6.03401308611966,3.62040785167179,66.8360309924075,69.2496362268553,61.6277069158605,178.086504261633,169.52437623319,7641.10437782521,4584.66262669512,4364.2173928193
2026,Cattle,15,fit,99651.6925983805,40,6.01380664001921,3.60828398401153,66.6304689680255,69.0359916240331,61.5686405071813,178.643186737293,170.04132680305,7027.02194618159,4216.21316770896,4013.18107617278
2026,Cattle,15,lwr,95782.455531316,40,5.99957828730239,3.59974697238143,66.5328705367052,68.9327018516262,61.4972262485775,178.779229449773,170.170181989318,6743.90439288443,4046.34263573066,3851.47493584543
2026,Cattle,15,upr,103520.929665445,40,6.02809968610209,3.61685981166125,66.7282981843636,69.1395380588044,61.652428531583,178.542434023197,169.946020303264,7312.48593559765,4387.49156135859,4176.22765020917
2026,Cattle,5,fit,96200.75397193,40,5.99509585970415,3.59705751582249,66.8329837332839,69.2310220771656,62.0615839844586,179.387397309577,170.804666331056,6797.10032239998,4078.26019343999,3883.09090166608
2026,Cattle,5,lwr,92442.9622741204,40,5.97454469995751,3.58472681997451,66.6567483872363,69.0465662672193,61.4492055137404,178.208574922658,169.674922043014,6468.17304564299,3880.90382738579,3695.01331447678
2026,Cattle,5,upr,99958.5456697396,40,6.01576172386264,3.60945703431758,67.0097538630395,69.4160585525845,62.6775686262809,180.56835626523,171.936407335847,7131.67235852033,4279.0034151122,4074.40734287466
2027,Cattle,10,fit,104329.939719678,40,6.00589892055254,3.60353935233152,66.7283064235062,69.1306659917272,61.5760219311459,178.318598392068,169.759583766921,7336.20829255018,4401.7249755301,4190.4217159856
2027,Cattle,10,lwr,99175.8106650633,40,5.98156061947697,3.58893637168618,66.5627798804116,68.9554041282024,61.3346143990227,178.189201263979,169.6355104639,6942.13592283714,4165.28155370228,3965.30320387101
2027,Cattle,10,upr,109484.068774293,40,6.03040480972368,3.61824288583421,66.8945805356051,69.3067424594945,61.8335791648001,178.490702228657,169.924226596524,7735.73248195108,4641.43948917065,4418.65509140966
2027,Cattle,15,fit,99791.56283482,40,6.00819225449193,3.60491535269516,66.6646924326436,69.0679693344404,61.7750319310032,179.136729458706,170.524330362081,7049.89141721158,4229.93485032695,4026.55359135412
2027,Cattle,15,lwr,95615.8729343239,40,5.99284426448591,3.59570655869155,66.559145836414,68.9562835422083,61.7012891311622,179.29482824005,170.674116022182,6744.21568788072,4046.52941272843,3851.94900509277
2027,Cattle,15,upr,103967.252735316,40,6.02361585293179,3.61416951175907,66.7704891429809,69.1799354841537,61.8633916133493,179.020415435657,170.414266274727,7358.29908186952,4414.97944912171,4202.71887260786
2027,Cattle,5,fit,95596.3295842058,40,5.98652240417255,3.59191344250353,66.8985095754925,69.2931185371615,62.3561972869258,180.030247232281,171.438189192394,6770.14352175314,4062.08611305188,3868.16748297299
2027,Cattle,5,lwr,91242.9554522356,40,5.96276960819187,3.57766176491512,66.6941558226505,69.0792636659272,61.6500590444158,178.677015872806,170.1410766725,6389.85216816471,3833.91130089882,3650.69601901504
2027,Cattle,5,upr,99949.7037161759,40,6.01043400010839,3.60626040006503,67.1035648906166,69.50773849066,63.0674630880137,181.38729712182,172.738874879542,7158.00110458433,4294.8006627506,4089.98052014627
2028,Cattle,10,fit,104990.103940269,40,5.99992498140581,3.59995498884349,66.7707197384603,69.1706897310226,61.7560396467974,178.704252272452,170.141742225009,7391.68482681893,4435.01089609136,4222.4803146952
2028,Cattle,10,lwr,99336.8779281201,40,5.97323555196244,3.58394133117746,66.5889206837296,68.9782149045146,61.4922220724274,178.566970245165,170.010072118927,6959.06538936194,4175.43923361716,3975.31966308168
2028,Cattle,10,upr,110643.329952419,40,6.02681449256064,3.61608869553638,66.9533838113048,69.3641096083291,62.0391812510692,178.89272223643,170.32203540978,7830.86098897302,4698.51659338381,4473.38721744287
2028,Cattle,15,fit,99931.4330712594,40,6.00257798021155,3.60154678812693,66.6989090125694,69.099940204654,61.981502344009,179.63032622868,171.007413235503,7072.76583815725,4243.65950289435,4039.92987808294
2028,Cattle,15,lwr,95446.3289915383,40,5.98610060651481,3.59166036390889,66.5853061817313,68.9797464243372,61.9058918575038,179.812327622678,171.179885428613,6744.29743513966,4046.57846108379,3852.29084674284
2028,Cattle,15,upr,104416.537150981,40,6.01914288463622,3.61148573078173,66.8127789376666,69.2204360915211,62.0742125748545,179.497317813746,170.881513413583,7404.38500543012,4442.63100325807,4229.36891781027
2028,Cattle,5,fit,94991.9051964817,40,5.97795691819196,3.58677415091518,66.9639668210023,69.3551495882791,62.6514292370076,180.674530763105,172.073046891861,6743.02059207686,4045.81235524612,3853.14076390401
2028,Cattle,5,lwr,90039.5376145957,40,5.95100132830869,3.57060079698522,66.7312743097083,69.1116748410318,61.8520195448232,179.149666671523,170.61115948624,6311.28034691057,3786.76820814634,3606.22042793559
2028,Cattle,5,upr,99944.2727783677,40,6.00512450861574,3.60307470516944,67.1975453712777,69.599595174724,63.4578602816479,182.205609977294,173.540754796139,7184.54000401877,4310.72400241126,4105.67275710165
2029,Cattle,10,fit,105650.268160861,40,5.99394611314546,3.59636766788727,66.813199789174,69.2107782344322,61.935443404536,179.087581914702,170.521721621933,7447.14858343772,4468.28915006263,4254.53633535976
2029,Cattle,10,lwr,99494.5980770649,40,5.9648905023858,3.57893430143148,66.6149826734782,69.0009388744325,61.6491963883572,178.943033157386,170.383043747936,6975.66137151699,4185.39682291019,3985.14651948594
2029,Cattle,10,upr,111805.938244657,40,6.02323713511631,3.61394228106978,67.0124031972053,69.4216980512518,62.2444758823332,179.292586209626,170.717822183832,7926.40738183097,4755.84442909858,4528.36665264864
2029,Cattle,15,fit,100071.303307699,40,5.9969638167116,3.59817829002696,66.7331187366712,69.1319042633559,62.1880514149877,180.123976638405,171.490575015099,7095.64505775684,4257.3870346541,4053.30984817867
2029,Cattle,15,lwr,95274.3967145263,40,5.97934944045601,3.58760966427361,66.6113654166139,69.0031051927963,62.1110542123143,180.331738891143,171.687501198561,6744.19140744355,4046.51484446613,3852.52429838795
2029,Cattle,15,upr,104868.209900871,40,6.01467866306703,3.60880719784022,66.8551531289082,69.261024594135,62.2848783095675,179.97315348343,171.347773129882,7450.70160090098,4470.42096054059,4256.15375609645
2029,Cattle,5,fit,94387.4808087578,40,5.96939955486506,3.58163973291904,67.0293541520055,69.4171139739516,62.9472917195125,181.320290814492,172.709279687909,6715.7327671133,4029.43966026798,3838.01148561324
2029,Cattle,5,lwr,88833.8123415416,40,5.93924702789008,3.56354821673405,66.7681500346813,69.1438488458373,62.0553402115091,179.627114629698,171.085729313296,6232.55624518033,3739.5337471082,3561.64302539483
2029,Cattle,5,upr,99941.1492759739,40,5.99982713521264,3.59989628112759,67.2916438010649,69.69157465515,63.8485757326049,183.022940764562,174.3417073543,7211.19175924247,4326.71505554548,4121.42844427558
2030,Cattle,10,fit,106310.432381452,40,5.98796240759758,3.59277744455855,66.8557453324043,69.2509302954434,62.1142446419891,179.468626117426,170.899558197238,7502.59908964044,4501.55945378426,4286.58948918311
2030,Cattle,10,lwr,99649.7285282602,40,5.95652907512821,3.57391744507693,66.6409896877188,69.0236013177701,61.805576456452,179.317422807549,170.754456434169,6991.98124746366,4195.1887484782,3994.81651123538
2030,Cattle,10,upr,112971.136234643,40,6.01966924121119,3.61180154472671,67.0716112822583,69.4794789787427,62.4494407279586,179.690324849946,171.111614877246,8022.31324552581,4813.38794731549,4583.56003431487
2030,Cattle,15,fit,100211.173544138,40,5.99134976352821,3.59480985811693,66.7673216336562,69.1638615390674,62.3946788145775,180.617680282035,171.973815295755,7118.52892480317,4271.1173548819,4066.69341348915
2030,Cattle,15,lwr,95100.5132229879,40,5.97259239078509,3.58355543447106,66.6373340437673,69.0263710000814,62.3167921550964,180.853073640775,172.196974596815,6743.92949376005,4046.35769625603,3852.66755831425
2030,Cattle,15,upr,105321.833865289,40,6.01022157270757,3.60613294362455,66.8976006226753,69.3016892517583,62.4953795114988,180.447934383328,171.813056483386,7497.21664731039,4498.32998838623,4283.05499737917
2030,Cattle,5,fit,93783.0564210336,40,5.96085047124141,3.57651028274484,67.0946702167218,69.4790104052184,63.2437969256352,181.967571301574,173.346928787432,6688.28127318862,4012.96876391317,3822.78038519921
2030,Cattle,5,lwr,87626.4556815172,40,5.92751156397087,3.55650693838252,66.8048089381751,69.1758135637635,62.2602065638369,180.109818316726,171.565221520427,6153.74062266369,3692.24437359821,3516.99863794421
2030,Cattle,5,upr,99939.65716055,40,5.99453813461091,3.59672288076655,67.3858286272583,69.7836438811026,64.2394964490237,183.839076402376,175.141527827448,7237.89696869112,4342.73818121467,4137.21362563493
2023,Dairy cattle,5,fit,18598.4177876498,50,6.08221506482228,3.04110753241114,65.2134113860689,68.25451891848,88.5394953651687,263.863130637886,247.545780098403,1957.69115447935,978.845577239674,918.313564414578
2023,Dairy cattle,5,lwr,18352.2266138994,50,6.07843680026208,3.03921840013104,65.1980305021315,68.2372489022625,87.8448883080849,261.88106786558,245.689370767275,1916.07483811107,958.037419055536,898.803462876044
2023,Dairy cattle,5,upr,18844.6089614003,50,6.08599332938249,3.04299666469125,65.2287922700063,68.2717889346975,89.2341024222525,265.843869061351,249.400903304369,1999.73729731509,999.868648657547,938.024807724125
2023,Dairy cattle,10,fit,18896.0817262776,50,6.0743781116202,3.0371890558101,65.2003576069507,68.2375466627608,88.3317509532087,263.319100667789,247.049569630842,1982.3650828392,991.1825414196,929.940971476479
2023,Dairy cattle,10,lwr,18631.4502575792,50,6.06587301982264,3.03293650991132,65.1880321991192,68.2209687090305,87.9907091071467,262.373111738654,246.17812652567,1944.85397088415,972.426985442076,912.403911638585
2023,Dairy cattle,10,upr,19160.713194976,50,6.08288320341775,3.04144160170888,65.2126830147822,68.2541246164911,88.6727927992707,264.264584687929,247.920436397104,2020.16949541832,1010.08474770916,947.613361608162
2023,Dairy cattle,15,fit,18955.0182445382,50,6.06668146948878,3.03334073474439,65.1918555093669,68.2251962441113,88.0853334407939,262.633316902123,246.421823896989,1980.85604025209,990.428020126043,929.292147839338
2023,Dairy cattle,15,lwr,18776.0239202605,50,6.05834479043524,3.02917239521762,65.1807195570635,68.2098919522811,87.7954778258481,261.832818286921,245.686879391151,1953.48190234265,976.740951171324,916.510152687817
2023,Dairy cattle,15,upr,19134.0125688158,50,6.07501814854233,3.03750907427117,65.2029914616702,68.2405005359414,88.3751890557397,263.433429619282,247.156320017923,2008.40926584555,1004.20463292277,942.156513608914
2024,Dairy cattle,5,fit,18520.1970514477,50,6.08125862620943,3.04062931310472,65.219301913627,68.2599312267317,89.2756732009752,266.022840716801,249.576786323342,1965.10472265824,982.55236132912,921.809044945837
2024,Dairy cattle,5,lwr,18205.2682438236,50,6.07642545394453,3.03821272697227,65.1996266207851,68.2378393477574,88.3871288680397,263.488392223931,247.202991974696,1911.76470743217,955.882353716084,896.802230337375
2024,Dairy cattle,5,upr,18835.1258590718,50,6.08609179847433,3.04304589923717,65.2389772064689,68.2820231057061,90.1642175339108,268.55512360587,251.94847752321,2019.14804805709,1009.57402402854,947.144984186825
2024,Dairy cattle,10,fit,18917.5607387033,50,6.07099099616232,3.03549549808116,65.2019259198834,68.2374214179646,89.0030927019684,265.311294812403,248.9278329494,1998.51844434119,999.259222170594,937.553121911039
2024,Dairy cattle,10,lwr,18614.4810647078,50,6.06125020281682,3.03062510140841,65.1878097582424,68.2184348596508,88.6125010159845,264.228472644103,247.930448023923,1955.33176346693,977.665881733466,917.361924134377
2024,Dairy cattle,10,upr,19220.6404126989,50,6.08073178950781,3.04036589475391,65.2160420815243,68.2564079762782,89.3936843879523,266.393455171652,249.924462513198,2042.09032741152,1021.04516370576,957.922046457311
2024,Dairy cattle,15,fit,18990.3255559073,50,6.0616423048476,3.0308211524238,65.1916448827882,68.222466035212,88.7021734514167,264.473691172009,248.161138303091,1996.79227393278,998.396136966389,936.815759363553
2024,Dairy cattle,15,lwr,18793.7864328529,50,6.05248847498746,3.02624423749373,65.1794173984313,68.205661635925,88.3839065532694,263.59519591684,247.354678451266,1966.58827331765,983.294136658825,922.711827695796
2024,Dairy cattle,15,upr,19186.8646789616,50,6.07079613470775,3.03539806735388,65.2038723671451,68.239270434499,89.020440349564,265.351721460192,248.967057945332,2027.21245935733,1013.60622967867,951.019121072543
2025,Dairy cattle,5,fit,18441.9763152456,50,6.08030218759657,3.04015109379829,65.2251924411852,68.2653435349835,90.0118510367815,268.181996221784,251.60734973328,1972.37704222409,986.188521112045,925.238396425321
2025,Dairy cattle,5,lwr,18056.2688732545,50,6.07438278465258,3.03719139232629,65.201095227184,68.2382866195103,88.9236109220146,265.079177185209,248.701190635204,1906.92441330756,953.462206653782,894.552293916261
2025,Dairy cattle,5,upr,18827.6837572367,50,6.08622159054056,3.04311079527028,65.2492896551864,68.2924004504567,91.1000911515485,271.281569119722,254.510356236296,2038.88457326783,1019.44228663392,956.418161305448
2025,Dairy cattle,10,fit,18939.0397511291,50,6.06760388070444,3.03380194035222,65.203494232816,68.2372961731682,89.6744344507279,267.303352499366,250.806105766832,2014.68557756053,1007.34278878026,945.172290822195
2025,Dairy cattle,10,lwr,18596.5157727271,50,6.05659537180146,3.02829768590073,65.1875409233074,68.2158386092081,89.2330092094696,266.080293571806,249.67967185785,1965.62446975523,982.812234877613,922.23378517846
2025,Dairy cattle,10,upr,19281.5637295311,50,6.07861238960741,3.03930619480371,65.2194475423246,68.2587537371283,90.1158596919861,268.525566751551,251.931575692866,2064.23929359143,1032.11964679572,968.338069504538
2025,Dairy cattle,15,fit,19025.6328672763,50,6.05660314020642,3.02830157010321,65.1914342562096,68.2197358263128,89.3190134620397,266.314082387539,249.900644716162,2012.75102853587,1006.37551426793,944.35069894705
2025,Dairy cattle,15,lwr,18811.1767599166,50,6.04661482496042,3.02330741248021,65.1780920846498,68.20139949713,88.9717325796514,265.356010748832,249.021236322973,1979.63395446728,989.816977233639,928.88586434733
2025,Dairy cattle,15,upr,19240.0889746361,50,6.06659145545243,3.03329572772622,65.2047764277693,68.2380721554955,89.666294344428,267.27160076432,250.779410373474,2046.12581984056,1023.06290992028,959.93406179737
2026,Dairy cattle,5,fit,18363.7555790435,50,6.07934574898372,3.03967287449186,65.2310829687433,68.2707558432352,90.7480288725881,270.340597391996,253.637470491001,1979.50823232809,989.754116164043,928.601670831908
2026,Dairy cattle,5,lwr,17906.1746300957,50,6.07232331249057,3.03616165624529,65.2024954310159,68.2386570872612,89.4570038878807,266.661050459689,250.191110699374,1901.71303775097,950.856518875487,892.128221062268
2026,Dairy cattle,5,upr,18821.3365279913,50,6.08636818547686,3.04318409273843,65.2596705064707,68.3028545992091,92.0390538572954,274.015578873091,257.079396290138,2058.78801541732,1029.39400770866,965.769870219654
2026,Dairy cattle,10,fit,18960.5187635549,50,6.06421676524656,3.03210838262328,65.2050625457487,68.237170928372,90.3457761994875,269.295273744359,252.684388083221,2030.86642380378,1015.43321190189,952.798451384568
2026,Dairy cattle,10,lwr,18577.8622920315,50,6.05191842282627,3.02595921141314,65.1872400354702,68.2131992468833,89.8526305048437,267.929679365379,251.426816579354,1975.77426713576,987.88713356788,927.039205663939
2026,Dairy cattle,10,upr,19343.1752350782,50,6.07651510766684,3.03825755383342,65.2228850560271,68.2611426098605,90.8389218941314,270.659814671609,253.940757457482,2086.57415670618,1043.28707835309,978.841691900331
2026,Dairy cattle,15,fit,19060.9401786454,50,6.05156397556524,3.02578198778262,65.1912236296309,68.2170056174135,89.9358534726628,268.154490548976,251.640343171868,2028.73217559903,1014.36608779952,951.896908059257
2026,Dairy cattle,15,lwr,18828.280871068,50,6.04072784439785,3.02036392219893,65.1767489642326,68.1971128864315,89.5590951204476,267.115649306367,250.686908362204,1992.6313841725,996.315692086249,935.038067782343
2026,Dairy cattle,15,upr,19293.5994862228,50,6.06240010673264,3.03120005336632,65.2056982950292,68.2368983483955,90.3126118248779,269.192681026129,252.593022040932,2065.13666822459,1032.5683341123,968.895420867253
2027,Dairy cattle,5,fit,18285.5348428414,50,6.07838931037086,3.03919465518543,65.2369734963014,68.2761681514868,91.4842067083944,272.498644466456,255.667148759201,1986.49841205676,993.24920602838,931.898920120596
2027,Dairy cattle,5,lwr,17755.4306682026,50,6.07025386917797,3.03512693458899,65.2038550434314,68.2389819780204,89.988563728655,268.23760072989,251.676113248145,1896.20556548155,948.102782740777,889.565156677005
2027,Dairy cattle,5,upr,18815.6390174801,50,6.08652475156375,3.04326237578188,65.2700919491714,68.3133543249533,92.9798496881338,276.753565162889,259.652237400095,2078.78361423436,1039.39180711718,975.165064610676
2027,Dairy cattle,10,fit,18981.9977759806,50,6.06082964978868,3.03041482489434,65.2066308586813,68.2370456835756,91.017117948247,271.28705856306,254.562679898647,2047.06092438556,1023.53046219278,960.431576772506
2027,Dairy cattle,10,lwr,18558.7163246455,50,6.04722564563333,3.02361282281667,65.1869162096984,68.2105290325151,90.4716171116414,269.777332177463,253.17252950235,1985.80801411865,992.904007059325,931.790736424326
2027,Dairy cattle,10,upr,19405.2792273157,50,6.07443365394402,3.03721682697201,65.2263455076642,68.2635623346362,91.5626187848526,272.795496866748,255.951360566406,2109.06799842465,1054.53399921233,989.420334873676
2027,Dairy cattle,15,fit,19096.2474900145,50,6.04652481092407,3.02326240546204,65.1910130030523,68.2142754085144,90.5526934832856,269.994915656579,253.380233705883,2044.73558665753,1022.36779332877,959.454328156714
2027,Dairy cattle,15,lwr,18845.1610086053,50,6.03483043224117,3.01741521612059,65.1753919095216,68.1928071256422,90.1460949681251,268.874391407224,252.351951839221,2005.58955971217,1002.79477985609,941.172637031086
2027,Dairy cattle,15,upr,19347.3339714238,50,6.05821918960696,3.02910959480348,65.2066340965829,68.2357436913864,90.959291998446,271.114682445774,254.407635772,2084.23576654846,1042.11788327423,977.898889458136
2028,Dairy cattle,5,fit,18207.3141066393,50,6.077432871758,3.038716435879,65.2428640238595,68.2815804597385,92.2203845442009,274.656137684044,257.696384700501,1993.34770043212,996.673850216061,935.130196222549
2028,Dairy cattle,5,lwr,17604.2713517738,50,6.06817805147226,3.03408902573613,65.2051887064198,68.2392777321559,90.5189516826093,269.810717308202,253.15796776691,1890.44158346398,945.220791731991,886.881652119706
2028,Dairy cattle,5,upr,18810.3568615048,50,6.08668769204375,3.04334384602188,65.2805393412992,68.3238831873211,93.9218174057925,279.493639655154,262.227110876298,2098.83200716659,1049.41600358329,984.585291695823
2028,Dairy cattle,10,fit,19003.4767884064,50,6.0574425343308,3.0287212671654,65.2081991716139,68.2369204387793,91.6884596970067,273.278706971146,256.440981213192,2063.26902062859,1031.6345103143,968.071640160102
2028,Dairy cattle,10,lwr,18539.207134738,50,6.04252119469311,3.02126059734656,65.1865754665671,68.2078360639137,91.0901356181041,271.623715757645,254.917238163611,1995.74348830557,997.871744152783,936.496683845888
2028,Dairy cattle,10,upr,19467.7464420747,50,6.07236387396849,3.03618193698425,65.2298228766608,68.2660048136451,92.2867837759093,274.932149674921,257.962957556145,2131.70298136839,1065.85149068419,1000.06566411975
2028,Dairy cattle,15,fit,19131.5548013836,50,6.04148564628289,3.02074282314145,65.1908023764736,68.2115451996151,91.1695334939086,271.835357710611,255.120316353894,2060.76113324431,1030.38056662215,967.022900683116
2028,Dairy cattle,15,lwr,18861.8630788259,50,6.02892472658091,3.01446236329046,65.1740237765312,68.1884861398217,90.7328064613437,270.632443413705,254.016556504819,2018.51510588048,1009.25755294024,947.292663771507
2028,Dairy cattle,15,upr,19401.2465239412,50,6.05404656598486,3.02702328299243,65.207580976416,68.2346042594084,91.6062605264735,273.03739867889,256.223061910475,2103.4162493434,1051.7081246717,986.941266080631
2029,Dairy cattle,5,fit,18129.0933704372,50,6.07647643314515,3.03823821657258,65.2487545514177,68.2869927679903,92.9565623800072,276.813077283501,259.725178477436,2000.05621641165,1000.02810820582,938.295551045091
2029,Dairy cattle,5,lwr,17452.8310622173,50,6.06609792170777,3.03304896085389,65.206504815509,68.2395537763629,91.0485468952382,271.381483481692,254.637688833899,1884.44388451134,942.22194225567,884.088386084592
2029,Dairy cattle,5,upr,18805.3556786571,50,6.08685494458253,3.04342747229127,65.2910042873263,68.3344317596176,94.8645778647762,282.234720040227,264.803002935257,2118.91062577751,1059.45531288876,994.01997135104
2029,Dairy cattle,10,fit,19024.9558008321,50,6.05405541887292,3.02702770943646,65.2097674845466,68.2367951939831,92.3598014457664,275.270218984289,258.319292026935,2079.49065386362,1039.74532693181,975.718614721152
2029,Dairy cattle,10,lwr,18519.4230639915,50,6.03780790925266,3.01890395462633,65.1862219206558,68.2051258752821,91.7082998739204,273.469147023807,256.661234742179,2005.59286888443,1002.79643444221,941.162737588772
2029,Dairy cattle,10,upr,19530.4885376728,50,6.07030292849317,3.03515146424659,65.2333130484373,68.2684645126839,93.0113030176124,277.069456265751,259.975256320938,2154.46686661678,1077.23343330839,1010.77196207878
2029,Dairy cattle,15,fit,19166.8621127527,50,6.03644648164171,3.01822324082086,65.190591749895,68.2088149907159,91.7863735045316,273.675816711334,256.860591151591,2076.8086868899,1038.40434344495,974.602567069281
2029,Dairy cattle,15,lwr,18878.421537224,50,6.02301233218526,3.01150616609263,65.1726467088753,68.1841528749679,91.31928539583,272.389960204932,255.680864788192,2031.41298257815,1015.70649128907,953.400462588227
2029,Dairy cattle,15,upr,19455.3026882814,50,6.04988063109815,3.02494031554908,65.2085367909146,68.2334771064637,92.2534616132333,274.960674864292,258.039158121793,2122.67291604171,1061.33645802085,996.020126321098
2030,Dairy cattle,5,fit,18050.8726342351,50,6.07551999453229,3.03775999726615,65.2546450789758,68.292405076242,93.6927402158137,278.969463503429,261.753530252463,2006.62407888836,1003.31203944418,941.395036471741
2030,Dairy cattle,5,lwr,17301.1921209904,50,6.06401474326143,3.03200737163072,65.2078085137622,68.2398158853929,91.5775816293981,272.950562859398,256.115897965218,1878.22651536168,939.113257680842,881.191937332136
2030,Dairy cattle,5,upr,18800.5531474798,50,6.08702524580316,3.04351262290158,65.3014816441894,68.344994267091,95.8078988022293,284.976143685476,267.379292854838,2139.00564767008,1069.50282383504,1003.46262337973
2030,Dairy cattle,10,fit,19046.4348132579,50,6.05066830341504,3.02533415170752,65.2113357974792,68.2366699491867,93.0311431945258,277.26159461816,260.197612339957,2095.72576542947,1047.86288271473,983.372473629206
2030,Dairy cattle,10,lwr,18499.4263150193,50,6.03308778846553,3.01654389423277,65.1858584690978,68.2024023633306,92.3261900422479,275.313849112222,258.404724965102,2015.36475655437,1007.68237827719,945.792914706436
2030,Dairy cattle,10,upr,19593.4433114964,50,6.06824881836454,3.03412440918227,65.2368131258607,68.270937535043,93.7360963468038,279.207193590437,261.988051207011,2177.35099378209,1088.67549689104,1021.53518381655
2030,Dairy cattle,15,fit,19202.1694241218,50,6.03140731700053,3.01570365850027,65.1903811233163,68.2060847818166,92.4032135151547,275.516292659011,258.601058134678,2092.8781191225,1046.43905956125,982.193268733162
2030,Dairy cattle,15,lwr,18894.8626680422,50,6.01709447324551,3.00854723662276,65.1712623418018,68.1798095784246,91.9055743351422,274.147059925252,257.344985353861,2044.2869605277,1022.14348026385,959.497793008489
2030,Dairy cattle,15,upr,19509.4761802013,50,6.04572016075554,3.02286008037777,65.2094999048309,68.2323599852087,92.9008526951671,276.884392875569,259.855815836096,2142.00175526134,1071.00087763067,1005.1336008056
2023,Non-dairy cattle,5,fit,79415.6093474522,50,6.00649436938864,3.00324718469432,66.9691664236162,69.9724136083105,54.7743091989109,157.233849732115,148.032125270799,4919.27034556408,2459.63517278204,2315.69107185301
2023,Non-dairy cattle,5,lwr,77640.004922149,50,5.99349343900888,2.99674671950444,66.8589751871031,69.8557219066075,54.4660755799899,156.709222754534,147.53220392838,4782.86189585259,2391.4309479263,2251.38681749919
2023,Non-dairy cattle,5,upr,81191.2137727553,50,6.01949529976839,3.0097476498842,67.0793576601294,70.0891053100136,55.0825428178319,157.756271391757,148.529982720758,5056.88925181642,2528.44462590821,2380.56993413551
2023,Non-dairy cattle,10,fit,82793.2011110352,50,6.01955639873036,3.00977819936518,66.8695116642911,69.8792898636563,54.5772518357385,156.994506541196,147.765796142831,5131.81880875929,2565.90940437964,2415.07587954387
2023,Non-dairy cattle,10,lwr,79835.5209540256,50,6.00252750316155,3.00126375158078,66.7524616178725,69.7537253694533,54.3265052109475,156.656688241017,147.445949522731,4923.87431997853,2461.93715998926,2317.18585587249
2023,Non-dairy cattle,10,upr,85750.8812680448,50,6.03658529429917,3.01829264714959,66.9865617107097,70.0048543578593,54.8279984605295,157.330901814144,148.084307224866,5341.6036652932,2670.8018326466,2513.83443787531
2023,Non-dairy cattle,15,fit,80277.0636445241,50,6.02214282980893,3.01107141490447,66.8431899952639,69.8542614101684,54.5427359245891,156.981611242461,147.744039458059,4977.58870577613,2488.79435288806,2342.34142563463
2023,Non-dairy cattle,15,lwr,77479.2955882172,50,6.01032100028094,3.00516050014047,66.7614849780843,69.7666454782248,54.3673273599418,156.744744807335,147.519681030579,4787.44740721321,2393.72370360661,2252.84335794113
2023,Non-dairy cattle,15,upr,83074.831700831,50,6.03396465933691,3.01698232966846,66.9248950124434,69.9418773421119,54.7181444892365,157.217779739923,147.967742780758,5168.94114152323,2584.47057076162,2432.41112596493
2024,Non-dairy cattle,5,fit,78889.4056959304,50,5.99606929217794,2.99803464608897,67.0497487629573,70.0477834090463,54.9474433735263,157.466300444852,148.283889839817,4885.40584148251,2442.70292074126,2300.26037182128
2024,Non-dairy cattle,5,lwr,76618.0448832974,50,5.97943844615642,2.98971922307821,66.908791659593,69.8985108826712,54.5531496033733,156.796425713292,147.645524423894,4711.45794914291,2355.72897457146,2218.24469702615
2024,Non-dairy cattle,5,upr,81160.7665085633,50,6.01270013819946,3.00635006909973,67.1907058663216,70.1970559354213,55.3417371436793,158.132583593314,148.918892929313,5061.33108979147,2530.66554489574,2383.21478569812
2024,Non-dairy cattle,10,fit,83431.8863192008,50,6.01308778160697,3.00654389080349,66.9188182588945,69.925362149698,54.6899663423356,157.156754847507,147.938841310718,5171.18833169344,2585.59416584672,2433.93804718273
2024,Non-dairy cattle,10,lwr,80044.4859386691,50,5.99358476428676,2.99679238214338,66.7847620558125,69.7815544379559,54.4027888359304,156.770481709041,147.573132028966,4932.98801306808,2466.49400653404,2321.79069495013
2024,Non-dairy cattle,10,upr,86819.2866997324,50,6.03259079892719,3.0162953994636,67.0528744619765,70.0691698614401,54.9771438487408,157.541168065703,148.302804863485,5411.80123848663,2705.90061924331,2547.22404589677
2024,Non-dairy cattle,15,fit,80381.6265695944,50,6.01638737160463,3.00819368580232,66.8857507992765,69.8939444850788,54.6482781719078,157.145468586501,147.91607430312,4984.50618525764,2492.25309262882,2345.87924772736
2024,Non-dairy cattle,15,lwr,77309.6248035325,50,6.00340678119929,3.00170339059965,66.7960371589674,69.797740549567,54.4556762801375,156.885823494689,147.670147502409,4775.76264744625,2387.88132372312,2247.61408926396
2024,Non-dairy cattle,15,upr,83453.6283356564,50,6.02936796200996,3.01468398100498,66.9754644395855,69.9901484205905,54.840880063678,157.404274985756,148.161213817253,5194.7090878513,2597.35454392565,2444.83322944441
2025,Non-dairy cattle,5,fit,78363.2020444083,50,5.98564421496724,2.99282210748362,67.1303311022984,70.123153209782,55.1205775481417,157.69807978988,148.53500105607,4851.51271056593,2425.75635528296,2284.80729298548
2025,Non-dairy cattle,5,lwr,75581.3645380563,50,5.96527567159548,2.98263783579774,66.9576946128668,69.9403324486646,54.6376682753252,156.879140633278,147.754539266138,4639.14710710192,2319.57355355096,2184.65960684986
2025,Non-dairy cattle,5,upr,81145.0395507603,50,6.006012758339,3.0030063791695,67.3029675917301,70.3059739708996,55.6034868209583,158.511657064007,149.310441635094,5066.83927809791,2533.41963904895,2386.36080247824
2025,Non-dairy cattle,10,fit,84070.5715273663,50,6.00661916448359,3.0033095822418,66.9681248534979,69.9714344357397,54.8026808489327,157.318709599884,148.111607332162,5210.53321273385,2605.26660636692,2452.79296772275
2025,Non-dairy cattle,10,lwr,80242.3179216918,50,5.98457792695916,2.99228896347958,66.8166219057622,69.8089108692418,54.4781286257345,156.882867617132,147.698984600709,4941.28844969014,2470.64422484507,2326.0133427047
2025,Non-dairy cattle,10,upr,87898.8251330408,50,6.02866040200802,3.01433020100401,67.1196278012336,70.1339580022376,55.127233072131,157.752184489825,148.522008101188,5482.85762340189,2741.42881170095,2581.02614234504
2025,Non-dairy cattle,15,fit,80486.1894946648,50,6.01063191340032,3.00531595670016,66.928311603289,69.9336275599892,54.7538204192264,157.309064688035,148.087866549749,4991.40654784807,2495.70327392403,2349.40926074138
2025,Non-dairy cattle,15,lwr,77134.1365786163,50,5.99646798081379,2.9982339904069,66.8304194494076,69.8286534398145,54.5436604707272,157.026226187741,147.819980005349,4763.67397427967,2381.83698713984,2242.19294039494
2025,Non-dairy cattle,15,upr,83838.2424107133,50,6.02479584598686,3.01239792299343,67.0262037571705,70.0386016801639,54.9639803677255,157.590907898106,148.354818731909,5220.87570137068,2610.43785068534,2457.44528865672
2026,Non-dairy cattle,5,fit,77836.9983928865,50,5.97521913775655,2.98760956887828,67.2109134416396,70.1985230105179,55.2937117227572,157.929191444356,148.7854620448,4817.59209007189,2408.79604503595,2269.33240938319
2026,Non-dairy cattle,5,lwr,74536.7876440247,50,5.95105507870542,2.97552753935271,67.0061075186598,69.9816350580125,54.7208161567023,156.959396852434,147.861181849531,4566.46000789201,2283.23000394601,2150.88165212028
2026,Non-dairy cattle,5,upr,81137.2091417483,50,5.99938319680768,2.99969159840384,67.4157193646193,70.4154109630232,55.866607288812,158.891475301331,149.702706497331,5072.88434310301,2536.44217155151,2389.75852691353
2026,Non-dairy cattle,10,fit,84709.2567355318,50,6.0001505473602,3.0000752736801,67.0174314481013,70.0175067217814,54.9153953555299,157.480371790505,148.284095029249,5249.85303122538,2624.92651561269,2471.64042388536
2026,Non-dairy cattle,10,lwr,80432.458294505,50,5.97552680505037,2.98776340252519,66.8481773606169,69.8359407631421,54.5528163351252,156.994243581869,147.82388374069,4949.01722997486,2474.50861498743,2329.9674272865
2026,Non-dairy cattle,10,upr,88986.0551765587,50,6.02477428967002,3.01238714483501,67.1866855355856,70.1990726804206,55.2779743759346,157.963556213216,148.741542775779,5554.53022111903,2777.26511055951,2615.1265972031
2026,Non-dairy cattle,15,fit,80590.7524197351,50,6.00487645519602,3.00243822759801,66.9708724073016,69.9733106348996,54.859362666545,157.472400312804,148.259416815772,4998.28977058256,2499.14488529128,2352.93145018046
2026,Non-dairy cattle,15,lwr,76954.174660248,50,5.98951027705949,2.99475513852975,66.8646710917051,69.8594262302349,54.6313641791142,157.166069000094,147.969288475178,4751.27300871193,2375.63650435597,2236.6229903288
2026,Non-dairy cattle,15,upr,84227.3301792223,50,6.02024263333256,3.01012131666628,67.0770737228981,70.0871950395644,55.0873611539757,157.777564054266,148.548448971059,5247.34926737306,2623.67463368653,2470.20417494085
2027,Non-dairy cattle,5,fit,77310.7947413644,50,5.96479406054585,2.98239703027293,67.2914957809807,70.2738928112536,55.4668458973726,158.159639057268,149.035275910311,4783.64510969638,2391.82255484819,2253.83629170544
2027,Non-dairy cattle,5,lwr,73487.524784033,50,5.93680017529193,2.96840008764597,67.0542296207265,70.0226297083725,54.803150584235,157.038149143971,147.966361819431,4493.64660268315,2246.82330134158,2117.02870520874
2027,Non-dairy cattle,5,upr,81134.0646986958,50,5.99278794579976,2.99639397289988,67.5287619412348,70.5251559141347,56.1305412105102,159.271096231741,150.094788818459,5079.21749034998,2539.60874517499,2393.29073075461
2027,Non-dairy cattle,10,fit,85347.9419436974,50,5.99368193023681,2.99684096511841,67.0667380427047,70.0635790078231,55.0281098621271,157.641742406879,148.456305220684,5289.14736816462,2644.57368408231,2490.48019914285
2027,Non-dairy cattle,10,lwr,80617.0943404178,50,5.96644399188257,2.98322199594129,66.8795149820059,69.8627369779472,54.627037397915,157.104862337667,147.948068741693,4956.32790871849,2478.16395435924,2333.72516685514
2027,Non-dairy cattle,10,upr,90078.789546977,50,6.02091986859105,3.01045993429553,67.2539611034034,70.2644210376989,55.4291823263391,158.175033227882,148.961171921885,5626.66448352642,2813.33224176321,2649.45269292221
2027,Non-dairy cattle,15,fit,80695.3153448055,50,5.99912099699172,2.99956049849586,67.0134332113142,70.0129937098101,54.9649049138636,157.635476223439,148.430725716825,5005.15583055404,2502.57791527702,2356.44580158432
2027,Non-dairy cattle,15,lwr,76770.7119257186,50,5.98253778078093,2.99126889039047,66.8988204974202,69.8900893878107,54.7188484007083,157.305436079674,148.118152561752,4738.62612816855,2369.31306408428,2230.93545041151
2027,Non-dairy cattle,15,upr,84619.9187638924,50,6.01570421320252,3.00785210660126,67.1280459252083,70.1358980318096,55.2109614270189,157.964160989588,148.742026261416,5274.06331532106,2637.03165766053,2483.07862757416
2028,Non-dairy cattle,5,fit,76784.5910898424,50,5.95436898333515,2.97718449166758,67.3720781203218,70.3492626119894,55.639980071988,158.389426249699,149.28444573614,4749.67289164474,2374.83644582237,2238.31950732413
2028,Non-dairy cattle,5,lwr,72435.2662628219,50,5.9225233377233,2.96126166886165,67.1021658167382,70.0634274855999,54.8849649840602,157.115900264783,148.070558177433,4420.83876344659,2210.4193817233,2083.16300964064
2028,Non-dairy cattle,5,upr,81133.9159168629,50,5.986214628947,2.9931073144735,67.6419904239053,70.6350977383788,56.3949951599159,159.650029664019,150.486220440085,5085.70799685218,2542.85399842609,2396.89581116528
2028,Non-dairy cattle,10,fit,85986.627151863,50,5.98721331311342,2.99360665655671,67.116044637308,70.1096512938647,55.1408243687242,157.802822431871,148.628238721809,5328.41580619033,2664.20790309517,2509.31207771467
2028,Non-dairy cattle,10,lwr,80797.6707933821,50,5.9573378055369,2.97866890276845,66.9106919452041,69.8893608479726,54.7009142959622,157.214890867132,148.071697686299,4963.32190105637,2481.66095052818,2337.33425631456
2028,Non-dairy cattle,10,upr,91175.5835103438,50,6.01708882068994,3.00854441034497,67.321397329412,70.329941739757,55.5807344414862,158.386451260907,149.180739771303,5699.15800760463,2849.57900380232,2683.95623766921
2028,Non-dairy cattle,15,fit,80799.8782698758,50,5.99336553878742,2.99668276939371,67.0559940153268,70.0526767847205,55.0704471611822,157.798293179472,148.601793866368,5012.00470491294,2506.00235245647,2359.95230052853
2028,Non-dairy cattle,15,lwr,76584.4659127124,50,5.97555352389784,2.98777676194892,66.9328886212665,69.9206653832154,54.8061581221749,157.444389576261,148.266631073,4725.78232925918,2362.89116462959,2225.15336059081
2028,Non-dairy cattle,15,upr,85015.2906270393,50,6.01117755367701,3.00558877683851,67.1790994093871,70.1846881862256,55.3347362001895,158.150638230004,148.935493166107,5300.96875608672,2650.48437804336,2496.04555751998
2029,Non-dairy cattle,5,fit,76258.3874383206,50,5.94394390612446,2.97197195306223,67.4526604596629,70.4246324127251,55.8131142466035,158.618556615089,149.532974585231,4715.67655070165,2357.83827535083,2222.7826203191
2029,Non-dairy cattle,5,lwr,71380.9812793243,50,5.90823166244942,2.95411583122471,67.1499762536664,70.1040920848911,54.9664276029395,157.192938605585,148.174045693881,4348.11236066899,2174.05618033449,2049.32042535466
2029,Non-dairy cattle,5,upr,81135.7935973168,50,5.9796561497995,2.98982807489975,67.7553446656593,70.745172740559,56.6598008902675,160.027999640907,150.876737331723,5092.28113346496,2546.14056673248,2400.53854549552
2029,Non-dairy cattle,10,fit,86625.3123600285,50,5.98074469599003,2.99037234799502,67.1653512319114,70.1557235799064,55.2535388753214,157.963612843731,148.799896344624,5367.6579295741,2683.82896478705,2528.13584456365
2029,Non-dairy cattle,10,lwr,80975.1750130734,50,5.94821393075408,2.97410696537704,66.9417473249219,69.915854290299,54.7745307357844,157.324443348786,148.194878649973,4970.06850263256,2485.03425131628,2340.82728326199
2029,Non-dairy cattle,10,upr,92275.4497069837,50,6.01327546122599,3.006637730613,67.3889551389009,70.3955928695139,55.7325470148583,158.597698826854,149.40014055001,5771.94051521418,2885.97025760709,2718.6041493601
2029,Non-dairy cattle,15,fit,80904.4411949462,50,5.98761008058312,2.99380504029156,67.0985548193394,70.092359859631,55.1759894085008,157.960851937358,148.772621875692,5018.83637086694,2509.41818543347,2363.4509326243
2029,Non-dairy cattle,15,lwr,76395.9751773023,50,5.96855978205207,2.98427989102604,66.966891191043,69.951171082069,54.8933271087675,157.582976225369,148.414768212945,4712.7784248654,2356.3892124327,2219.29403264045
2029,Non-dairy cattle,15,upr,85412.9072125901,50,6.00666037911418,3.00333018955709,67.2302184476357,70.2335486371928,55.4586517082342,158.336950708191,149.128806846678,5328.02868485927,2664.01434242964,2509.08760420141
2030,Non-dairy cattle,5,fit,75732.1837867985,50,5.93351882891376,2.96675941445688,67.533242799004,70.5000022134609,55.9862484212189,158.847033719496,149.780865500102,4681.65719430026,2340.82859715013,2207.22619150491
2030,Non-dairy cattle,5,lwr,70325.2635605268,50,5.89392949672416,2.94696474836208,67.1976977772804,70.1446625256425,55.0476415080962,157.269440952109,148.276992810412,4275.514107302,2137.757053651,2015.52307527526
2030,Non-dairy cattle,5,upr,81139.1040130702,50,5.97310816110336,2.98655408055168,67.8687878207276,70.8553419012793,56.9248553343416,160.404841679623,151.266181689473,5098.89132102104,2549.44566051052,2404.19744474092
2030,Non-dairy cattle,10,fit,87263.9975681938,50,5.97427607886664,2.98713803943332,67.2146578265148,70.2017958659481,55.3662533819185,158.12411461612,148.971278897798,5406.87332421097,2703.43666210548,2546.95128539232
2030,Non-dairy cattle,10,lwr,81150.3022132409,50,5.93907637023951,2.96953818511976,66.9727086342093,69.9422468193291,54.8479456563108,157.433600240112,148.31768777352,4976.61649090929,2488.30824545464,2344.2271844812
2030,Non-dairy cattle,10,upr,93377.6929231467,50,6.00947578749378,3.00473789374689,67.4566070188203,70.4613449125672,55.8845611075263,158.808698144848,149.619300405794,5844.96225174372,2922.48112587186,2753.37299914935
2030,Non-dairy cattle,15,fit,81009.0041200166,50,5.98185462237882,2.99092731118941,67.141115623352,70.1320429345414,55.2815316558194,158.123153250484,148.943210353927,5025.65080568067,2512.82540284033,2366.94168351839
2030,Non-dairy cattle,15,lwr,76205.6505549457,50,5.96155829120838,2.98077914560419,67.0008402046414,69.9816193502456,54.9803811181816,157.721231766025,148.56259776739,4699.64253323234,2349.82126661617,2213.37069048148
2030,Non-dairy cattle,15,upr,85812.3576850874,50,6.00215095354927,3.00107547677464,67.2813910420625,70.2824665188371,55.5826821934572,158.523064345825,149.321934877437,5355.21489204905,2677.60744602453,2522.19149517814
2023,Cattle,10,fit,101689.282837313,50,6.02974346602238,3.01487173301119,66.5593465160944,69.5742182491056,60.8495723414668,176.751929979255,166.214881883008,7114.18389159849,3557.09194579924,3345.01685102035
2023,Cattle,10,lwr,98466.9712116048,50,6.01451343944241,3.00725671972121,66.4564477511074,69.4637044708286,60.6962851750856,176.659845254678,166.127580754178,6868.72829086268,3434.36414543134,3229.58976751108
2023,Cattle,10,upr,104911.594463021,50,6.04504099419286,3.02252049709643,66.6625862615774,69.6851067586738,61.0093018787723,176.860922675178,166.318053908033,7361.77316071152,3680.88658035576,3461.44779948347
2023,Cattle,15,fit,99232.0818890623,50,6.03065046878664,3.01532523439332,66.5277569748925,69.5430822092858,60.9499435109387,177.162886997457,166.59317744613,6958.44474602821,3479.22237301411,3271.63357347397
2023,Cattle,15,lwr,96255.3195084777,50,6.01968875093912,3.00984437546956,66.4531332993514,69.462977674821,60.8879825919121,177.24372804756,166.668645202276,6740.92930955586,3370.46465477793,3169.35351062895
2023,Cattle,15,upr,102208.844269647,50,6.04165008014431,3.02082504007216,66.6025459592063,69.6233709992784,61.0189134526902,177.101886583309,166.536346086084,7177.35040736878,3588.67520368439,3374.56763957385
2023,Cattle,5,fit,98014.027135102,50,6.02086256922707,3.01043128461353,66.6360073169501,69.6464386015636,61.1813415120739,177.467034436878,166.915101332059,6876.96150004343,3438.48075002172,3234.00463626759
2023,Cattle,5,lwr,95992.2315360484,50,6.00973329290247,3.00486664645124,66.541428311028,69.5462949574792,60.8475871407339,176.816449183112,166.298332611712,6698.93673396367,3349.46836698183,3150.19028037523
2023,Cattle,5,upr,100035.822734156,50,6.03202210597172,3.01601105298586,66.7307507293198,69.7467617823056,61.5159660514024,178.117662501356,167.531906251953,7056.62654913151,3528.31327456576,3318.59474185964
2024,Cattle,10,fit,102349.447057904,50,6.02379020951259,3.01189510475629,66.601479806771,69.6133749115273,61.0321662340059,177.147288629237,166.604944921266,7169.70677603463,3584.85338801731,3371.49116909377
2024,Cattle,10,lwr,98658.9670033769,50,6.00635154122058,3.00317577061029,66.4834570735361,69.4866328441464,60.8573064428594,177.045118655562,166.508049097671,6888.31977653502,3444.15988826751,3239.15261908451
2024,Cattle,10,upr,106039.927112431,50,6.04131676370535,3.02065838185267,66.7199329403774,69.7405913222301,61.2154351034291,177.271572692868,166.722596285602,7453.89156589815,3726.94578294908,3505.14609235408
2024,Cattle,15,fit,99371.9521255017,50,6.0250357466935,3.01251787334675,66.5620012684263,69.574519141773,61.1560959612565,177.656265090343,167.073254573947,6981.29845919041,3490.64922959521,3282.69500709092
2024,Cattle,15,lwr,96103.4112363854,50,6.01300509679444,3.00650254839722,66.4798943068899,69.4863968552872,61.0906115607333,177.753689992714,167.164250377736,6742.3509207639,3371.17546038195,3170.32591695976
2024,Cattle,15,upr,102640.493014618,50,6.03711224226528,3.01855612113264,66.6442959468992,69.6628520680318,61.2301576161378,177.58318281358,167.005122622898,7221.92154720863,3610.96077360431,3395.85235051696
2024,Cattle,5,fit,97409.6027473781,50,6.01226608600982,3.00613304300491,66.7017313664618,69.7078644094668,61.4741672580342,178.105831459817,167.54240593963,6850.51056414075,3425.25528207038,3222.06941676711
2024,Cattle,5,lwr,94823.313127121,50,5.99805912534089,2.99902956267044,66.5806465339028,69.5796760965732,61.0489853631243,177.280374288083,166.759709982969,6623.22265657508,3311.61132828754,3115.04692736352
2024,Cattle,5,upr,99995.8923676351,50,6.02652411762055,3.01326205881027,66.8230802161006,69.8363422749109,61.9008645772713,178.931662331152,168.325442009343,7080.47913784856,3540.23956892428,3330.35976988495
2025,Cattle,10,fit,103009.611278495,50,6.01783163243083,3.00891581621542,66.6436851332004,69.6526009494158,61.2140974095722,177.540157851498,166.992711376116,7225.21879029437,3612.60939514719,3397.96525854495
2025,Cattle,10,lwr,98838.8336944189,50,5.99812800134654,2.99906400067327,66.5101104967048,69.5091744973781,61.0172556145546,177.42835139313,166.886639778373,6906.91291944537,3453.45645972268,3248.24712788316
2025,Cattle,10,upr,107180.388862572,50,6.03764667685303,3.01882333842652,66.777788709693,69.7966120481195,61.4216255551115,177.680121421962,167.125207706283,7547.09691699332,3773.54845849666,3549.36421184958
2025,Cattle,15,fit,99511.8223619411,50,6.01942113726249,3.00971056863124,66.5962385896843,69.6059491583156,61.3623284056163,178.149698476236,167.553418406957,7004.15757638393,3502.07878819197,3293.75995968843
2025,Cattle,15,lwr,95945.3133385329,50,6.00629984353194,3.00314992176597,66.5064617589049,69.5096116806709,61.2936780318667,178.265520269279,167.661644539805,6743.30792874695,3371.65396437348,3171.07880474227
2025,Cattle,15,upr,103078.331385349,50,6.0325972067002,3.0162986033501,66.6862251854618,69.7025237888119,61.4413418030932,178.063360849024,167.472883895453,7267.00152121124,3633.50076060562,3417.37935045409
2025,Cattle,5,fit,96805.1783596539,50,6.00367713550785,3.00183856775393,66.7673905792721,69.769229147026,61.7675777416193,178.745939052974,168.170911502924,6823.88975279002,3411.94487639501,3210.0456894108
2025,Cattle,5,lwr,93637.6334113108,50,5.98631494071808,2.99315747035904,66.618967226719,69.612124697078,61.2490720074365,177.743496991965,167.220215752942,6546.07152040948,3273.03576020474,3079.21190076612
2025,Cattle,5,upr,99972.723307997,50,6.02111834391534,3.01055917195767,66.9162021076156,69.9267612795733,62.2884986789743,179.749412436292,169.122552957676,7105.72385136574,3552.86192568287,3342.77896378369
2026,Cattle,10,fit,103669.775499087,50,6.01186783642055,3.00593391821027,66.6859611192219,69.6918950374321,61.3953785286166,177.930580506929,167.378220639542,7280.71945502916,3640.35972751458,3424.43887526993
2026,Cattle,10,lwr,99010.3205865365,50,5.98986059315346,2.99493029657673,66.5365263658572,69.5314566624339,61.176318639677,177.809682185477,167.263483652348,6924.79149711062,3462.39574855531,3257.00663295044
2026,Cattle,10,upr,108329.230411637,50,6.03401308611966,3.01700654305983,66.8360309924075,69.8530375354673,61.6277069158605,178.086504261633,167.525825064581,7641.10437782521,3820.5521889126,3593.96828910343
2026,Cattle,15,fit,99651.6925983805,50,6.01380664001921,3.0069033200096,66.6304689680255,69.637372288035,61.5686405071813,178.643186737293,168.033668526962,7027.02194618159,3513.5109730908,3304.82835823971
2026,Cattle,15,lwr,95782.455531316,50,5.99957828730239,2.9997891436512,66.5328705367052,69.5326596803564,61.4972262485775,178.779229449773,168.160838033106,6743.90439288443,3371.95219644221,3171.66105811114
2026,Cattle,15,upr,103520.929665445,50,6.02809968610209,3.01404984305105,66.7282981843636,69.7423480274146,61.652428531583,178.542434023197,167.939641921244,7312.48593559765,3656.24296779883,3439.0995958081
2026,Cattle,5,fit,96200.75397193,50,5.99509585970415,2.99754792985208,66.8329837332839,69.830531663136,62.0615839844586,179.387397309577,168.800655019687,6797.10032239998,3398.55016119999,3197.9340802151
2026,Cattle,5,lwr,92442.9622741204,50,5.97454469995751,2.98727234997875,66.6567483872363,69.6440207372151,61.4492055137404,178.208574922658,167.682459000269,6468.17304564299,3234.08652282149,3043.00987318255
2026,Cattle,5,upr,99958.5456697396,50,6.01576172386264,3.00788086193132,67.0097538630395,70.0176347249708,62.6775686262809,180.56835626523,169.920815917704,7131.67235852033,3565.83617926017,3355.52839713318
2027,Cattle,10,fit,104329.939719678,50,6.00589892055254,3.00294946027627,66.7283064235062,69.7312558837824,61.5760219311459,178.318598392068,167.761511123861,7336.20829255018,3668.10414627509,3450.91177591536
2027,Cattle,10,lwr,99175.8106650633,50,5.98156061947697,2.99078030973848,66.5627798804116,69.5535601901501,61.3346143990227,178.189201263979,167.638665718671,6942.13592283714,3471.06796141857,3265.51590327946
2027,Cattle,10,upr,109484.068774293,50,6.03040480972368,3.01520240486184,66.8945805356051,69.9097829404669,61.8335791648001,178.490702228657,167.924428480337,7735.73248195108,3867.86624097554,3638.87302779588
2027,Cattle,15,fit,99791.56283482,50,6.00819225449193,3.00409612724596,66.6646924326436,69.6687885598895,61.7750319310032,179.136729458706,168.514004518979,7049.89141721158,3524.94570860579,3315.90012974103
2027,Cattle,15,lwr,95615.8729343239,50,5.99284426448591,2.99642213224296,66.559145836414,69.5555679686569,61.7012891311622,179.29482824005,168.661841278288,6744.21568788072,3372.10784394036,3172.1080874426
2027,Cattle,15,upr,103967.252735316,50,6.02361585293179,3.0118079264659,66.7704891429809,69.7822970694468,61.8633916133493,179.020415435657,168.405408554492,7358.29908186952,3679.14954093476,3460.97751703229
2027,Cattle,5,fit,95596.3295842058,50,5.98652240417255,2.99326120208627,66.8985095754925,69.8917707775788,62.3561972869258,180.030247232281,169.431674337076,6770.14352175314,3385.07176087657,3185.73521182604
2027,Cattle,5,lwr,91242.9554522356,50,5.96276960819187,2.98138480409594,66.6941558226505,69.6755406267464,61.6500590444158,178.677015872806,168.147769709852,6389.85216816471,3194.92608408235,3006.59386188574
2027,Cattle,5,upr,99949.7037161759,50,6.01043400010839,3.00521700005419,67.1035648906166,70.1087818906708,63.0674630880137,181.38729712182,170.719096120478,7158.00110458433,3579.00055229217,3368.45579536529
2028,Cattle,10,fit,104990.103940269,50,5.99992498140581,2.99996249070291,66.7707197384603,69.7706822291632,61.7560396467974,178.704252272452,168.142620292429,7391.68482681893,3695.84241340946,3477.38371787477
2028,Cattle,10,lwr,99336.8779281201,50,5.97323555196244,2.98661777598122,66.5889206837296,69.5755384597109,61.4922220724274,178.566970245165,168.0122439129,6959.06538936194,3479.53269468097,3273.83094016045
2028,Cattle,10,upr,110643.329952419,50,6.02681449256064,3.01340724628032,66.9533838113048,69.9667910575851,62.0391812510692,178.89272223643,168.321022643778,7830.86098897302,3915.43049448651,3684.02190178896
2028,Cattle,15,fit,99931.4330712594,50,6.00257798021155,3.00128899010577,66.6989090125694,69.7001980026752,61.981502344009,179.63032622868,168.994425971217,7072.76583815725,3536.38291907863,3326.97520121164
2028,Cattle,15,lwr,95446.3289915383,50,5.98610060651481,2.99305030325741,66.5853061817313,69.5783564849887,61.9058918575038,179.812327622678,169.164664922661,6744.29743513966,3372.14871756983,3172.44602436232
2028,Cattle,15,upr,104416.537150981,50,6.01914288463622,3.00957144231811,66.8127789376666,69.8223503799848,62.0742125748545,179.497317813746,168.870195340285,7404.38500543012,3702.19250271506,3482.98682360061
2028,Cattle,5,fit,94991.9051964817,50,5.97795691819196,2.98897845909598,66.9639668210023,69.9529452800983,62.6514292370076,180.674530763105,170.064008179394,6743.02059207686,3371.51029603843,3173.44970354668
2028,Cattle,5,lwr,90039.5376145957,50,5.95100132830869,2.97550066415435,66.7312743097083,69.7067749738627,61.8520195448232,179.149666671523,168.616946165195,6311.28034691057,3155.64017345529,2970.04466176035
2028,Cattle,5,upr,99944.2727783677,50,6.00512450861574,3.00256225430787,67.1975453712777,70.2001076255856,63.4578602816479,182.205609977294,171.516800449292,7184.54000401877,3592.27000200938,3381.4811028611
2029,Cattle,10,fit,105650.268160861,50,5.99394611314546,2.99697305657273,66.813199789174,69.8101728457467,61.935443404536,179.087581914702,168.521584689204,7447.14858343772,3723.57429171886,3503.8544592848
2029,Cattle,10,lwr,99494.5980770649,50,5.9648905023858,2.9824452511929,66.6149826734782,69.597427924671,61.6491963883572,178.943033157386,168.384259536011,6975.66137151699,3487.83068575849,3281.99002085076
2029,Cattle,10,upr,111805.938244657,50,6.02323713511631,3.01161856755815,67.0124031972053,70.0240217647634,62.2444758823332,179.292586209626,168.71562651633,7926.40738183097,3963.20369091548,3729.37611143887
2029,Cattle,15,fit,100071.303307699,50,5.9969638167116,2.9984819083558,66.7331187366712,69.731600645027,62.1880514149877,180.123976638405,169.47493247505,7095.64505775684,3547.82252887842,3338.05349969359
2029,Cattle,15,lwr,95274.3967145263,50,5.97934944045601,2.989674720228,66.6113654166139,69.6010401368419,62.1110542123143,180.331738891143,169.669319882978,6744.19140744355,3372.09570372177,3172.69449522868
2029,Cattle,15,upr,104868.209900871,50,6.01467866306703,3.00733933153351,66.8551531289082,69.8624924604417,62.2848783095675,179.97315348343,169.334013476479,7450.70160090098,3725.35080045049,3505.1077305225
2029,Cattle,5,fit,94387.4808087578,50,5.96939955486506,2.98469977743253,67.0293541520055,70.0140539294381,62.9472917195125,181.320290814492,170.697696176897,6715.7327671133,3357.86638355665,3161.07817136419
2029,Cattle,5,lwr,88833.8123415416,50,5.93924702789008,2.96962351394504,66.7681500346813,69.7377735486263,62.0553402115091,179.627114629698,169.090540539864,6232.55624518033,3116.27812259016,2933.40881143925
2029,Cattle,5,upr,99941.1492759739,50,5.99982713521264,2.99991356760632,67.2916438010649,70.2915573686712,63.8485757326049,183.022940764562,172.313592534374,7211.19175924247,3605.59587962124,3394.55851684656
2030,Cattle,10,fit,106310.432381452,50,5.98796240759758,2.99398120379879,66.8557453324043,69.8497265362031,62.1142446419891,179.468626117426,168.898439967208,7502.59908964044,3751.29954482022,3530.32375902152
2030,Cattle,10,lwr,99649.7285282602,50,5.95652907512821,2.9782645375641,66.6409896877188,69.6192542252829,61.805576456452,179.317422807549,168.754743276254,6991.98124746366,3495.99062373183,3290.02009918763
2030,Cattle,10,upr,112971.136234643,50,6.01966924121119,3.00983462060559,67.0716112822583,70.0814459028638,62.4494407279586,179.690324849946,169.108267430383,8022.31324552581,4011.15662276291,3774.90818296589
2030,Cattle,15,fit,100211.173544138,50,5.99134976352821,2.99567488176411,66.7673216336562,69.7629965154203,62.3946788145775,180.617680282035,169.955523624992,7118.52892480317,3559.26446240159,3349.13495225156
2030,Cattle,15,lwr,95100.5132229879,50,5.97259239078509,2.98629619539255,66.6373340437673,69.6236302391599,62.3167921550964,180.853073640775,170.17581734412,6743.92949376005,3371.96474688002,3172.86848348997
2030,Cattle,15,upr,105321.833865289,50,6.01022157270757,3.00511078635379,66.8976006226753,69.9027114090291,62.4953795114988,180.447934383328,169.796873819598,7497.21664731039,3748.6083236552,3527.32509598373
2030,Cattle,5,fit,93783.0564210336,50,5.96085047124141,2.9804252356207,67.0946702167218,70.0750954523425,63.2437969256352,181.967571301574,171.332778895702,6688.28127318862,3344.14063659431,3148.62122797665
2030,Cattle,5,lwr,87626.4556815172,50,5.92751156397087,2.96375578198543,66.8048089381751,69.7685647201605,62.2602065638369,180.109818316726,169.568982788663,6153.74062266369,3076.87031133184,2896.7150126074
2030,Cattle,5,upr,99939.65716055,50,5.99453813461091,2.99726906730546,67.3858286272583,70.3830976945637,64.2394964490237,183.839076402376,173.109269604781,7237.89696869112,3618.94848434556,3407.66006812065
