Year,Animal,time_sample,status,Pop_in_1000s,Red_in_perc,Ym_org_in_perc,Ym_upd_in_perc,DE_org_in_perc,DE_upd_in_perc,NEs_total,GE_org_in_MJ_per_head_per_day,GE_upd_in_MJ_per_head_per_day,EnterFe_CH4_emis_org_in_kt,EnterFe_CH4_emis_upd_in_kt_Ym,EnterFe_CH4_emis_upd_in_kt_Ym_DE
2025,Dairy cattle,5,fit,3538.06009999997,10,6.13086090699999,5.51777481629999,76.314058706,76.9271447967,152.260148496719,367.122342613282,363.392942790804,522.306199649133,470.075579684219,465.300332906956
2025,Dairy cattle,5,lwr,3435.80293980993,10,6.04288153993339,5.43859338594005,76.0824046637535,76.6866928177468,145.157405995155,351.361550346999,347.825793727904,478.469499204532,430.622549284079,426.289188028532
2025,Dairy cattle,5,upr,3640.31726019002,10,6.2188402740666,5.59695624665994,76.5457127482465,77.1675967756532,159.362890998284,382.762645048998,378.838195035094,568.336934116945,511.503240705251,506.258818539027
2025,Dairy cattle,10,fit,3546.92293333335,10,6.12664008266667,5.5139760744,76.2951986386667,76.9078626469334,152.438285417779,367.66809245224,363.934220159877,524.031939569648,471.628745612683,466.839095540577
2025,Dairy cattle,10,lwr,3503.99802128287,10,6.09730757177449,5.48757681459704,76.2168874403647,76.8266181975422,150.08939903039,362.478851272657,358.809098875701,507.939893951864,457.145904556677,452.517738601297
2025,Dairy cattle,10,upr,3589.84784538383,10,6.15597259355885,5.54037533420297,76.3735098369687,76.9891070963246,154.787171805168,372.843887496788,369.04574524979,540.415059169249,486.373553252324,481.418889913647
2025,Dairy cattle,15,fit,3698.12666666666,10,6.13080375457143,5.51772337911429,76.1776423813334,76.7907227567905,150.532290416367,363.788290110535,360.082237681665,540.973022929733,486.87572063676,481.915728806139
2025,Dairy cattle,15,lwr,3564.73314322971,10,6.11149126771658,5.50034214094492,76.0660738861664,76.6772230129381,148.41559716047,359.347034565083,355.689081707928,513.471071252954,462.123964127658,457.419799316653
2025,Dairy cattle,15,upr,3831.52019010362,10,6.15011624142628,5.53510461728365,76.2892108765003,76.9042225006429,152.648983672264,368.213249608841,364.459207643988,569.090781128792,512.181703015913,506.959860486362
2026,Dairy cattle,5,fit,3459.67419999998,10,6.10817899599999,5.49736109639999,76.377364132,76.9881820316,154.128261462049,371.232782903776,367.480379912212,514.542171439835,463.087954295851,458.40708368021
2026,Dairy cattle,5,lwr,3328.86640116994,10,5.99563541150132,5.39607187035119,76.0810312854783,76.6805948266284,145.042402725511,351.091300496706,347.585473934661,459.599286695564,413.639358026007,409.508957055025
2026,Dairy cattle,5,upr,3590.48199883002,10,6.22072258049867,5.5986503224488,76.6736969785218,77.2957692365717,163.214120198586,391.177793006997,387.17650386246,573.053903996623,515.748513596961,510.473012365403
2026,Dairy cattle,10,fit,3470.36392121212,10,6.10239712424242,5.49215741181818,76.3526411780606,76.9628808904848,154.379369060253,371.991555283462,368.233063538772,516.697384371754,465.027645934578,460.329145273815
2026,Dairy cattle,10,lwr,3421.20246503862,10,6.06880290401458,5.46192261361312,76.2629521755836,76.8698324659851,151.68921386426,366.05934611996,362.374024934657,498.495227537032,448.645704783329,444.128941209176
2026,Dairy cattle,10,upr,3519.52537738563,10,6.13599134447027,5.52239221002324,76.4423301805376,77.0559293149846,157.069524256247,377.906187239633,374.074327387805,535.279409216254,481.751468294629,476.866647214029
2026,Dairy cattle,15,fit,3653.66779166665,10,6.10768725889286,5.49691853300358,76.2101377400833,76.8209064659726,152.064341913035,367.290148787415,363.564902932118,537.579654455943,483.821689010349,478.914520256603
2026,Dairy cattle,15,lwr,3507.19920265843,10,6.08648178634076,5.47783360770668,76.0876334411952,76.6962816198293,149.740173043615,362.422472422697,358.749799482407,507.422329811702,456.680096830532,452.052247396177
2026,Dairy cattle,15,upr,3800.13638067488,10,6.12889273144496,5.51600345830047,76.3326420389715,76.945531312116,154.388510782455,372.138235174907,368.360547055425,568.477385604001,511.629647043601,506.435939285239
2027,Dairy cattle,5,fit,3381.28829999996,10,6.08549708499999,5.47694737649999,76.440669558,77.0492192665,155.996374427377,375.334629063181,371.559676395322,506.552649595202,455.897384635682,451.312166765708
2027,Dairy cattle,5,lwr,3221.08211924484,10,5.94765990707722,5.3528939163695,76.0777374239976,76.6725034147053,144.868515537614,350.689844927562,347.215494170792,440.655109243598,396.589598319238,392.660510006652
2027,Dairy cattle,5,upr,3541.49448075507,10,6.22333426292277,5.60100083663049,76.8036016920024,77.4259351182947,167.12423331714,399.685737932679,395.606707856101,577.771405969541,519.994265372586,514.687415398219
2027,Dairy cattle,10,fit,3393.80490909092,10,6.07815416581818,5.47033874923636,76.4100837174545,77.0178991340363,156.320452702728,376.306796716617,372.524171698223,509.129595425522,458.21663588297,453.610655534333
2027,Dairy cattle,10,lwr,3338.24533516571,10,6.04018782577282,5.43616904319554,76.3087221396809,76.9127409222582,153.280187256672,369.61487343402,365.914644203247,488.816468724549,439.934821852094,435.530616814759
2027,Dairy cattle,10,upr,3449.36448301613,10,6.11612050586355,5.5045084552772,76.5114452952282,77.1230573458146,159.360718148784,382.976346094789,379.111072077211,529.925438782684,476.932894904416,472.1193435047
2027,Dairy cattle,15,fit,3609.20891666666,10,6.08457076321429,5.47611368689286,76.2426330988333,76.8510901751547,153.596393409704,370.78821480562,367.044106973751,534.066805667922,480.66012510113,475.806563776907
2027,Dairy cattle,15,lwr,3449.38789497372,10,6.06143214822724,5.45528893340452,76.1089610102124,76.7151042250351,151.060347655369,365.486468690109,361.799465262235,501.206023354362,451.085421018926,446.534900996881
2027,Dairy cattle,15,upr,3769.02993835959,10,6.10770937820134,5.49693844038121,76.3763051874542,76.9870761252743,156.132439164038,376.066704383184,372.265645328489,567.806723950678,511.02605155561,505.860903517215
2028,Dairy cattle,5,fit,3302.90239999996,10,6.06281517399999,5.45653365659999,76.503974984,77.1102565014,157.864487392706,379.427911779326,375.630859920818,498.341483729158,448.507335356242,444.018984451106
2028,Dairy cattle,5,lwr,3112.84307462425,10,5.8992931368088,5.30936382312792,76.07341334012,76.6633426538009,144.663040710088,350.21795363516,346.775868164785,421.816249769956,379.63462479296,375.903420231665
2028,Dairy cattle,5,upr,3492.96172537568,10,6.22633721119117,5.60370349007205,76.9345366278801,77.5571703489992,171.065934075324,408.225994753002,404.069069924712,582.310761794587,524.079685615128,518.743034139874
2028,Dairy cattle,10,fit,3317.24589696969,10,6.05391120739394,5.44852008665455,76.4675262568485,77.0729173775879,158.261536345203,380.613843422463,376.807568376292,501.332648583762,451.199383725386,446.687227941249
2028,Dairy cattle,10,lwr,3255.17657669393,10,6.01149646672032,5.41034682004829,76.3542884511922,76.9554380978642,154.865052240616,373.151559702231,369.437004720863,478.927863988403,431.035077589563,426.744318371291
2028,Dairy cattle,10,upr,3379.31521724545,10,6.09632594806756,5.4866933532608,76.5807640625048,77.1903966573116,161.65802044979,388.048297776514,384.149985542456,524.336826879219,471.903144191297,467.162430700651
2028,Dairy cattle,15,fit,3564.75004166666,10,6.06145426753572,5.45530884078215,76.2751284575833,76.8812738843369,155.128444906372,374.282495159473,370.519855662348,530.436166157029,477.392549541326,472.593350845773
2028,Dairy cattle,15,lwr,3391.36328807323,10,6.03635162901698,5.43271646611528,76.1301101787204,76.7337453416221,152.377137627451,368.541198009869,364.840228889465,494.837477020283,445.353729318255,440.881392415992
2028,Dairy cattle,15,upr,3738.13679526009,10,6.08655690605445,5.47790121544901,76.4201467364463,77.0288024270518,157.879752185294,379.996499918088,376.172367560657,567.066731698398,510.360058528559,505.223999606489
2029,Dairy cattle,5,fit,3224.51649999997,10,6.04013326299999,5.43611993669999,76.56728041,77.1712937363,159.732600358035,383.512661588727,379.693958039263,489.912506821094,440.921256138984,436.530925037849
2029,Dairy cattle,5,lwr,3004.3341649566,10,5.85069418176244,5.2656247635862,76.0684779021925,76.6535473203687,144.438821161549,349.704213429441,346.294826972177,403.166274245345,362.849646820811,359.312101019569
2029,Dairy cattle,5,upr,3444.69883504334,10,6.22957234423754,5.60661510981379,77.0660829178076,77.6890401522314,175.026379554522,416.770258652165,412.535632829852,586.588989877893,527.930090890104,522.566017161596
2029,Dairy cattle,10,fit,3240.68688484849,10,6.0296682489697,5.42670142407273,76.5249687962424,77.1279356211394,160.202619987678,384.912721952364,381.083277210402,493.310603743673,443.979543369306,439.562450789797
2029,Dairy cattle,10,lwr,3172.02793373989,10,5.98275051903073,5.38447546712766,76.3997090233359,76.997984075239,156.445545880182,376.673302328279,372.944953348878,468.846233745844,421.961610371259,417.784993314384
2029,Dairy cattle,10,upr,3309.34583595709,10,6.07658597890867,5.4689273810178,76.6502285691489,77.2578871670398,163.959694095174,393.118204780479,389.18727492426,518.504647455012,466.654182709511,461.987940248502
2029,Dairy cattle,15,fit,3520.29116666666,10,6.03833777185714,5.43450399467143,76.3076238163334,76.9114575935191,156.660496403041,377.772996825527,373.992154840027,526.68942177818,474.020479600362,469.276369919892
2029,Dairy cattle,15,lwr,3333.17176733526,10,6.01124694430596,5.41012224987536,76.1511197428068,76.7522444372374,153.691279004721,371.58823486986,367.873646747394,488.328323753796,439.495491378416,435.102067208989
2029,Dairy cattle,15,upr,3707.41056599806,10,6.06542859940833,5.4588857394675,76.4641278898599,77.0706707498007,159.629713801361,383.926064562668,380.079172262349,566.249029887276,509.624126898548,504.51775535783
2030,Dairy cattle,5,fit,3146.13059999998,10,6.01745135199999,5.41570621679999,76.630585836,77.2323309712,161.600713323364,387.58890887752,383.748998171857,481.269535315641,433.142581784077,428.851362921059
2030,Dairy cattle,5,lwr,2895.65273498835,10,5.8019467947938,5.22175211531442,76.063151635643,76.6433463151224,144.202618420153,349.16367272378,345.787231706988,384.748528948498,346.273676053648,342.925181538906
2030,Dairy cattle,5,upr,3396.6084650116,10,6.23295590920618,5.60966031828556,77.1980200363571,77.8213156272777,178.998808226575,425.303760319646,420.99180648993,590.563308268772,531.506977441895,526.118279384819
2030,Dairy cattle,10,fit,3164.12787272729,10,6.00542529054545,5.40488276149091,76.5824113356364,77.1829538646909,162.143703630153,389.203458738945,385.351321737852,485.067504933639,436.560754440275,432.23989911989
2030,Dairy cattle,10,lwr,3088.82037377623,10,5.95396431071521,5.35856787964369,76.4450221086754,77.0404185397469,158.022815532667,380.18267939548,376.441034143605,458.584005353576,412.725604818219,408.663681739422
2030,Dairy cattle,10,upr,3239.43537167834,10,6.0568862703757,5.45119764333813,76.7198005625974,77.325489189635,166.264591727639,398.183548622354,394.220449908264,512.424336579318,461.181902921386,456.59178509067
2030,Dairy cattle,15,fit,3475.83229166667,10,6.01522127617857,5.41369914856071,76.3401191750834,76.9416413027013,158.192547899709,381.2597267626,377.46101033527,522.828254661359,470.545429195223,465.857106442472
2030,Dairy cattle,15,lwr,3274.847543916,10,5.98612304712703,5.38751074241433,76.1720183162089,76.7706306209216,155.003314651042,374.628740765917,370.900866832156,481.687653584975,433.518888226477,429.205007342944
2030,Dairy cattle,15,upr,3676.81703941734,10,6.04431950523011,5.4398875547071,76.5082200339578,77.1126519844808,161.381781148376,387.854254036232,383.984926285518,565.347775809391,508.812998228452,503.736956819904
2025,Non-dairy cattle,5,fit,6823.74769995999,10,6.510199277,5.8591793493,73.877064549,74.5280844767,44.9241969431519,112.958135545825,111.675352750833,329.126199312655,296.213579381389,292.849698759267
2025,Non-dairy cattle,5,lwr,6591.17774840452,10,6.49472395665596,5.84525156099037,73.80308441198,74.4525568076456,44.6458436179401,112.405205058119,111.129626972033,315.600613531031,284.040552177928,280.817250341232
2025,Non-dairy cattle,5,upr,7056.31765151546,10,6.52567459734404,5.87310713760964,73.95104468602,74.6036121457544,45.2025502683636,113.509671858642,112.219694349405,342.818382050868,308.536543845782,305.030188873368
2025,Non-dairy cattle,10,fit,6664.94653316669,10,6.49964456866667,5.8496801118,73.9313708446667,74.5813353015334,45.121634839439,113.345823068513,112.062227005697,322.047175159405,289.842457643465,286.560107862977
2025,Non-dairy cattle,10,lwr,6526.59120644832,10,6.49043462010693,5.84139115809624,73.8846430694471,74.5336865314578,44.8978039272745,112.876657019031,111.598853926126,313.611533108992,282.250379798092,279.055207139685
2025,Non-dairy cattle,10,upr,6803.30185988505,10,6.5088545172264,5.85796906550376,73.9780986198862,74.6289840716089,45.3454657516036,113.814235729438,112.524852317241,330.558696729677,297.502827056709,294.132464748073
2025,Non-dairy cattle,15,fit,6867.77392372285,10,6.49091874857143,5.84182687371429,73.9403276499048,74.589419524762,44.8114008391584,112.548722268789,111.276092126535,329.071619055136,296.164457149623,292.815615797761
2025,Non-dairy cattle,15,lwr,6662.60992321451,10,6.48080662430336,5.83272596187303,73.9083890969257,74.556469759356,44.4987572919474,111.826510347195,110.563107283192,316.698436053334,285.028592448001,281.808372162945
2025,Non-dairy cattle,15,upr,7072.9379242312,10,6.50103087283949,5.85092778555554,73.9722662028838,74.6223692901678,45.1240443863693,113.27012980638,111.988269564244,341.605747428517,307.445172685665,303.965864026127
2026,Non-dairy cattle,5,fit,6713.67179997999,10,6.515636084,5.8640724756,73.842285704,74.4938493124,45.0527349043389,113.350998737941,112.061709634671,325.214554397961,292.693098958165,289.363917677975
2026,Non-dairy cattle,5,lwr,6416.1673183335,10,6.49583998770091,5.84625598893082,73.7476499947475,74.3972339935176,44.6966641343282,112.643690495682,111.363630193202,307.925436388754,277.132892749878,273.983610149501
2026,Non-dairy cattle,5,upr,7011.17628162648,10,6.53543218029909,5.88188896226918,73.9369214132525,74.5904646312824,45.4088056743496,114.056025012362,112.757523568192,342.776568313072,308.498911481765,304.986722782918
2026,Non-dairy cattle,10,fit,6496.2485392025,10,6.50140303133333,5.8512627282,73.9154041578788,74.5655444610121,45.3304837185558,113.902551007816,112.611854131236,315.522887849463,283.970599064517,280.752760991442
2026,Non-dairy cattle,10,lwr,6337.79161976053,10,6.49085497285514,5.84176947556963,73.8618873219948,74.5109728192803,45.0741324984132,113.365539892094,112.081479514563,305.878264929764,275.290438436788,272.172299144668
2026,Non-dairy cattle,10,upr,6654.70545864446,10,6.51195108981153,5.86075598083038,73.9689209937628,74.620116102744,45.5868349386984,114.438574419517,113.141248433974,325.267074016791,292.740366615112,289.421733133758
2026,Non-dairy cattle,15,fit,6742.23708086071,10,6.49087947489286,5.84179152740357,73.9262582669762,74.5753462144655,44.9552854383787,112.938143037674,111.66072344522,324.17230071242,291.755070641178,288.45509037401
2026,Non-dairy cattle,15,lwr,6516.9631627912,10,6.47977617290894,5.83179855561805,73.8911891371618,74.5391667544527,44.6119969634764,112.14514605101,110.877864090488,310.6085794271,279.54772148439,276.388728010154
2026,Non-dairy cattle,15,upr,6967.51099893022,10,6.50198277687677,5.85178449918909,73.9613273967906,74.6115256744783,45.298573913281,113.730170021038,112.442609166545,337.930088381563,304.137079543407,300.693885904047
2027,Non-dairy cattle,5,fit,6603.59589999999,10,6.521072891,5.8689656019,73.807506859,74.4596141481,45.1812728655259,113.744356496887,112.448538221693,321.260327480618,289.134294732556,285.840368645682
2027,Non-dairy cattle,5,lwr,6239.22881188744,10,6.49682772358412,5.84714495122571,73.6916022594425,74.3412850318009,44.7451770161029,112.878079887443,111.593579908888,300.102471863561,270.092224677205,267.018700950085
2027,Non-dairy cattle,5,upr,6967.96298811253,10,6.54531805841589,5.8907862525743,73.9234114585575,74.5779432643991,45.6173687149489,114.607209273313,113.300097548912,342.827951423439,308.545156281095,305.026154345356
2027,Non-dairy cattle,10,fit,6327.55054523825,10,6.503161494,5.8528453446,73.8994374710909,74.5497536204909,45.5393325976726,114.459595240965,113.161785635144,308.915758815546,278.024182933991,274.871782696137
2027,Non-dairy cattle,10,lwr,6148.47124989302,10,6.49124065844301,5.84211659259871,73.8389556865594,74.4880797524037,45.2496185477864,113.853055211058,112.562747923852,298.034981788995,268.231483610096,265.191591203883
2027,Non-dairy cattle,10,upr,6506.62984058348,10,6.51508232955699,5.86357409660129,73.9599192556224,74.6114274885781,45.8290466475588,115.06487439739,113.75957193436,319.923743024594,287.931368722135,284.665058940415
2027,Non-dairy cattle,15,fit,6616.70023799857,10,6.49084020121429,5.84175618109286,73.9121888840476,74.561272904169,45.099170037599,113.327759061831,112.045544914121,319.23196715646,287.308770440814,284.058098467152
2027,Non-dairy cattle,15,lwr,6370.88980184684,10,6.47872469522593,5.83085222570334,73.8739227670954,74.521795236618,44.7245865506835,112.462475409869,111.1913297503,304.456291451087,274.010662305978,270.913562915303
2027,Non-dairy cattle,15,upr,6862.51067415029,10,6.50295570720264,5.85266013648238,73.9504550009998,74.6007505717201,45.4737535245145,114.191887553551,112.898600610953,334.238733091084,300.814859781976,297.407963384777
2028,Non-dairy cattle,5,fit,6493.52000001998,10,6.526509698,5.8738587282,73.772728014,74.4253789838,45.3098108267129,114.13820985943,112.835839471812,317.263362500569,285.537026250512,282.278915158572
2028,Non-dairy cattle,5,lwr,6061.25600977083,10,6.49774663691856,5.8479719732267,73.635225516306,74.2850001799979,44.7924519923045,113.110499803803,111.821575049523,292.183722671791,262.965350404612,259.968789075272
2028,Non-dairy cattle,5,upr,6925.78399026914,10,6.55527275908145,5.89974548317331,73.910230511694,74.5657577876021,45.8271696611213,115.161099953711,113.845319125163,342.920311281286,308.628280153157,305.102027153348
2028,Non-dairy cattle,10,fit,6158.852551274,10,6.50491995666667,5.854427961,73.883470784303,74.5339627799697,45.7481814767893,115.016956070571,113.712021801443,302.225656257111,272.0030906314,268.917057350743
2028,Non-dairy cattle,10,lwr,5958.79107937532,10,6.4916023930522,5.84244215374698,73.81590253297,74.4650627722752,45.4245225125399,114.339751595217,113.043201021708,290.091504731116,261.082354258005,258.121822409514
2028,Non-dairy cattle,10,upr,6358.91402317269,10,6.51823752028113,5.86641376825302,73.9510390356361,74.6028627876642,46.0718404410388,115.692587710706,114.379281582525,314.518623124434,283.066760811991,279.853475336967
2028,Non-dairy cattle,15,fit,6491.16339513645,10,6.49080092753571,5.84172083478214,73.8981195011191,74.5471995938727,45.2430546368194,113.71757050589,112.430556691403,314.250588282243,282.825529454019,279.624613695112
2028,Non-dairy cattle,15,lwr,6224.48837909495,10,6.47765704803094,5.82989134322785,73.8566053265712,74.5043710313743,44.8366762138934,112.778845518695,111.503846946987,298.24759606708,268.422836460372,265.388236030418
2028,Non-dairy cattle,15,upr,6757.83841117795,10,6.50394480704049,5.85355032633644,73.9396336756669,74.590028156371,45.6494330597453,114.654935626191,113.355901518159,330.525598855694,297.473038970125,294.102685816711
2029,Non-dairy cattle,5,fit,6383.44410003998,10,6.531946505,5.8787518545,73.737949169,74.3911438195,45.4383487878999,114.532559865297,113.223614347603,313.223502986929,281.901152688236,278.679420364449
2029,Non-dairy cattle,5,lwr,5882.66943644441,10,6.49862470961118,5.84876223865006,73.5786535335099,74.228516004471,44.8389923712118,113.341951671984,112.048603991824,284.193594341547,255.774234907392,252.855589088414
2029,Non-dairy cattle,5,upr,6884.21876363556,10,6.56526830038883,5.90874147034995,73.8972448044902,74.5537716345291,46.0377052045881,115.716697517086,114.392201691858,343.029024333872,308.726121900485,305.192436024808
2029,Non-dairy cattle,10,fit,5990.15455730975,10,6.50667841933333,5.8560105774,73.8675040975152,74.5181719394485,45.9570303559061,115.57463379964,114.262562914516,295.452448214493,265.907203393044,262.888469192928
2029,Non-dairy cattle,10,lwr,5768.85342565922,10,6.49194698768516,5.84275228891664,73.7927624176617,74.4419571164302,45.5990099215992,114.82597790807,113.523183371364,282.054035576428,253.848632018785,250.968511884219
2029,Non-dairy cattle,10,upr,6211.45568896029,10,6.52140985098151,5.86926886588336,73.9422457773686,74.5943867624668,46.315050790213,116.321366164075,115.000033448176,309.045252618383,278.140727356544,274.981235211638
2029,Non-dairy cattle,15,fit,6365.62655227431,10,6.49076165385714,5.84168548847143,73.8840501181905,74.5331262835762,45.3869392360397,114.107577534673,112.81575893541,309.228133950818,278.305320555736,275.154609646475
2029,Non-dairy cattle,15,lwr,6077.83023690303,10,6.47657674764692,5.82891907288223,73.8392479216897,74.4869055964544,44.9483746696977,113.094507729767,111.815663837634,291.986849435669,262.788164492102,259.816622851119
2029,Non-dairy cattle,15,upr,6653.42286764559,10,6.50494656006737,5.85445190406063,73.9288523146913,74.579346970698,45.8255038023816,115.119063204266,113.814264036499,326.786270695606,294.107643626046,290.774126153302
2030,Non-dairy cattle,5,fit,6273.36820005998,10,6.537383312,5.8836449808,73.703170324,74.3569086552,45.5668867490869,114.927407557184,113.611863814313,309.140592056527,278.226532850874,275.041747061544
2030,Non-dairy cattle,5,lwr,5703.69048924531,10,6.49947667355099,5.84952900619589,73.5219567371999,74.171904404555,44.8850631341112,113.572963526795,112.275187859227,276.144879080062,248.530391172055,245.69048381824
2030,Non-dairy cattle,5,upr,6843.04591087465,10,6.57528995044901,5.91776095540411,73.8843839108002,74.5419129058451,46.2487103640627,116.27347582758,114.940225904827,343.141079705683,308.826971735115,305.28580696577
2030,Non-dairy cattle,10,fit,5821.45656334551,10,6.508436882,5.8575931938,73.8515374107273,74.5023810989273,46.1658792350229,116.132628731577,114.813409259111,288.596002568648,259.736402311783,256.785902324134
2030,Non-dairy cattle,10,lwr,5578.72587098057,10,6.49227894111276,5.84305104700148,73.7695581656867,74.418786059798,45.7731901093417,115.311964755523,114.002922729902,273.926633565917,246.533970209325,243.735272533578
2030,Non-dairy cattle,10,upr,6064.18725571044,10,6.52459482288724,5.87213534059852,73.9335166557679,74.5859761380566,46.5585683607041,116.95097982087,115.621600408266,303.499312093866,273.14938088448,270.044497419034
2030,Non-dairy cattle,15,fit,6240.08970941216,10,6.49072238017857,5.84165014216071,73.8699807352619,74.5190529732798,45.53082383526,114.49778031319,113.201151804665,304.164573989256,273.74811659033,270.648059880453
2030,Non-dairy cattle,15,lwr,5930.96799325046,10,6.4754863875091,5.82793774875819,73.8218587436642,74.4694073824151,45.0597621011289,113.409647478675,112.126963499542,285.677259736229,257.109533762606,254.201577630376
2030,Non-dairy cattle,15,upr,6549.21142557386,10,6.50595837284804,5.85536253556324,73.9181027268596,74.5686985641444,46.0018855693911,115.584085170166,114.273505394471,323.017481552584,290.715733397326,287.41937853925
2025,Cattle,10,fit,10211.8694665,10,6.37008766726191,5.73307890053572,74.7524070947377,75.3894158614639,82.3962876651077,201.680431407733,199.545772669264,846.079114729053,761.471203256148,753.399203403554
2025,Cattle,10,lwr,10030.5892277312,10,6.35310306677592,5.71779276009833,74.6993688522805,75.3346791589581,81.6445126926854,200.07049727266,197.957111599498,821.551427060855,739.39628435477,731.572945740982
2025,Cattle,10,upr,10393.1497052689,10,6.38696726944523,5.74827054250071,74.8054860856987,75.4441828126432,83.1471989905991,203.284421732449,201.128499999041,870.973755898926,783.876380309033,775.551354661719
2025,Cattle,15,fit,10565.9005903895,10,6.36487640594432,5.72838876534989,74.7234008199806,75.3598884605751,81.8143271514514,200.484032430846,198.359690333477,870.044641984869,783.040177786382,774.7313446039
2025,Cattle,15,lwr,10227.3430664442,10,6.35208201974325,5.71687381776893,74.6604485937939,75.2956567957683,80.7188978321051,198.099612811515,196.001591122195,830.169507306288,747.152556575659,739.228171479598
2025,Cattle,15,upr,10904.4581143348,10,6.37772933128971,5.73995639816074,74.7863754601466,75.4241483932756,82.905286837288,202.849978764397,200.699463327764,910.696528557309,819.626875701579,810.925724512489
2025,Cattle,5,fit,10361.80779996,10,6.38067342811278,5.7426060853015,74.7091811021413,75.3472484449525,81.5742733408895,199.743014906063,197.624829809461,851.432398961787,766.289159065608,758.150031666223
2025,Cattle,5,lwr,10026.9806882144,10,6.33989753861659,5.70590778475493,74.5841066823247,75.2180964361864,79.0867119350028,194.284979155497,192.234937819737,794.070112735563,714.663101462007,707.106438369764
2025,Cattle,5,upr,10696.6349117055,10,6.42125163701441,5.77912647331297,74.8340714518537,75.4761966155551,84.0540079668523,205.14281197729,202.956261311224,911.155316167814,820.039784551032,811.289007412395
2026,Cattle,10,fit,9966.61246041462,10,6.36246959634541,5.72622263671087,74.7640475114631,75.4002944710976,83.301190299283,203.768869424144,201.618888983639,832.220272221217,748.998244999095,741.081906265257
2026,Cattle,10,lwr,9758.99408479915,10,6.34289652900886,5.70860687610797,74.7036266369731,75.337916289874,82.4500931773191,201.952198030699,199.826329642694,804.373492466796,723.936143220117,716.301240353844
2026,Cattle,10,upr,10174.2308360301,10,6.38189704583229,5.74370734124906,74.8245361790095,75.4627258835927,84.1515343755168,205.578726867781,203.404641114744,860.546483233044,774.49183490974,766.288380347786
2026,Cattle,15,fit,10395.9048725274,10,6.3562055744692,5.72058501702228,74.728933644758,75.364554202205,82.5990417670297,202.330816647981,200.193102152312,861.751955168363,775.576759651527,767.369610630613
2026,Cattle,15,lwr,10024.1623654496,10,6.34217248008207,5.70795523207387,74.6596690790212,75.2938863270294,81.3936692751717,199.710810641569,197.601943617001,818.030909238801,736.227818314921,728.440975406331
2026,Cattle,15,upr,10767.6473796051,10,6.37031120509049,5.73328008458144,74.7982157832776,75.4352469037867,83.7987795057563,204.927982768044,202.761601974656,906.407473985565,815.766726587008,807.129825189286
2026,Cattle,5,fit,10173.34599998,10,6.37707117379607,5.73936405641646,74.7043959116294,75.342103029009,82.1463111066882,201.049476242811,198.922550085714,839.756725837796,755.781053254016,747.771001358185
2026,Cattle,5,lwr,9745.03371950344,10,6.32497200967742,5.69247480870968,74.5447241561521,75.1772213571198,78.9743862347902,194.096485859855,192.056112280727,767.524723084317,690.772250775886,683.492567204526
2026,Cattle,5,upr,10601.6582804565,10,6.42884893425867,5.7859640408328,74.8637899409857,75.5066748344116,85.3061358821637,207.909334857569,205.695475614825,915.830472309695,824.247425078726,815.45973514832
2027,Cattle,10,fit,9721.35545432917,10,6.35478795045873,5.71930915541286,74.7759246642534,75.4114034592992,84.2139300870277,205.872600554339,203.707321511257,818.045354241068,736.240818816961,728.48243823047
2027,Cattle,10,lwr,9486.71658505873,10,6.33252135855942,5.69926922270348,74.7080325971173,75.3412847329733,83.2640926615932,203.852128013655,201.713802277273,786.851450513545,708.16630546219,700.722208018642
2027,Cattle,10,upr,9955.99432359961,10,6.37685758775843,5.73917182898259,74.8439237068548,75.4816094656307,85.1633514538107,207.885770535815,205.693537579378,849.849181807278,764.864263626551,756.784402445115
2027,Cattle,15,fit,10225.9091546652,10,6.34744842489191,5.71270358240272,74.7347133082903,75.3694581507795,83.3929921423579,204.19777937055,202.046646038994,853.298772824382,767.968895541944,759.86466224406
2027,Cattle,15,lwr,9820.27769682056,10,6.33215003565739,5.69893503209165,74.6589834444637,75.2921984480295,82.0751888942479,201.33754865157,199.2178291737,805.662314805449,725.096083324904,717.448463912183
2027,Cattle,15,upr,10631.5406125099,10,6.36283535199469,5.72655181679522,74.8104528425133,75.4467363777128,84.7038062813204,207.030175127031,204.84784787376,902.045457041762,811.840911337586,803.268866901992
2027,Cattle,5,fit,9984.88419999995,10,6.37356918969609,5.73621227072649,74.6992029515922,75.3365598705618,82.7077778173206,202.329472789194,200.194118676814,827.81297707582,745.031679368238,737.15253541139
2027,Cattle,5,lwr,9460.31093113228,10,6.30984500736135,5.67886050662521,74.5040425025382,75.1350270032743,78.835546537619,193.849120870459,191.819012292263,740.757581107158,666.681822996443,659.679210956737
2027,Cattle,5,upr,10509.4574688676,10,6.43681542276515,5.79313388048864,74.8939827602147,75.5376643024912,86.5629543112794,210.673446642815,208.432249255627,920.599357392979,828.539421653681,819.713569743576
2028,Cattle,10,fit,9476.09844824369,10,6.34703779332763,5.71233401399487,74.788056934464,75.4227607137968,85.1351155435956,207.993004138041,205.812439199299,803.558304840873,723.202474356786,715.604285291992
2028,Cattle,10,lwr,9213.96765606925,10,6.32198712804766,5.68978841524289,74.7126817156236,75.3448804284284,84.0884577692638,205.774643377892,203.623842865094,769.019368719519,692.117431847567,684.866140780804
2028,Cattle,10,upr,9738.22924041814,10,6.37182772019184,5.73464494817266,74.863594037277,75.5007768092961,86.1820213952585,210.204205049625,207.993862072691,838.855450003653,754.969905003288,747.015906037618
2028,Cattle,15,fit,10055.9134368031,10,6.33860057957697,5.70474052161927,74.7407523290416,75.3746123869994,84.1966466703717,206.085989531484,203.921383958596,844.686754439272,760.218078995345,752.217964540884
2028,Cattle,15,lwr,9615.85166716818,10,6.32201540039803,5.68981386035823,74.6584355916075,75.2906371316473,82.7645463021599,202.982301513275,200.851700365574,793.085073087363,713.776565778627,706.26962844641
2028,Cattle,15,upr,10495.975206438,10,6.35529229596984,5.71976306637286,74.8230672739032,75.4585965035002,85.620210163874,209.15621304756,206.957866346646,897.592330554092,807.833097498683,799.3266854232
2028,Cattle,5,fit,9796.42240001994,10,6.37017326275367,5.7331559364783,74.6935786882408,75.3305960145161,83.2580633806535,203.581677830423,201.438215758414,815.604846229727,734.044361606755,726.297899609679
2028,Cattle,5,lwr,9174.09908439508,10,6.29468671613898,5.66521804452508,74.4625215823472,75.0919902539611,78.6793184397796,193.562900503963,191.543391595099,713.999972441746,642.599975197572,635.872209306937
2028,Cattle,5,upr,10418.7457156448,10,6.44499467856635,5.80049521070972,74.9241515534366,75.5686510212932,87.8143937062642,213.413278145183,211.144982732037,925.231073075872,832.707965768285,823.845061293222
2029,Cattle,10,fit,9230.84144215824,10,6.33921366406446,5.70529229765802,74.8004646569699,75.4343860233763,86.0654198555423,210.131605158756,207.935755639449,788.763051958166,709.886746762349,702.450919982725
2029,Cattle,10,lwr,8940.88135939911,10,6.31129528709687,5.68016575838719,74.7176496991906,75.3487792279003,84.9249213485861,207.723645827888,205.560317956966,750.900269322272,675.810242390045,668.753505198603
2029,Cattle,10,upr,9520.80152491738,10,6.36679303380221,5.73011373042199,74.8835164836603,75.5201957870405,87.2072812841481,212.533482642286,210.305077196508,827.549900073395,744.794910066056,736.96917546014
2029,Cattle,15,fit,9885.91771894097,10,6.32965735978213,5.69669162380392,74.7470640865338,75.380029822512,85.0105059614701,207.996589447721,205.818450803186,835.917555728998,752.325800156098,744.430979566368
2029,Cattle,15,lwr,9411.00200423829,10,6.31176707463896,5.68059036717507,74.6580625261681,75.289239233632,83.4627409894906,204.647351194107,202.505819790343,780.315173189464,702.283655870518,694.918690060108
2029,Cattle,15,upr,10360.8334336437,10,6.34767412231135,5.71290671008021,74.8360483926222,75.4708158048533,86.5479932920037,211.306104858107,209.091670090103,893.035300582882,803.731770524594,795.291881511132
2029,Cattle,5,fit,9607.96060003995,10,6.36688963395695,5.73020067056125,74.6874977413091,75.3241867047048,83.7965098363034,204.804659458968,202.653416962619,803.136009808023,722.822408827221,715.210345402298
2029,Cattle,5,lwr,8887.00360140101,10,6.27958577268226,5.65162719541404,74.4203618022446,75.0483203795129,78.5096401935515,193.246411054942,191.237716799314,687.359868586892,618.623881728203,612.167690107983
2029,Cattle,5,upr,10328.9175986789,10,6.45331354249329,5.80798218824396,74.9540537927603,75.5993851470097,89.0554882415864,216.118200522618,213.823174986507,929.618014211765,836.656212790589,827.758453186405
2030,Cattle,10,fit,8985.5844360728,10,6.33130950557285,5.69817855501556,74.8131703867662,75.4463013373234,87.0055897065755,212.290094125416,210.078948812325,773.663507502287,696.297156752058,689.025801444024
2030,Cattle,10,lwr,8667.5462447568,10,6.30044181086617,5.67039762977955,74.7230030395928,75.3530472206794,85.775160697737,209.702930398363,207.526990845532,732.510638919493,659.259575027544,652.398954273
2030,Cattle,10,upr,9303.62262738878,10,6.36174302963178,5.7255687266686,74.9036749483829,75.5398492513461,88.2390988194766,214.873559823364,212.627143703017,815.923648673184,734.331283805866,726.636282509704
2030,Cattle,15,fit,9715.92200107883,10,6.32061375931656,5.68855238338491,74.7536628966734,75.385724272605,85.8351056619946,209.930801240463,207.739060772023,826.992828650615,744.293545785553,736.505166322925
2030,Cattle,15,lwr,9205.81553716646,10,6.30140182901859,5.67126164611673,74.6578970362941,75.288037219196,84.1707318553963,206.334897025767,204.182368948087,767.364913321203,690.628421989083,683.406584973321
2030,Cattle,15,upr,10226.0284649912,10,6.33997392831751,5.70597653548576,74.8493916902565,75.4833890830882,87.4872743029898,213.480115837302,211.249526090353,888.365257361975,799.528731625777,791.156335359153
2030,Cattle,5,fit,9419.49880005996,10,6.36372504376352,5.72735253938717,74.6809326993357,75.317305203712,84.3224065669885,205.996870057714,203.838182925173,790.410127372168,711.369114634951,703.893109982603
2030,Cattle,5,lwr,8599.34322423366,10,6.26459777076835,5.63813799369151,74.3776520811279,75.0041118582047,78.3282160700161,192.903310465574,190.905586808183,660.893408028559,594.804067225703,588.615665357146
2030,Cattle,5,upr,10239.6543758862,10,6.46173390063884,5.81556051057496,74.9835542637117,75.6297276537756,90.2834101282236,218.782295141108,216.460975647473,933.704387974455,840.333949177009,831.404086350589
2025,Dairy cattle,5,fit,3538.06009999997,20,6.13086090699999,4.90468872559999,76.314058706,77.5402308874,152.260148496719,367.122342613282,359.748093166502,522.306199649133,417.844959719306,409.451863997819
2025,Dairy cattle,5,lwr,3435.80293980993,20,6.04288153993339,4.83430523194671,76.0824046637535,77.2909809717402,145.157405995155,351.361550346999,344.369447679744,478.469499204532,382.775599363626,375.158356422196
2025,Dairy cattle,5,upr,3640.31726019002,20,6.2188402740666,4.97507221925328,76.5457127482465,77.7894808030598,159.362890998284,382.762645048998,375.003540195253,568.336934116945,454.669547293556,445.452794465434
2025,Dairy cattle,10,fit,3546.92293333335,20,6.12664008266667,4.90131206613334,76.2951986386667,77.5205266552,152.438285417779,367.66809245224,360.284975014724,524.031939569648,419.225551655719,410.807112459548
2025,Dairy cattle,10,lwr,3503.99802128287,20,6.09730757177449,4.87784605741959,76.2168874403647,77.4363489547196,150.08939903039,362.478851272657,355.222263609373,507.939893951864,406.351915161491,398.217017679445
2025,Dairy cattle,10,upr,3589.84784538383,20,6.15597259355885,4.92477807484708,76.3735098369687,77.6047043556805,154.787171805168,372.843887496788,365.333951580759,540.415059169249,432.332047335399,423.623882661619
2025,Dairy cattle,15,fit,3698.12666666666,20,6.13080375457143,4.90464300365714,76.1776423813334,77.4038031322477,150.532290416367,363.788290110535,356.460438937894,540.973022929733,432.778418343786,424.060886948286
2025,Dairy cattle,15,lwr,3564.73314322971,20,6.11149126771658,4.88919301417326,76.0660738861664,77.2883721397097,148.41559716047,359.347034565083,352.114222101598,513.471071252954,410.776857002363,402.508882912543
2025,Dairy cattle,15,upr,3831.52019010362,20,6.15011624142628,4.92009299314103,76.2892108765003,77.5192341247856,152.648983672264,368.213249608841,360.790578609113,569.090781128792,455.272624903034,446.094957034136
2026,Dairy cattle,5,fit,3459.67419999998,20,6.10817899599999,4.88654319679999,76.377364132,77.5989999312,154.128261462049,371.232782903776,363.812632382504,514.542171439835,411.633737151868,403.406057835915
2026,Dairy cattle,5,lwr,3328.86640116994,20,5.99563541150132,4.79650832920106,76.0810312854783,77.2801583677786,145.042402725511,351.091300496706,344.157786701307,459.599286695564,367.679429356451,360.418325500785
2026,Dairy cattle,5,upr,3590.48199883002,20,6.22072258049867,4.97657806439894,76.6736969785218,77.9178414946215,163.214120198586,391.177793006997,383.266558222119,573.053903996623,458.443123197299,449.171504900036
2026,Dairy cattle,10,fit,3470.36392121212,20,6.10239712424242,4.88191769939394,76.3526411780606,77.5731206029091,154.379369060253,371.991555283462,364.559328816201,516.697384371754,413.357907497403,405.099199639874
2026,Dairy cattle,10,lwr,3421.20246503862,20,6.06880290401458,4.85504232321167,76.2629521755836,77.4767127563865,151.68921386426,366.05934611996,358.771514873428,498.495227537032,398.796182029626,390.856597076533
2026,Dairy cattle,10,upr,3519.52537738563,20,6.13599134447027,4.90879307557622,76.4423301805376,77.6695284494317,157.069524256247,377.906187239633,370.329185390597,535.279409216254,428.223527373003,419.637665145115
2026,Dairy cattle,15,fit,3653.66779166665,20,6.10768725889286,4.88614980711429,76.2101377400833,77.4316751918619,152.064341913035,367.290148787415,359.923979541047,537.579654455943,430.063723564754,421.438602022672
2026,Dairy cattle,15,lwr,3507.19920265843,20,6.08648178634076,4.86918542907261,76.0876334411952,77.3049297984634,149.740173043615,362.422472422697,355.160184323842,507.422329811702,405.937863849361,397.803606340987
2026,Dairy cattle,15,upr,3800.13638067488,20,6.12889273144496,4.90311418515597,76.3326420389715,77.5584205852605,154.388510782455,372.138235174907,364.66844471543,568.477385604001,454.781908483201,445.653242734748
2027,Dairy cattle,5,fit,3381.28829999996,20,6.08549708499999,4.86839766799999,76.440669558,77.657768975,155.996374427377,375.334629063181,367.869470134917,506.552649595202,405.242119676162,397.182120428664
2027,Dairy cattle,5,lwr,3221.08211924484,20,5.94765990707722,4.75812792566178,76.0777374239976,77.2672694054131,144.868515537614,350.689844927562,343.817981096449,440.655109243598,352.524087394878,345.616281078828
2027,Dairy cattle,5,upr,3541.49448075507,20,6.22333426292277,4.97866741033822,76.8036016920024,78.048268544587,167.12423331714,399.685737932679,391.620590055321,577.771405969541,462.217124775633,452.890173351135
2027,Dairy cattle,10,fit,3393.80490909092,20,6.07815416581818,4.86252333265454,76.4100837174545,77.6257145506181,156.320452702728,376.306796716617,368.826417954314,509.129595425522,407.303676340418,399.207129063332
2027,Dairy cattle,10,lwr,3338.24533516571,20,6.04018782577282,4.83215026061826,76.3087221396809,77.5167597048355,153.280187256672,369.61487343402,362.297101218324,488.816468724549,391.053174979639,383.310959326523
2027,Dairy cattle,10,upr,3449.36448301613,20,6.11612050586355,4.89289640469084,76.5114452952282,77.7346693964009,159.360718148784,382.976346094789,375.33287338959,529.925438782684,423.940351026147,415.479315417179
2027,Dairy cattle,15,fit,3609.20891666666,20,6.08457076321429,4.86765661057143,76.2426330988333,77.4595472514762,153.596393409704,370.78821480562,363.384379541323,534.066805667922,427.253444534337,418.722121279919
2027,Dairy cattle,15,lwr,3449.38789497372,20,6.06143214822724,4.84914571858179,76.1089610102124,77.3212474398579,151.060347655369,365.486468690109,358.195472517331,501.206023354362,400.964818683489,392.966073972318
2027,Dairy cattle,15,upr,3769.02993835959,20,6.10770937820134,4.88616750256107,76.3763051874542,77.5978470630945,156.132439164038,376.066704383184,368.550334840133,567.806723950678,454.245379160542,445.166468176934
2028,Dairy cattle,5,fit,3302.90239999996,20,6.06281517399999,4.85025213919999,76.503974984,77.7165380188,157.864487392706,379.427911779326,371.918631329294,498.341483729158,398.673186983327,390.783022142984
2028,Dairy cattle,5,lwr,3112.84307462425,20,5.8992931368088,4.71943450944704,76.07341334012,77.2532719674818,144.663040710088,350.21795363516,343.409308671997,421.816249769956,337.452999815964,330.892520424052
2028,Dairy cattle,5,upr,3492.96172537568,20,6.22633721119117,4.98106976895294,76.9345366278801,78.1798040701183,171.065934075324,408.225994753002,400.00662654269,582.310761794587,465.848609435669,456.469046888385
2028,Dairy cattle,10,fit,3317.24589696969,20,6.05391120739394,4.84312896591515,76.4675262568485,77.6783084983273,158.261536345203,380.613843422463,373.0862634803,501.332648583762,401.06611886701,393.134044603192
2028,Dairy cattle,10,lwr,3255.17657669393,20,6.01149646672032,4.80919717337626,76.3542884511922,77.5565877445363,154.865052240616,373.151559702231,365.804994519355,478.927863988403,383.142291190723,375.599029630204
2028,Dairy cattle,10,upr,3379.31521724545,20,6.09632594806756,4.87706075845405,76.5807640625048,77.8000292521183,161.65802044979,388.048297776514,380.339092515696,524.336826879219,419.469461503375,411.136024150594
2028,Dairy cattle,15,fit,3564.75004166666,20,6.06145426753572,4.84916341402858,76.2751284575833,77.4874193110905,155.128444906372,374.282495159473,366.841643785154,530.436166157029,424.348932925623,415.912745335805
2028,Dairy cattle,15,lwr,3391.36328807323,20,6.03635162901698,4.82908130321358,76.1301101787204,77.3373805045238,152.377137627451,368.541198009869,361.222212426827,494.837477020283,395.869981616226,388.008264381208
2028,Dairy cattle,15,upr,3738.13679526009,20,6.08655690605445,4.86924552484356,76.4201467364463,77.6374581176572,157.879752185294,379.996499918088,372.434136052353,567.066731698398,453.653385358719,444.625165441576
2029,Dairy cattle,5,fit,3224.51649999997,20,6.04013326299999,4.83210661039999,76.56728041,77.7753070626,159.732600358035,383.512661588727,375.960140759702,489.912506821094,391.930005456875,384.21172174371
2029,Dairy cattle,5,lwr,3004.3341649566,20,5.85069418176244,4.68055534540995,76.0684779021925,77.238616738545,144.438821161549,349.704213429441,342.959654279536,403.166274245345,322.533019396276,316.312496612799
2029,Dairy cattle,5,upr,3444.69883504334,20,6.22957234423754,4.98365787539003,77.0660829178076,78.3119973866551,175.026379554522,416.770258652165,408.39704877004,586.588989877893,469.271191902314,459.843201061173
2029,Dairy cattle,10,fit,3240.68688484849,20,6.0296682489697,4.82373459917576,76.5249687962424,77.7309024460363,160.202619987678,384.912721952364,377.338886361017,493.310603743673,394.648482994938,386.883079161526
2029,Dairy cattle,10,lwr,3172.02793373989,20,5.98275051903073,4.78620041522458,76.3997090233359,77.5962591271421,156.445545880182,376.673302328279,369.298992619278,468.846233745844,375.076986996675,367.733929100786
2029,Dairy cattle,10,upr,3309.34583595709,20,6.07658597890867,4.86126878312694,76.6502285691489,77.8655457649306,163.959694095174,393.118204780479,385.344093513225,518.504647455012,414.80371796401,406.600764708961
2029,Dairy cattle,15,fit,3520.29116666666,20,6.03833777185714,4.83067021748571,76.3076238163334,77.5152913707048,156.660496403041,377.772996825527,370.295777108649,526.68942177818,421.351537422544,413.011772405385
2029,Dairy cattle,15,lwr,3333.17176733526,20,6.01124694430596,4.80899755544477,76.1511197428068,77.353369131668,153.691279004721,371.58823486986,364.241942867341,488.328323753796,390.662659003036,382.939266015307
2029,Dairy cattle,15,upr,3707.41056599806,20,6.06542859940833,4.85234287952666,76.4641278898599,77.6772136097416,159.629713801361,383.926064562668,376.318322313723,566.249029887276,452.999223909821,444.022752519674
2030,Dairy cattle,5,fit,3146.13059999998,20,6.01745135199999,4.81396108159999,76.630585836,77.8340761064,161.600713323364,387.58890887752,379.994023109355,481.269535315641,385.015628252513,377.471166456625
2030,Dairy cattle,5,lwr,2895.65273498835,20,5.8019467947938,4.64155743583504,76.063151635643,77.2235409946018,144.202618420153,349.16367272378,342.483696744954,384.748528948498,307.798823158798,301.910213015101
2030,Dairy cattle,5,upr,3396.6084650116,20,6.23295590920618,4.98636472736494,77.1980200363571,78.4446112181983,178.998808226575,425.303760319646,416.777441165448,590.563308268772,472.450646615018,462.979145599791
2030,Dairy cattle,10,fit,3164.12787272729,20,6.00542529054545,4.80434023243636,76.5824113356364,77.7834963937455,162.143703630153,389.203458738945,381.584307479362,485.067504933639,388.054003946911,380.457354722524
2030,Dairy cattle,10,lwr,3088.82037377623,20,5.95396431071521,4.76317144857217,76.4450221086754,77.6358149708184,158.022815532667,380.18267939548,372.781606620825,458.584005353576,366.867204282861,359.725345842995
2030,Dairy cattle,10,upr,3239.43537167834,20,6.0568862703757,4.84550901630056,76.7198005625974,77.9311778166726,166.264591727639,398.183548622354,390.345413641672,512.424336579318,409.939469263454,401.869922178666
2030,Dairy cattle,15,fit,3475.83229166667,20,6.01522127617857,4.81217702094286,76.3401191750834,77.5431634303191,158.192547899709,381.2597267626,373.746784337604,522.828254661359,418.262603729087,410.020498309172
2030,Dairy cattle,15,lwr,3274.847543916,20,5.98612304712703,4.78889843770163,76.1720183162089,77.3692429256343,155.003314651042,374.628740765917,367.255798756804,481.687653584975,385.35012286798,377.766176950479
2030,Dairy cattle,15,upr,3676.81703941734,20,6.04431950523011,4.83545560418409,76.5082200339578,77.7170839350038,161.381781148376,387.854254036232,380.201771445865,565.347775809391,452.278220647513,443.354633569403
2025,Non-dairy cattle,5,fit,6823.74769995999,20,6.510199277,5.2081594216,73.877064549,75.1791044044,44.9241969431519,112.958135545825,110.42500035958,329.126199312655,263.300959450124,257.396321225243
2025,Non-dairy cattle,5,lwr,6591.17774840452,20,6.49472395665596,5.19577916532477,73.80308441198,75.1020292033112,44.6458436179401,112.405205058119,109.886272742249,315.600613531031,252.480490824825,246.822556504644
2025,Non-dairy cattle,5,upr,7056.31765151546,20,6.52567459734404,5.22053967787523,73.95104468602,75.2561796054888,45.2025502683636,113.509671858642,110.962353714251,342.818382050868,274.254705640695,268.100040787704
2025,Non-dairy cattle,10,fit,6664.94653316669,20,6.49964456866667,5.19971565493334,73.9313708446667,75.2312997584,45.121634839439,113.345823068513,110.810993631582,322.047175159405,257.637740127524,251.87601278672
2025,Non-dairy cattle,10,lwr,6526.59120644832,20,6.49043462010693,5.19234769608555,73.8846430694471,75.1827299934685,44.8978039272745,112.876657019031,110.353254701493,313.611533108992,250.889226487193,245.280498586471
2025,Non-dairy cattle,10,upr,6803.30185988505,20,6.5088545172264,5.20708361378112,73.9780986198862,75.2798695233315,45.3454657516036,113.814235729438,111.26799035393,330.558696729677,264.446957383741,258.530765635054
2025,Non-dairy cattle,15,fit,6867.77392372285,20,6.49091874857143,5.19273499885714,73.9403276499048,75.2385113996191,44.8114008391584,112.548722268789,110.035500205969,329.071619055136,263.257295244109,257.378738568666
2025,Non-dairy cattle,15,lwr,6662.60992321451,20,6.48080662430336,5.18464529944269,73.9083890969257,75.2045504217864,44.4987572919474,111.826510347195,109.331483270619,316.698436053334,253.358748842668,247.705912708489
2025,Non-dairy cattle,15,upr,7072.9379242312,20,6.50103087283949,5.20082469827159,73.9722662028838,75.2724723774517,45.1240443863693,113.27012980638,110.738707140166,341.605747428517,273.284597942814,267.177084631562
2026,Non-dairy cattle,5,fit,6713.67179997999,20,6.515636084,5.2125088672,73.842285704,75.1454129208,45.0527349043389,113.350998737941,110.805065852749,325.214554397961,260.171643518369,254.328028990019
2026,Non-dairy cattle,5,lwr,6416.1673183335,20,6.49583998770091,5.19667199016073,73.7476499947475,75.0468179922877,44.6966641343282,112.643690495682,110.115950261389,307.925436388754,246.340349111003,240.812437081156
2026,Non-dairy cattle,5,upr,7011.17628162648,20,6.53543218029909,5.22834574423927,73.9369214132525,75.2440078493123,45.4088056743496,114.056025012362,111.491932265485,342.776568313072,274.221254650458,268.056488431292
2026,Non-dairy cattle,10,fit,6496.2485392025,20,6.50140303133333,5.20112242506666,73.9154041578788,75.2156847641455,45.3304837185558,113.902551007816,111.353718493337,315.522887849463,252.41831027957,246.769867897922
2026,Non-dairy cattle,10,lwr,6337.79161976053,20,6.49085497285514,5.19268397828411,73.8618873219948,75.1600583165658,45.0741324984132,113.365539892094,110.829798273256,305.878264929764,244.702611943811,239.229144451529
2026,Non-dairy cattle,10,upr,6654.70545864446,20,6.51195108981153,5.20956087184922,73.9689209937628,75.2713112117251,45.5868349386984,114.438574419517,111.876665709648,325.267074016791,260.213659213433,254.388318908844
2026,Non-dairy cattle,15,fit,6742.23708086071,20,6.49087947489286,5.19270357991429,73.9262582669762,75.2244341619548,44.9552854383787,112.938143037674,110.415471988116,324.17230071242,259.337840569936,253.545076098483
2026,Non-dairy cattle,15,lwr,6516.9631627912,20,6.47977617290894,5.18382093832715,73.8911891371618,75.1871443717436,44.6119969634764,112.14514605101,109.642465366985,310.6085794271,248.48686354168,242.941520782602
2026,Non-dairy cattle,15,upr,6967.51099893022,20,6.50198277687677,5.20158622150142,73.9613273967906,75.261723952166,45.298573913281,113.730170021038,111.187501859312,337.930088381563,270.344070705251,264.299981778219
2027,Non-dairy cattle,5,fit,6603.59589999999,20,6.521072891,5.2168583128,73.807506859,75.1117214372,45.1812728655259,113.744356496887,111.185581342276,321.260327480618,257.008261984494,251.226644543864
2027,Non-dairy cattle,5,lwr,6239.22881188744,20,6.49682772358412,5.1974621788673,73.6916022594425,74.9909678041593,44.7451770161029,112.878079887443,110.341615928021,300.102471863561,240.081977490849,234.687136580908
2027,Non-dairy cattle,5,upr,6967.96298811253,20,6.54531805841589,5.23625444673271,73.9234114585575,75.2324750702407,45.6173687149489,114.607209273313,112.026172415881,342.827951423439,274.262361138751,268.085775327142
2027,Non-dairy cattle,10,fit,6327.55054523825,20,6.503161494,5.2025291952,73.8994374710909,75.2000697698909,45.5393325976726,114.459595240965,111.896736345601,308.915758815546,247.132607052437,241.599073590383
2027,Non-dairy cattle,10,lwr,6148.47124989302,20,6.49124065844301,5.19299252675441,73.8389556865594,75.137203818248,45.2496185477864,113.853055211058,111.304994916846,298.034981788995,238.427985431196,233.091906556722
2027,Non-dairy cattle,10,upr,6506.62984058348,20,6.51508232955699,5.21206586364559,73.9599192556224,75.2629357215338,45.8290466475588,115.06487439739,112.48723572045,319.923743024594,255.938994419676,250.205548357978
2027,Non-dairy cattle,15,fit,6616.70023799857,20,6.49084020121429,5.19267216097143,73.9121888840476,75.2103569242905,45.099170037599,113.327759061831,110.795629018929,319.23196715646,255.385573725168,249.679385858166
2027,Non-dairy cattle,15,lwr,6370.88980184684,20,6.47872469522593,5.18297975618074,73.8739227670954,75.1696677061406,44.7245865506835,112.462475409869,109.952171118954,304.456291451087,243.565033160869,238.128354431968
2027,Non-dairy cattle,15,upr,6862.51067415029,20,6.50295570720264,5.20236456576211,73.9504550009998,75.2510461424403,45.4737535245145,114.191887553551,111.637923756459,334.238733091084,267.390986472867,261.410641338454
2028,Non-dairy cattle,5,fit,6493.52000001998,20,6.526509698,5.2212077584,73.772728014,75.0780299536,45.3098108267129,114.13820985943,111.56654771702,317.263362500569,253.810690000456,248.092049909491
2028,Non-dairy cattle,5,lwr,6061.25600977083,20,6.49774663691856,5.19819730953485,73.635225516306,74.9347748436897,44.7924519923045,113.110499803803,110.5653418238,292.183722671791,233.746978137433,228.487316233897
2028,Non-dairy cattle,5,upr,6925.78399026914,20,6.55527275908145,5.24421820726516,73.910230511694,75.2212850635103,45.8271696611213,115.161099953711,112.563003739329,342.920311281286,274.336249025028,268.147076028713
2028,Non-dairy cattle,10,fit,6158.852551274,20,6.50491995666667,5.20393596533334,73.883470784303,75.1844547756364,45.7481814767893,115.016956070571,112.440047455022,302.225656257111,241.780525005689,236.363529640443
2028,Non-dairy cattle,10,lwr,5958.79107937532,20,6.4916023930522,5.19328191444176,73.81590253297,75.1142230115804,45.4245225125399,114.339751595217,111.779379933099,290.091504731116,232.073203784893,226.876466462851
2028,Non-dairy cattle,10,upr,6358.91402317269,20,6.51823752028113,5.2145900162249,73.9510390356361,75.2546865396923,46.0718404410388,115.692587710706,113.099165684575,314.518623124434,251.614898499548,245.974575011381
2028,Non-dairy cattle,15,fit,6491.16339513645,20,6.49080092753571,5.19264074202857,73.8981195011191,75.1962796866263,45.2430546368194,113.71757050589,111.175971450438,314.250588282243,251.400470625795,245.78164500509
2028,Non-dairy cattle,15,lwr,6224.48837909495,20,6.47765704803094,5.18212563842475,73.8566053265712,75.1521367361774,44.8366762138934,112.778845518695,110.260938923619,298.24759606708,238.598076853664,233.271123305602
2028,Non-dairy cattle,15,upr,6757.83841117795,20,6.50394480704049,5.20315584563239,73.9396336756669,75.240422637075,45.6494330597453,114.654935626191,112.089634728073,330.525598855694,264.420479084555,258.504309067349
2029,Non-dairy cattle,5,fit,6383.44410003998,20,6.531946505,5.225557204,73.737949169,75.04433847,45.4383487878999,114.532559865297,111.947965868236,313.223502986929,250.578802389543,244.924126817736
2029,Non-dairy cattle,5,lwr,5882.66943644441,20,6.49862470961118,5.19889976768894,73.5786535335099,74.8783784754321,44.8389923712118,113.341951671984,110.788103649997,284.193594341547,227.354875473238,222.232060924423
2029,Non-dairy cattle,5,upr,6884.21876363556,20,6.56526830038883,5.25221464031106,73.8972448044902,75.210298464568,46.0377052045881,115.716697517086,113.101452197205,343.029024333872,274.423219467098,268.221140979056
2029,Non-dairy cattle,10,fit,5990.15455730975,20,6.50667841933333,5.20534273546666,73.8675040975152,75.1688397813819,45.9570303559061,115.57463379964,112.983652088586,295.452448214493,236.361958571595,231.063135709567
2029,Non-dairy cattle,10,lwr,5768.85342565922,20,6.49194698768516,5.19355759014813,73.7927624176617,75.0911518151987,45.5990099215992,114.82597790807,112.253293702873,282.054035576428,225.643228461143,220.587675872369
2029,Non-dairy cattle,10,upr,6211.45568896029,20,6.52140985098151,5.21712788078521,73.9422457773686,75.2465277475649,46.315050790213,116.321366164075,113.712115821268,309.045252618383,247.236202094706,241.690349545485
2029,Non-dairy cattle,15,fit,6365.62655227431,20,6.49076165385714,5.19260932308571,73.8840501181905,75.1822024489619,45.3869392360397,114.107577534673,111.556499434845,309.228133950818,247.382507160655,241.851830671564
2029,Non-dairy cattle,15,lwr,6077.83023690303,20,6.47657674764692,5.18126139811754,73.8392479216897,75.1345632712191,44.9483746696977,113.094507729767,110.569013832234,291.986849435669,233.589479548535,228.373233269474
2029,Non-dairy cattle,15,upr,6653.42286764559,20,6.50494656006737,5.2039572480539,73.9288523146913,75.2298416267048,45.8255038023816,115.119063204266,112.542390016817,326.786270695606,261.429016556485,255.577534459319
2030,Non-dairy cattle,5,fit,6273.36820005998,20,6.537383312,5.2299066496,73.703170324,75.0106469864,45.5668867490869,114.927407557184,112.32983668958,309.140592056527,247.312473645222,241.722756706585
2030,Non-dairy cattle,5,lwr,5703.69048924531,20,6.49947667355099,5.19958133884079,73.5219567371999,74.8218520719101,44.8850631341112,113.572963526795,111.010415818621,276.144879080062,220.915903264049,215.931375925595
2030,Non-dairy cattle,5,upr,6843.04591087465,20,6.57528995044901,5.26023196035921,73.8843839108002,75.19944190089,46.2487103640627,116.27347582758,113.641005047283,343.141079705683,274.512863764546,268.297799773964
2030,Non-dairy cattle,10,fit,5821.45656334551,20,6.508436882,5.2067495056,73.8515374107273,75.1532247871273,46.1658792350229,116.132628731577,113.527550513608,288.596002568648,230.876802054918,225.697791344174
2030,Non-dairy cattle,10,lwr,5578.72587098057,20,6.49227894111276,5.19382315289021,73.7695581656867,75.0680139539093,45.7731901093417,115.311964755523,112.726961212764,273.926633565917,219.141306852733,214.228711218966
2030,Non-dairy cattle,10,upr,6064.18725571044,20,6.52459482288724,5.21967585830979,73.9335166557679,75.2384356203454,46.5585683607041,116.95097982087,114.32586174507,303.499312093866,242.799449675093,237.349497694248
2030,Non-dairy cattle,15,fit,6240.08970941216,20,6.49072238017857,5.19257790414286,73.8699807352619,75.1681252112976,45.53082383526,114.49778031319,111.937213124523,304.164573989256,243.331659191405,237.889919964801
2030,Non-dairy cattle,15,lwr,5930.96799325046,20,6.4754863875091,5.18038911000728,73.8218587436642,75.116956021166,45.0597621011289,113.409647478675,110.876576629788,285.677259736229,228.541807788983,223.437192759023
2030,Non-dairy cattle,15,upr,6549.21142557386,20,6.50595837284804,5.20476669827843,73.9181027268596,75.2192944014292,46.0018855693911,115.584085170166,112.996009131975,323.017481552584,258.413985242067,252.627764395541
2025,Cattle,10,fit,10211.8694665,20,6.37008766726191,5.09607013380953,74.7524070947377,76.0264246281901,82.3962876651077,201.680431407733,197.461629809476,846.079114729053,676.863291783243,662.683125246268
2025,Cattle,10,lwr,10030.5892277312,20,6.35310306677592,5.08248245342073,74.6993688522805,75.9699894656357,81.6445126926854,200.07049727266,195.893645520666,821.551427060855,657.241141648684,643.497516265916
2025,Cattle,10,upr,10393.1497052689,20,6.38696726944523,5.10957381555619,74.8054860856987,76.0828795395877,83.1471989905991,203.284421732449,199.023691884249,870.973755898926,696.779004719141,682.154648296672
2025,Cattle,15,fit,10565.9005903895,20,6.36487640594432,5.09190112475545,74.7234008199806,75.9963761011695,81.8143271514514,200.484032430846,196.285662173718,870.044641984869,696.035713587895,681.439625516952
2025,Cattle,15,lwr,10227.3430664442,20,6.35208201974325,5.0816656157946,74.6604485937939,75.9308649977426,80.7188978321051,198.099612811515,193.953234011965,830.169507306288,664.135605845031,650.214795621031
2025,Cattle,15,upr,10904.4581143348,20,6.37772933128971,5.10218346503177,74.7863754601466,76.0619213264046,82.905286837288,202.849978764397,198.599908867099,910.696528557309,728.557222845848,713.272041665698
2025,Cattle,5,fit,10361.80779996,20,6.38067342811278,5.10453874249022,74.7091811021413,75.9853157877638,81.5742733408895,199.743014906063,195.556871525167,851.432398961787,681.14591916943,666.848185223062
2025,Cattle,5,lwr,10026.9806882144,20,6.33989753861659,5.07191803089327,74.5841066823247,75.852086190048,79.0867119350028,194.284979155497,190.233289141029,794.070112735563,635.256090188451,621.98091292684
2025,Cattle,5,upr,10696.6349117055,20,6.42125163701441,5.13700130961153,74.8340714518537,76.1183217792566,84.0540079668523,205.14281197729,200.821799837443,911.155316167814,728.924252934251,713.552835253137
2026,Cattle,10,fit,9966.61246041462,20,6.36246959634541,5.08997567707633,74.7640475114631,76.0365414307322,83.301190299283,203.768869424144,199.519644298423,832.220272221217,665.776217776973,651.869067537795
2026,Cattle,10,lwr,9758.99408479915,20,6.34289652900886,5.07431722320709,74.7036266369731,75.9722059427748,82.4500931773191,201.952198030699,197.75052029108,804.373492466796,643.498793973437,630.085741528063
2026,Cattle,10,upr,10174.2308360301,20,6.38189704583229,5.10551763666583,74.8245361790095,76.100915588176,84.1515343755168,205.578726867781,201.281969808419,860.546483233044,688.437186586436,674.025984053959
2026,Cattle,15,fit,10395.9048725274,20,6.3562055744692,5.08496445957536,74.728933644758,76.0001747596519,82.5990417670297,202.330816647981,198.105885566452,861.751955168363,689.40156413469,674.983678121155
2026,Cattle,15,lwr,10024.1623654496,20,6.34217248008207,5.07373798406566,74.6596690790212,75.9281035750376,81.3936692751717,199.710810641569,195.542864499774,818.030909238801,654.424727391041,640.745127123589
2026,Cattle,15,upr,10767.6473796051,20,6.37031120509049,5.09624896407239,74.7982157832776,76.0722780242957,83.7987795057563,204.927982768044,200.646426246064,906.407473985565,725.125979188452,709.953224512967
2026,Cattle,5,fit,10173.34599998,20,6.37707117379607,5.10165693903685,74.7043959116294,75.9798101463886,82.1463111066882,201.049476242811,196.84595646332,839.756725837796,671.805380670236,657.734086825935
2026,Cattle,5,lwr,9745.03371950344,20,6.32497200967742,5.05997760774194,74.5447241561521,75.8097185580875,78.9743862347902,194.096485859855,190.063750158038,767.524723084317,614.019778467454,601.23076258194
2026,Cattle,5,upr,10601.6582804565,20,6.42884893425867,5.14307914740693,74.8637899409857,76.1495597278374,85.3061358821637,207.909334857569,203.534316241857,915.830472309695,732.664377847756,717.227993331327
2027,Cattle,10,fit,9721.35545432917,20,6.35478795045873,5.08383036036698,74.7759246642534,76.0468822543451,84.2139300870277,205.872600554339,201.5929951473,818.045354241068,654.436283392854,640.806202653715
2027,Cattle,10,lwr,9486.71658505873,20,6.33252135855942,5.06601708684754,74.7080325971173,75.9745368688292,83.2640926615932,203.852128013655,199.625671571607,786.851450513545,629.481160410836,616.402865883244
2027,Cattle,10,upr,9955.99432359961,20,6.37685758775843,5.10148607020674,74.8439237068548,76.1192952244065,85.1633514538107,207.885770535815,203.553017562304,849.849181807278,679.879345445823,665.684863775157
2027,Cattle,15,fit,10225.9091546652,20,6.34744842489191,5.07795873991353,74.7347133082903,76.0042029932686,83.3929921423579,204.19777937055,199.94619322272,853.298772824382,682.639018259506,668.401507138085
2027,Cattle,15,lwr,9820.27769682056,20,6.33215003565739,5.06572002852591,74.6589834444637,75.9254134515952,82.0751888942479,201.33754865157,197.148018862558,805.662314805449,644.529851844359,631.094428404285
2027,Cattle,15,upr,10631.5406125099,20,6.36283535199469,5.09026828159575,74.8104528425133,76.0830199129123,84.7038062813204,207.030175127031,202.716969042815,902.045457041762,721.63636563341,706.577109515388
2027,Cattle,5,fit,9984.88419999995,20,6.37356918969609,5.09885535175688,74.6992029515922,75.9739167895314,82.7077778173206,202.329472789194,198.109196337536,827.81297707582,662.250381660656,648.408764972528
2027,Cattle,5,lwr,9460.31093113228,20,6.30984500736135,5.04787600588908,74.5040425025382,75.7660115040105,78.835546537619,193.849120870459,189.836523715401,740.757581107158,592.606064885727,580.303417659736
2027,Cattle,5,upr,10509.4574688676,20,6.43681542276515,5.14945233821212,74.8939827602147,76.1813458447677,86.5629543112794,210.673446642815,206.244364920417,920.599357392979,736.479485914383,720.975948678276
2028,Cattle,10,fit,9476.09844824369,20,6.34703779332763,5.07763023466211,74.788056934464,76.0574644931296,85.1351155435956,207.993004138041,203.68304111881,803.558304840873,642.846643872699,629.497574243634
2028,Cattle,10,lwr,9213.96765606925,20,6.32198712804766,5.05758970243813,74.7126817156236,75.9770791412332,84.0884577692638,205.774643377892,201.523370941878,769.019368719519,615.215494975616,602.475496093055
2028,Cattle,10,upr,9738.22924041814,20,6.37182772019184,5.09746217615348,74.863594037277,76.1379595813153,86.1820213952585,210.204205049625,205.835527614497,838.855450003653,671.084360002923,657.110599161975
2028,Cattle,15,fit,10055.9134368031,20,6.33860057957697,5.07088046366158,74.7407523290416,76.008472444957,84.1966466703717,206.085989531484,201.807640252636,844.686754439272,675.749403551418,661.694390340895
2028,Cattle,15,lwr,9615.85166716818,20,6.32201540039803,5.05761232031842,74.6584355916075,75.9228386716871,82.7645463021599,202.982301513275,198.771128051519,793.085073087363,634.468058469891,621.27938768681
2028,Cattle,15,upr,10495.975206438,20,6.35529229596984,5.08423383677587,74.8230672739032,76.0941257330972,85.620210163874,209.15621304756,204.811210446639,897.592330554092,718.073864443274,703.129474508925
2028,Cattle,5,fit,9796.42240001994,20,6.37017326275367,5.09613861020293,74.6935786882408,75.9676133407915,83.2580633806535,203.581677830423,199.345278226458,815.604846229727,652.483876983782,638.875072052475
2028,Cattle,5,lwr,9174.09908439508,20,6.29468671613898,5.03574937291118,74.4625215823472,75.721458925575,78.6793184397796,193.562900503963,189.571108276042,713.999972441746,571.199977953397,559.379836657949
2028,Cattle,5,upr,10418.7457156448,20,6.44499467856635,5.15599574285308,74.9241515534366,76.2131504891499,87.8143937062642,213.413278145183,208.930608829048,925.231073075872,740.184858460698,724.616122917097
2029,Cattle,10,fit,9230.84144215824,20,6.33921366406446,5.07137093125157,74.8004646569699,76.0683073897828,86.0654198555423,210.131605158756,205.791284633883,788.763051958166,631.010441566533,617.946214871093
2029,Cattle,10,lwr,8940.88135939911,20,6.31129528709687,5.0490362296775,74.7176496991906,75.97990875661,84.9249213485861,207.723645827888,203.447450569006,750.900269322272,600.720215457818,588.321604973155
2029,Cattle,10,upr,9520.80152491738,20,6.36679303380221,5.09343442704177,74.8835164836603,76.1568750904207,87.2072812841481,212.533482642286,208.128972630545,827.549900073395,662.039920058716,648.291114254447
2029,Cattle,15,fit,9885.91771894097,20,6.32965735978213,5.0637258878257,74.7470640865338,76.0129955584902,85.0105059614701,207.996589447721,203.691354241464,835.917555728998,668.734044583199,654.863603076949
2029,Cattle,15,lwr,9411.00200423829,20,6.31176707463896,5.04941365971117,74.6580625261681,75.9204159410959,83.4627409894906,204.647351194107,200.414435692337,780.315173189464,624.252138551571,611.31249928478
2029,Cattle,15,upr,10360.8334336437,20,6.34767412231135,5.07813929784908,74.8360483926222,76.1055832170845,86.5479932920037,211.306104858107,206.929167366023,893.035300582882,714.428240466306,699.600286978993
2029,Cattle,5,fit,9607.96060003995,20,6.36688963395695,5.09351170716556,74.6874977413091,75.9608756681005,83.7965098363034,204.804659458968,200.552785306699,803.136009808023,642.508807846418,629.135848561446
2029,Cattle,5,lwr,8887.00360140101,20,6.27958577268226,5.02366861814581,74.4203618022446,75.6762789567811,78.5096401935515,193.246411054942,189.275854186895,687.359868586892,549.887894869514,538.544557537222
2029,Cattle,5,upr,10328.9175986789,20,6.45331354249329,5.16265083399463,74.9540537927603,76.244716501259,89.0554882415864,216.118200522618,211.582671336564,929.618014211765,743.694411369412,728.064342040229
2030,Cattle,10,fit,8985.5844360728,20,6.33130950557285,5.06504760445828,74.8131703867662,76.0794322878807,87.0055897065755,212.290094125416,207.91939138077,773.663507502287,618.930806001829,606.155146066697
2030,Cattle,10,lwr,8667.5462447568,20,6.30044181086617,5.04035344869293,74.7230030395928,75.983091401766,85.775160697737,209.702930398363,205.40164264495,732.510638919493,586.008511135594,573.954057061961
2030,Cattle,10,upr,9303.62262738878,20,6.36174302963178,5.08939442370542,74.9036749483829,76.1760235543092,88.2390988194766,214.873559823364,210.433317464135,815.923648673184,652.738918938547,639.219419872914
2030,Cattle,15,fit,9715.92200107883,20,6.32061375931656,5.05649100745325,74.7536628966734,76.0177856485367,85.8351056619946,209.930801240463,205.598541590189,826.992828650615,661.594262920492,647.910418273972
2030,Cattle,15,lwr,9205.81553716646,20,6.30140182901859,5.04112146321487,74.6578970362941,75.9181774020978,84.1707318553963,206.334897025767,202.080105801543,767.364913321203,613.891930656963,601.203369709502
2030,Cattle,15,upr,10226.0284649912,20,6.33997392831751,5.07197914265401,74.8493916902565,76.11738647592,87.4872743029898,213.480115837302,209.071108401421,888.365257361975,710.69220588958,695.982397964944
2030,Cattle,5,fit,9419.49880005996,20,6.36372504376352,5.09098003501082,74.6809326993357,75.9536777080883,84.3224065669885,205.996870057714,201.730186463391,790.410127372168,632.328101897734,619.19392316321
2030,Cattle,5,lwr,8599.34322423366,20,6.26459777076835,5.01167821661468,74.3776520811279,75.6305716352815,78.3282160700161,192.903310465574,188.954303103198,660.893408028559,528.714726422847,517.841588940696
2030,Cattle,5,upr,10239.6543758862,20,6.46173390063884,5.16938712051108,74.9835542637117,76.2759010438395,90.2834101282236,218.782295141108,214.194768599804,933.704387974455,746.963510379564,731.276945373755
2025,Dairy cattle,5,fit,3538.06009999997,30,6.13086090699999,4.29160263489999,76.314058706,78.1533169781,152.260148496719,367.122342613282,356.184857916333,522.306199649133,365.614339754393,354.721782201007
2025,Dairy cattle,5,lwr,3435.80293980993,30,6.04288153993339,4.23001707795337,76.0824046637535,77.8952691257335,145.157405995155,351.361550346999,340.989781597915,478.469499204532,334.928649443172,325.04196008847
2025,Dairy cattle,5,upr,3640.31726019002,30,6.2188402740666,4.35318819184662,76.5457127482465,78.4113648304665,159.362890998284,382.762645048998,371.255532603578,568.336934116945,397.835853881862,385.875590871211
2025,Dairy cattle,10,fit,3546.92293333335,30,6.12664008266667,4.28864805786667,76.2951986386667,78.1331906634667,152.438285417779,367.66809245224,356.717419470021,524.031939569648,366.822357698754,355.896874187434
2025,Dairy cattle,10,lwr,3503.99802128287,30,6.09730757177449,4.26811530024214,76.2168874403647,78.0460797118971,150.08939903039,362.478851272657,351.715476519235,507.939893951864,355.557925766304,345.000059595256
2025,Dairy cattle,10,upr,3589.84784538383,30,6.15597259355885,4.3091808154912,76.3735098369687,78.2203016150364,154.787171805168,372.843887496788,361.705499601784,540.415059169249,378.290541418474,366.989439459638
2025,Dairy cattle,15,fit,3698.12666666666,30,6.13080375457143,4.2915626282,76.1776423813334,78.0168835077048,150.532290416367,363.788290110535,352.919961118982,540.973022929733,378.681116050813,367.367857587001
2025,Dairy cattle,15,lwr,3564.73314322971,30,6.11149126771658,4.27804388740161,76.0660738861664,77.8995212664814,148.41559716047,359.347034565083,348.6195663147,513.471071252954,359.429749877068,348.699812353816
2025,Dairy cattle,15,upr,3831.52019010362,30,6.15011624142628,4.3050813689984,76.2892108765003,78.1342457489282,152.648983672264,368.213249608841,357.204386385794,569.090781128792,398.363546790155,386.453248058863
2026,Dairy cattle,5,fit,3459.67419999998,30,6.10817899599999,4.27572529719999,76.377364132,78.2098178308,154.128261462049,371.232782903776,360.226614701325,514.542171439835,360.179520007884,349.501054735294
2026,Dairy cattle,5,lwr,3328.86640116994,30,5.99563541150132,4.19694478805092,76.0810312854783,77.8797219089287,145.042402725511,351.091300496706,340.805572142264,459.599286695564,321.719500686895,312.294261765535
2026,Dairy cattle,5,upr,3590.48199883002,30,6.22072258049867,4.35450580634907,76.6736969785218,78.5399137526714,163.214120198586,391.177793006997,379.444760323837,573.053903996623,401.137732797636,389.105960510197
2026,Dairy cattle,10,fit,3470.36392121212,30,6.10239712424242,4.27167798696969,76.3526411780606,78.1833603153333,154.379369060253,371.991555283462,360.96742335983,516.697384371754,361.688169060228,350.969382479444
2026,Dairy cattle,10,lwr,3421.20246503862,30,6.06880290401458,4.24816203281021,76.2629521755836,78.083593046788,151.68921386426,366.05934611996,355.248965979187,498.495227537032,348.946659275922,338.641647054245
2026,Dairy cattle,10,upr,3519.52537738563,30,6.13599134447027,4.29519394112919,76.4423301805376,78.2831275838787,157.069524256247,377.906187239633,366.66775471712,535.279409216254,374.695586451378,363.552632969785
2026,Dairy cattle,15,fit,3653.66779166665,30,6.10768725889286,4.275381081225,76.2101377400833,78.0424439177512,152.064341913035,367.290148787415,356.364455878342,537.579654455943,376.30575811916,365.111880018429
2026,Dairy cattle,15,lwr,3507.19920265843,30,6.08648178634076,4.26053725043853,76.0876334411952,77.9135779770974,149.740173043615,362.422472422697,351.650751297163,507.422329811702,355.195630868191,344.638701947244
2026,Dairy cattle,15,upr,3800.13638067488,30,6.12889273144496,4.29022491201147,76.3326420389715,78.171309858405,154.388510782455,372.138235174907,361.058958295194,568.477385604001,397.934169922801,386.086898044378
2027,Dairy cattle,5,fit,3381.28829999996,30,6.08549708499999,4.25984795949999,76.440669558,78.2663186835,155.996374427377,375.334629063181,364.261095377548,506.552649595202,354.586854716641,344.12544461444
2027,Dairy cattle,5,lwr,3221.08211924484,30,5.94765990707722,4.16336193495405,76.0777374239976,77.8620353961208,144.868515537614,350.689844927562,340.494703600412,440.655109243598,308.458576470519,299.491168870398
2027,Dairy cattle,5,upr,3541.49448075507,30,6.22333426292277,4.35633398404594,76.8036016920024,78.6706019708792,167.12423331714,399.685737932679,387.724140148732,577.771405969541,404.439984178678,392.336103656161
2027,Dairy cattle,10,fit,3393.80490909092,30,6.07815416581818,4.25470791607273,76.4100837174545,78.2335299672,156.320452702728,376.306796716617,365.210618074347,509.129595425522,356.390716797866,345.881804669409
2027,Dairy cattle,10,lwr,3338.24533516571,30,6.04018782577282,4.22813147804097,76.3087221396809,78.1207784874127,153.280187256672,369.61487343402,358.759414140148,488.816468724549,342.171528107184,332.122070247495
2027,Dairy cattle,10,upr,3449.36448301613,30,6.11612050586355,4.28128435410448,76.5114452952282,78.3462814469873,159.360718148784,382.976346094789,371.638744310931,529.925438782684,370.947807147879,359.966297289834
2027,Dairy cattle,15,fit,3609.20891666666,30,6.08457076321429,4.25919953425,76.2426330988333,78.0680043277976,153.596393409704,370.78821480562,359.8061201798,534.066805667922,373.846763967545,362.774080496199
2027,Dairy cattle,15,lwr,3449.38789497372,30,6.06143214822724,4.24300250375907,76.1089610102124,77.9273906546806,151.060347655369,365.486468690109,354.671628977101,501.206023354362,350.844216348053,340.462644691957
2027,Dairy cattle,15,upr,3769.02993835959,30,6.10770937820134,4.27539656474094,76.3763051874542,78.2086180009146,156.132439164038,376.066704383184,364.917809691389,567.806723950678,397.464706765475,385.681445690284
2028,Dairy cattle,5,fit,3302.90239999996,30,6.06281517399999,4.24397062179999,76.503974984,78.3228195362,157.864487392706,379.427911779326,368.288322292468,498.341483729158,348.839038610411,338.597505063532
2028,Dairy cattle,5,lwr,3112.84307462425,30,5.8992931368088,4.12950519576616,76.07341334012,77.8432012811626,144.663040710088,350.21795363516,340.115737386969,421.816249769956,295.271374838969,286.754120798842
2028,Dairy cattle,5,upr,3492.96172537568,30,6.22633721119117,4.35843604783382,76.9345366278801,78.8024377912375,171.065934075324,408.225994753002,396.035371632194,582.310761794587,407.617533256211,395.445080278623
2028,Dairy cattle,10,fit,3317.24589696969,30,6.05391120739394,4.23773784517576,76.4675262568485,78.2836996190667,158.261536345203,380.613843422463,369.447022207512,501.332648583762,350.932854008634,340.636842691943
2028,Dairy cattle,10,lwr,3255.17657669393,30,6.01149646672032,4.20804752670422,76.3542884511922,78.1577373912083,154.865052240616,373.151559702231,362.252718898381,478.927863988403,335.249504791882,325.457689945357
2028,Dairy cattle,10,upr,3379.31521724545,30,6.09632594806756,4.26742816364729,76.5807640625048,78.4096618469251,161.65802044979,388.048297776514,376.612614304861,524.336826879219,367.035778815453,356.219328870033
2028,Dairy cattle,15,fit,3564.75004166666,30,6.06145426753572,4.243017987275,76.2751284575833,78.093564737844,155.128444906372,374.282495159473,363.244957980392,530.436166157029,371.30531630992,360.355575708733
2028,Dairy cattle,15,lwr,3391.36328807323,30,6.03635162901698,4.22544614031189,76.1301101787204,77.9410156674255,152.377137627451,368.541198009869,357.684301674515,494.837477020283,346.386233914198,336.182003141878
2028,Dairy cattle,15,upr,3738.13679526009,30,6.08655690605445,4.26058983423811,76.4201467364463,78.2461138082626,157.879752185294,379.996499918088,368.778849185846,567.066731698398,396.946712188879,385.228684318605
2029,Dairy cattle,5,fit,3224.51649999997,30,6.04013326299999,4.22809328409999,76.56728041,78.3793203889,159.732600358035,383.512661588727,372.308317698431,489.912506821094,342.938754774766,332.919779844736
2029,Dairy cattle,5,lwr,3004.3341649566,30,5.85069418176244,4.09548592723371,76.0684779021925,77.8236861567212,144.438821161549,349.704213429441,339.696221322229,403.166274245345,282.216391971742,274.139796623688
2029,Dairy cattle,5,upr,3444.69883504334,30,6.22957234423754,4.36070064096628,77.0660829178076,78.9349546210789,175.026379554522,416.770258652165,404.351165302853,586.588989877893,410.612292914525,398.376697187105
2029,Dairy cattle,10,fit,3240.68688484849,30,6.0296682489697,4.22076777427879,76.5249687962424,78.3338692709333,160.202619987678,384.912721952364,373.676654282951,493.310603743673,345.317422620571,335.237189604858
2029,Dairy cattle,10,lwr,3172.02793373989,30,5.98275051903073,4.18792536332151,76.3997090233359,78.1945341790451,156.445545880182,376.673302328279,365.732630534233,468.846233745844,328.192363622091,318.659845884552
2029,Dairy cattle,10,upr,3309.34583595709,30,6.07658597890867,4.25361018523607,76.6502285691489,78.4732043628215,163.959694095174,393.118204780479,381.585658041421,518.504647455012,362.953253218509,352.305627883597
2029,Dairy cattle,15,fit,3520.29116666666,30,6.03833777185714,4.2268364403,76.3076238163334,78.1191251478905,156.660496403041,377.772996825527,366.680973229512,526.68942177818,368.682595244726,357.857480479355
2029,Dairy cattle,15,lwr,3333.17176733526,30,6.01124694430596,4.20787286101417,76.1511197428068,77.9544938260986,153.691279004721,371.58823486986,360.690291148236,488.328323753796,341.829826627657,331.804637820844
2029,Dairy cattle,15,upr,3707.41056599806,30,6.06542859940833,4.24580001958583,76.4641278898599,78.2837564696824,159.629713801361,383.926064562668,372.640565921107,566.249029887276,396.374320921093,384.722906044116
2030,Dairy cattle,5,fit,3146.13059999998,30,6.01745135199999,4.21221594639999,76.630585836,78.4358212416,161.600713323364,387.58890887752,376.321103753168,481.269535315641,336.888674720948,327.094803306128
2030,Dairy cattle,5,lwr,2895.65273498835,30,5.8019467947938,4.06136275635566,76.063151635643,77.8037356740811,144.202618420153,349.16367272378,339.250656761595,384.748528948498,269.323970263948,261.677662744616
2030,Dairy cattle,5,upr,3396.6084650116,30,6.23295590920618,4.36306913644433,77.1980200363571,79.067906809119,178.998808226575,425.303760319646,412.657275566955,590.563308268772,413.39431578814,401.101960537073
2030,Dairy cattle,10,fit,3164.12787272729,30,6.00542529054545,4.20379770338182,76.5824113356364,78.3840389228,162.143703630153,389.203458738945,377.899532754296,485.067504933639,339.547253453547,329.685529629803
2030,Dairy cattle,10,lwr,3088.82037377623,30,5.95396431071521,4.16777501750065,76.4450221086754,78.23121140189,158.022815532667,380.18267939548,369.201628221399,458.584005353576,321.008803747503,311.73690817644
2030,Dairy cattle,10,upr,3239.43537167834,30,6.0568862703757,4.23982038926299,76.7198005625974,78.5368664437101,166.264591727639,398.183548622354,386.555439775842,512.424336579318,358.697035605523,348.222046904023
2030,Dairy cattle,15,fit,3475.83229166667,30,6.01522127617857,4.210654893325,76.3401191750834,78.144685557937,158.192547899709,381.2597267626,370.114169868916,522.828254661359,365.979778262951,355.280907770639
2030,Dairy cattle,15,lwr,3274.847543916,30,5.98612304712703,4.19028613298892,76.1720183162089,77.967855230347,155.003314651042,374.628740765917,363.690719639752,481.687653584975,337.181357509482,327.336686211046
2030,Dairy cattle,15,upr,3676.81703941734,30,6.04431950523011,4.23102365366108,76.5082200339578,78.3215158855268,161.381781148376,387.854254036232,376.501848527086,565.347775809391,395.743443066573,384.160122794784
2025,Non-dairy cattle,5,fit,6823.74769995999,30,6.510199277,4.5571394939,73.877064549,75.8301243321,44.9241969431519,112.958135545825,109.205829916384,329.126199312655,230.388339518858,222.735172625152
2025,Non-dairy cattle,5,lwr,6591.17774840452,30,6.49472395665596,4.54630676965917,73.80308441198,75.7515015989768,44.6458436179401,112.405205058119,108.673902955691,315.600613531031,220.920429471722,213.586953566127
2025,Non-dairy cattle,5,upr,7056.31765151546,30,6.52567459734404,4.56797221814083,73.95104468602,75.9087470652232,45.2025502683636,113.509671858642,109.73639244688,342.818382050868,239.972867435608,231.995708615135
2025,Non-dairy cattle,10,fit,6664.94653316669,30,6.49964456866667,4.54975119806667,73.9313708446667,75.8812642152667,45.121634839439,113.345823068513,109.590880325693,322.047175159405,225.433022611584,217.964833053899
2025,Non-dairy cattle,10,lwr,6526.59120644832,30,6.49043462010693,4.54330423407485,73.8846430694471,75.8317734554792,44.8978039272745,112.876657019031,109.138623410366,313.611533108992,219.528073176294,212.258161599801
2025,Non-dairy cattle,10,upr,6803.30185988505,30,6.5088545172264,4.55619816205848,73.9780986198862,75.9307549750541,45.3454657516036,113.814235729438,110.042400530841,330.558696729677,231.391087710774,223.722723172053
2025,Non-dairy cattle,15,fit,6867.77392372285,30,6.49091874857143,4.543643124,73.9403276499048,75.8876032744762,44.8114008391584,112.548722268789,108.82571814359,329.071619055136,230.350133338595,222.730371164737
2025,Non-dairy cattle,15,lwr,6662.60992321451,30,6.48080662430336,4.53656463701235,73.9083890969257,75.8526310842167,44.4987572919474,111.826510347195,108.130420969972,316.698436053334,221.688905237334,214.361644419198
2025,Non-dairy cattle,15,upr,7072.9379242312,30,6.50103087283949,4.55072161098764,73.9722662028838,75.9225754647357,45.1240443863693,113.27012980638,109.520203113974,341.605747428517,239.124023199962,231.207571096253
2026,Non-dairy cattle,5,fit,6713.67179997999,30,6.515636084,4.5609452588,73.842285704,75.7969765292,45.0527349043389,113.350998737941,109.579808819716,325.214554397961,227.650188078573,220.076261922448
2026,Non-dairy cattle,5,lwr,6416.1673183335,30,6.49583998770091,4.54708799139064,73.7476499947475,75.6964019910578,44.6966641343282,112.643690495682,108.89940374287,307.925436388754,215.547805472128,208.382976362965
2026,Non-dairy cattle,5,upr,7011.17628162648,30,6.53543218029909,4.57480252620936,73.9369214132525,75.8975510673422,45.4088056743496,114.056025012362,110.257980903773,342.776568313072,239.943597819151,231.953521293234
2026,Non-dairy cattle,10,fit,6496.2485392025,30,6.50140303133333,4.55098212193333,73.9154041578788,75.8658250672788,45.3304837185558,113.902551007816,110.126893144605,315.522887849463,220.866021494624,213.54472339029
2026,Non-dairy cattle,10,lwr,6337.79161976053,30,6.49085497285514,4.5435984809986,73.8618873219948,75.8091438138513,45.0741324984132,113.365539892094,109.609252890766,305.878264929764,214.114785450835,207.020243439685
2026,Non-dairy cattle,10,upr,6654.70545864446,30,6.51195108981153,4.55836576286807,73.9689209937628,75.9225063207063,45.5868349386984,114.438574419517,110.643567621702,325.267074016791,227.686951811753,220.136407475786
2026,Non-dairy cattle,15,fit,6742.23708086071,30,6.49087947489286,4.543615632425,73.9262582669762,75.8735221094441,44.9552854383787,112.938143037674,109.201154998992,324.17230071242,226.920610498694,219.412078975548
2026,Non-dairy cattle,15,lwr,6516.9631627912,30,6.47977617290894,4.53584332103626,73.8911891371618,75.8351219890345,44.6119969634764,112.14514605101,108.43772833704,310.6085794271,217.42600559897,210.238097312073
2026,Non-dairy cattle,15,upr,6967.51099893022,30,6.50198277687677,4.55138794381374,73.9613273967906,75.9119222298536,45.298573913281,113.730170021038,109.963602268648,337.930088381563,236.551061867094,228.716855681899
2027,Non-dairy cattle,5,fit,6603.59589999999,30,6.521072891,4.5647510237,73.807506859,75.7638287263,45.1812728655259,113.744356496887,109.954217098064,321.260327480618,224.882229236433,217.388802543676
2027,Non-dairy cattle,5,lwr,6239.22881188744,30,6.49682772358412,4.54777940650888,73.6916022594425,75.6406505765177,44.7451770161029,112.878079887443,109.120933468394,300.102471863561,210.071730304492,203.079493636009
2027,Non-dairy cattle,5,upr,6967.96298811253,30,6.54531805841589,4.58172264089112,73.9234114585575,75.8870068760823,45.6173687149489,114.607209273313,110.784150810421,342.827951423439,239.979565996407,231.974346110843
2027,Non-dairy cattle,10,fit,6327.55054523825,30,6.503161494,4.5522130458,73.8994374710909,75.8503859192909,45.5393325976726,114.459595240965,110.663188064466,308.915758815546,216.241031170882,209.068727259947
2027,Non-dairy cattle,10,lwr,6148.47124989302,30,6.49124065844301,4.54386846091011,73.8389556865594,75.7863278840923,45.2496185477864,113.853055211058,110.078545569761,298.034981788995,208.624487252297,201.708070849728
2027,Non-dairy cattle,10,upr,6506.62984058348,30,6.51508232955699,4.56055763068989,73.9599192556224,75.9144439544895,45.8290466475588,115.06487439739,111.24659775615,319.923743024594,223.946620117216,216.515245834174
2027,Non-dairy cattle,15,fit,6616.70023799857,30,6.49084020121429,4.54358814085,73.9121888840476,75.8594409444119,45.099170037599,113.327759061831,109.576772394414,319.23196715646,223.462377009522,216.066092076591
2027,Non-dairy cattle,15,lwr,6370.88980184684,30,6.47872469522593,4.53510728665815,73.8739227670954,75.8175401756632,44.7245865506835,112.462475409869,108.74377378425,304.456291451087,213.119404015761,206.072364803118
2027,Non-dairy cattle,15,upr,6862.51067415029,30,6.50295570720264,4.55206899504185,73.9504550009998,75.9013417131606,45.4737535245145,114.191887553551,110.408604711026,334.238733091084,233.967113163759,226.215566325263
2028,Non-dairy cattle,5,fit,6493.52000001998,30,6.526509698,4.5685567886,73.772728014,75.7306809234,45.3098108267129,114.13820985943,110.329055574562,317.263362500569,222.084353750399,214.672694072782
2028,Non-dairy cattle,5,lwr,6061.25600977083,30,6.49774663691856,4.54842264584299,73.635225516306,75.5845495073816,44.7924519923045,113.110499803803,109.340538121704,292.183722671791,204.528605870254,197.711687826736
2028,Non-dairy cattle,5,upr,6925.78399026914,30,6.55527275908145,4.58869093135701,73.910230511694,75.8768123394184,45.8271696611213,115.161099953711,111.312857733666,342.920311281286,240.0442178969,232.022860907779
2028,Non-dairy cattle,10,fit,6158.852551274,30,6.50491995666667,4.55344396966667,73.883470784303,75.834946771303,45.7481814767893,115.016956070571,111.199765335684,302.225656257111,211.557959379978,204.536759115024
2028,Non-dairy cattle,10,lwr,5958.79107937532,30,6.4916023930522,4.54412167513654,73.81590253297,75.7633832508857,45.4245225125399,114.339751595217,110.547030358238,290.091504731116,203.064053311781,196.328291367946
2028,Non-dairy cattle,10,upr,6358.91402317269,30,6.51823752028113,4.56276626419679,73.9510390356361,75.9065102917204,46.0718404410388,115.692587710706,111.850962591766,314.518623124434,220.163036187104,212.852422198648
2028,Non-dairy cattle,15,fit,6491.16339513645,30,6.49080092753571,4.543560649275,73.8981195011191,75.8453597793798,45.2430546368194,113.71757050589,109.952570476067,314.250588282243,219.97541179757,212.69239099178
2028,Non-dairy cattle,15,lwr,6224.48837909495,30,6.47765704803094,4.53435993362166,73.8566053265712,75.7999024409805,44.8366762138934,112.778845518695,109.048891539511,298.24759606708,208.773317246956,201.868521743586
2028,Non-dairy cattle,15,upr,6757.83841117795,30,6.50394480704049,4.55276136492834,73.9396336756669,75.8908171177791,45.6494330597453,114.654935626191,110.854876495881,330.525598855694,231.367919198986,223.699590147024
2029,Non-dairy cattle,5,fit,6383.44410003998,30,6.531946505,4.5723625535,73.737949169,75.6975331205,45.4383487878999,114.532559865297,110.704325074496,313.223502986929,219.25645209085,211.927835852909
2029,Non-dairy cattle,5,lwr,5882.66943644441,30,6.49862470961118,4.54903729672783,73.5786535335099,75.5282409463933,44.8389923712118,113.341951671984,109.559181087192,284.193594341547,198.935516039083,192.296073121063
2029,Non-dairy cattle,5,upr,6884.21876363556,30,6.56526830038883,4.59568781027218,73.8972448044902,75.8668252946069,46.0377052045881,115.716697517086,111.843139852036,343.029024333872,240.120317033711,232.08241140265
2029,Non-dairy cattle,10,fit,5990.15455730975,30,6.50667841933333,4.55467489353333,73.8675040975152,75.8195076233152,45.9570303559061,115.57463379964,111.736625208976,295.452448214493,206.816713750145,199.948733312135
2029,Non-dairy cattle,10,lwr,5768.85342565922,30,6.49194698768516,4.54436289137961,73.7927624176617,75.7403465139673,45.5990099215992,114.82597790807,111.01504356761,282.054035576428,197.4378249035,190.88510398844
2029,Non-dairy cattle,10,upr,6211.45568896029,30,6.52140985098151,4.56498689568706,73.9422457773686,75.8986687326631,46.315050790213,116.321366164075,112.456326386566,309.045252618383,216.331676832868,209.143568889613
2029,Non-dairy cattle,15,fit,6365.62655227431,30,6.49076165385714,4.5435331577,73.8840501181905,75.8312786143477,45.3869392360397,114.107577534673,110.328549390321,309.228133950818,216.459693765573,209.290956223937
2029,Non-dairy cattle,15,lwr,6077.83023690303,30,6.47657674764692,4.53360372335284,73.8392479216897,75.7822209459838,44.9483746696977,113.094507729767,109.353323633813,291.986849435669,204.390794604968,197.629514985956
2029,Non-dairy cattle,15,upr,6653.42286764559,30,6.50494656006737,4.55346259204716,73.9288523146913,75.8803362827115,45.8255038023816,115.119063204266,111.302175875246,326.786270695606,228.750389486924,221.165942229984
2030,Non-dairy cattle,5,fit,6273.36820005998,30,6.537383312,4.5761683184,73.703170324,75.6643853176,45.5668867490869,114.927407557184,111.080026425315,309.140592056527,216.398414439569,209.154126985622
2030,Non-dairy cattle,5,lwr,5703.69048924531,30,6.49947667355099,4.54963367148569,73.5219567371999,75.4717997392652,44.8850631341112,113.572963526795,109.777370256513,276.144879080062,193.301415356043,186.841307875547
2030,Non-dairy cattle,5,upr,6843.04591087465,30,6.57528995044901,4.60270296531431,73.8843839108002,75.8569708959349,46.2487103640627,116.27347582758,112.374490843474,343.141079705683,240.198755793978,232.144198764734
2030,Non-dairy cattle,10,fit,5821.45656334551,30,6.508436882,4.5559058174,73.8515374107273,75.8040684753273,46.1658792350229,116.132628731577,112.273767935362,288.596002568648,202.017201798053,195.30456411221
2030,Non-dairy cattle,10,lwr,5578.72587098057,30,6.49227894111276,4.54459525877893,73.7695581656867,75.7172418480205,45.7731901093417,115.311964755523,111.482807489009,273.926633565917,191.748643496142,185.381258176291
2030,Non-dairy cattle,10,upr,6064.18725571044,30,6.52459482288724,4.56721637602107,73.9335166557679,75.8908951026341,46.5585683607041,116.95097982087,113.062467419822,303.499312093866,212.449518465706,205.385767581225
2030,Non-dairy cattle,15,fit,6240.08970941216,30,6.49072238017857,4.543505666125,73.8699807352619,75.8171974493155,45.53082383526,114.49778031319,110.704709283714,304.164573989256,212.915201792479,205.861768254771
2030,Non-dairy cattle,15,lwr,5930.96799325046,30,6.4754863875091,4.53284047125637,73.8218587436642,75.7645046599169,45.0597621011289,113.409647478675,109.657248623021,285.677259736229,199.97408181536,193.357514949606
2030,Non-dairy cattle,15,upr,6549.21142557386,30,6.50595837284804,4.55417086099363,73.9181027268596,75.869890238714,46.0018855693911,115.584085170166,111.750324576627,323.017481552584,226.112237086809,218.612414053351
2025,Cattle,10,fit,10211.8694665,30,6.37008766726191,4.45906136708334,74.7524070947377,76.6634333949162,82.3962876651077,201.680431407733,195.426171503454,846.079114729053,592.255380310337,573.861707241332
2025,Cattle,10,lwr,10030.5892277312,30,6.35310306677592,4.44717214674314,74.6993688522805,76.6052997723133,81.6445126926854,200.07049727266,193.878292636633,821.551427060855,575.085998942598,557.258221195057
2025,Cattle,10,upr,10393.1497052689,30,6.38696726944523,4.47087708861166,74.8054860856987,76.7215762665322,83.1471989905991,203.284421732449,196.968141002417,870.973755898926,609.681629129248,590.712162631691
2025,Cattle,15,fit,10565.9005903895,30,6.36487640594432,4.45541348416102,74.7234008199806,76.6328637417639,81.8143271514514,200.484032430846,194.260123039295,870.044641984869,609.031249389408,590.098228751738
2025,Cattle,15,lwr,10227.3430664442,30,6.35208201974325,4.44645741382028,74.6604485937939,76.5660731997169,80.7188978321051,198.099612811515,191.952741334883,830.169507306288,581.118655114402,563.061456773014
2025,Cattle,15,upr,10904.4581143348,30,6.37772933128971,4.4644105319028,74.7863754601466,76.6996942595335,82.905286837288,202.849978764397,196.549465735264,910.696528557309,637.487569990117,617.660819155117
2025,Cattle,5,fit,10361.80779996,30,6.38067342811278,4.46647139967894,74.7091811021413,76.6233831305751,81.5742733408895,199.743014906063,193.537315442179,851.432398961787,596.002679273251,577.456954826159
2025,Cattle,5,lwr,10026.9806882144,30,6.33989753861659,4.43792827703161,74.5841066823247,76.4860759439097,79.0867119350028,194.284979155497,188.27828274089,794.070112735563,555.849078914894,538.628913654597
2025,Cattle,5,upr,10696.6349117055,30,6.42125163701441,4.49487614591009,74.8340714518537,76.760446942958,84.0540079668523,205.14281197729,198.737526695248,911.155316167814,637.80872131747,617.871299486347
2026,Cattle,10,fit,9966.61246041462,30,6.36246959634541,4.45372871744179,74.7640475114631,76.6727883903667,83.301190299283,203.768869424144,197.469300556764,832.220272221217,582.554190554852,564.514105869735
2026,Cattle,10,lwr,9758.99408479915,30,6.34289652900886,4.4400275703062,74.7036266369731,76.6064955956757,82.4500931773191,201.952198030699,195.722963446087,804.373492466796,563.061444726757,545.66189049393
2026,Cattle,10,upr,10174.2308360301,30,6.38189704583229,4.4673279320826,74.8245361790095,76.7391052927592,84.1515343755168,205.578726867781,199.208849678782,860.546483233044,602.382538263131,583.689040445571
2026,Cattle,15,fit,10395.9048725274,30,6.3562055744692,4.44934390212844,74.728933644758,76.6357953170988,82.5990417670297,202.330816647981,196.067339595519,861.751955168363,603.226368617854,584.523958993977
2026,Cattle,15,lwr,10024.1623654496,30,6.34217248008207,4.43952073605745,74.6596690790212,76.5623208230458,81.3936692751717,199.710810641569,193.531773016716,818.030909238801,572.621636467161,554.876799259318
2026,Cattle,15,upr,10767.6473796051,30,6.37031120509049,4.45921784356334,74.7982157832776,76.7093091448048,83.7987795057563,204.927982768044,198.580601304326,906.407473985565,634.485231789895,614.803753726277
2026,Cattle,5,fit,10173.34599998,30,6.37707117379607,4.46394982165725,74.7043959116294,76.6175172637682,82.1463111066882,201.049476242811,194.817869888583,839.756725837796,587.829708086457,569.577316657742
2026,Cattle,5,lwr,9745.03371950344,30,6.32497200967742,4.4274804067742,74.5447241561521,76.4422157590553,78.9743862347902,194.096485859855,188.117667571323,767.524723084317,537.267306159022,520.6772381285
2026,Cattle,5,upr,10601.6582804565,30,6.42884893425867,4.50019425398107,74.8637899409857,76.7924446212633,85.3061358821637,207.909334857569,201.423934404884,915.830472309695,641.081330616787,621.059481803431
2027,Cattle,10,fit,9721.35545432917,30,6.35478795045873,4.44835156532111,74.7759246642534,76.682361049391,84.2139300870277,205.872600554339,199.527783297356,818.045354241068,572.631747968748,554.950531929356
2027,Cattle,10,lwr,9486.71658505873,30,6.33252135855942,4.4327649509916,74.7080325971173,76.6077890046852,83.2640926615932,203.852128013655,197.585929395006,786.851450513545,550.796015359481,533.830141097223
2027,Cattle,10,upr,9955.99432359961,30,6.37685758775843,4.4638003114309,74.8439237068548,76.7569809831824,85.1633514538107,207.885770535815,201.462340432232,849.849181807278,594.894427265095,576.481543124008
2027,Cattle,15,fit,10225.9091546652,30,6.34744842489191,4.44321389742434,74.7347133082903,76.6389478357578,83.3929921423579,204.19777937055,197.894591336378,853.298772824382,597.309140977068,578.84017257279
2027,Cattle,15,lwr,9820.27769682056,30,6.33215003565739,4.43250502496017,74.6589834444637,76.558628455161,82.0751888942479,201.33754865157,195.126317427972,805.662314805449,563.963620363814,546.535009495075
2027,Cattle,15,upr,10631.5406125099,30,6.36283535199469,4.45398474639628,74.8104528425133,76.7193034481117,84.7038062813204,207.030175127031,200.635679800252,902.045457041762,631.431819929234,611.897012015547
2027,Cattle,5,fit,9984.88419999995,30,6.37356918969609,4.46149843278727,74.6992029515922,76.611273708501,82.7077778173206,202.329472789194,196.072879559461,827.81297707582,579.469083953074,561.514247158117
2027,Cattle,5,lwr,9460.31093113228,30,6.30984500736135,4.41689150515294,74.5040425025382,76.3969960047466,78.835546537619,193.849120870459,187.899941818102,740.757581107158,518.530306775011,502.570662506407
2027,Cattle,5,upr,10509.4574688676,30,6.43681542276515,4.50577079593561,74.8939827602147,76.8250273870443,86.5629543112794,210.673446642815,204.107849645246,920.599357392979,644.419550175085,624.310449767004
2028,Cattle,10,fit,9476.09844824369,30,6.34703779332763,4.44292645532934,74.788056934464,76.6921682724623,85.1351155435956,207.993004138041,201.602968504233,803.558304840873,562.490813388611,545.173601806967
2028,Cattle,10,lwr,9213.96765606925,30,6.32198712804766,4.42539098963336,74.7126817156236,76.6092778540379,84.0884577692638,205.774643377892,199.47142125479,769.019368719519,538.313558103664,521.785981313303
2028,Cattle,10,upr,9738.22924041814,30,6.37182772019184,4.46027940413429,74.863594037277,76.7751423533345,86.1820213952585,210.204205049625,203.727324966111,838.855450003653,587.198815002558,569.071751068682
2028,Cattle,15,fit,10055.9134368031,30,6.33860057957697,4.43702040570388,74.7407523290416,76.6423325029147,84.1966466703717,206.085989531484,199.74292662664,844.686754439272,591.28072810749,573.047966700513
2028,Cattle,15,lwr,9615.85166716818,30,6.32201540039803,4.42541078027862,74.6584355916075,76.5550402117269,82.7645463021599,202.982301513275,196.738784357419,793.085073087363,555.159551161154,538.050524885464
2028,Cattle,15,upr,10495.975206438,30,6.35529229596984,4.44870460717889,74.8230672739032,76.7296549626942,85.620210163874,209.15621304756,202.714382042409,897.592330554092,628.314631387865,608.92827446563
2028,Cattle,5,fit,9796.42240001994,30,6.37017326275367,4.45912128392757,74.6935786882408,76.6046306670669,83.2580633806535,203.581677830423,197.301038442825,815.604846229727,570.923392360809,553.270199136314
2028,Cattle,5,lwr,9174.09908439508,30,6.29468671613898,4.40628070129728,74.4625215823472,76.3509275971889,78.6793184397796,193.562900503963,187.644355664926,713.999972441746,499.799980709222,484.465808625578
2028,Cattle,5,upr,10418.7457156448,30,6.44499467856635,4.51149627499645,74.9241515534366,76.8576499570065,87.8143937062642,213.413278145183,206.76819089406,925.231073075872,647.661751153111,627.467941186402
2029,Cattle,10,fit,9230.84144215824,30,6.33921366406446,4.43744956484512,74.8004646569699,76.7022287561892,86.0654198555423,210.131605158756,203.696347641213,788.763051958166,552.134136370716,535.185922916993
2029,Cattle,10,lwr,8940.88135939911,30,6.31129528709687,4.41790670096781,74.7176496991906,76.6110382853197,84.9249213485861,207.723645827888,201.38323755148,750.900269322272,525.630188525591,509.544949872992
2029,Cattle,10,upr,9520.80152491738,30,6.36679303380221,4.45675512366155,74.8835164836603,76.7935543938009,87.2072812841481,212.533482642286,206.00328571714,827.549900073395,579.284930051376,561.44919677321
2029,Cattle,15,fit,9885.91771894097,30,6.32965735978213,4.43076015184749,74.7470640865338,76.6459612944684,85.0105059614701,207.996589447721,201.613465859499,835.917555728998,585.142289010299,567.148436703292
2029,Cattle,15,lwr,9411.00200423829,30,6.31176707463896,4.41823695224727,74.6580625261681,76.5515926485598,83.4627409894906,204.647351194107,198.371398842962,780.315173189464,546.220621232625,529.4341528068
2029,Cattle,15,upr,10360.8334336437,30,6.34767412231135,4.44337188561794,74.8360483926222,76.7403506293156,86.5479932920037,211.306104858107,204.816729000941,893.035300582882,625.124710408018,605.888848274101
2029,Cattle,5,fit,9607.96060003995,30,6.36688963395695,4.45682274376986,74.6874977413091,76.5975646314962,83.7965098363034,204.804659458968,198.500937258589,803.136009808023,562.195206865616,544.847615697645
2029,Cattle,5,lwr,8887.00360140101,30,6.27958577268226,4.39571004087758,74.4203618022446,76.3042375340493,78.5096401935515,193.246411054942,187.359146476102,687.359868586892,481.151908010825,466.435869744751
2029,Cattle,5,upr,10328.9175986789,30,6.45331354249329,4.5173194797453,74.9540537927603,76.8900478555083,89.0554882415864,216.118200522618,209.394702722489,929.618014211765,650.732609948236,630.459108589755
2030,Cattle,10,fit,8985.5844360728,30,6.33130950557285,4.43191665390099,74.8131703867662,76.712563238438,87.0055897065755,212.290094125416,205.80957433255,773.663507502287,541.564455251601,524.990093742013
2030,Cattle,10,lwr,8667.5462447568,30,6.30044181086617,4.41030926760632,74.7230030395928,76.6131355828526,85.775160697737,209.702930398363,203.32507999668,732.510638919493,512.757447243645,497.118166352731
2030,Cattle,10,upr,9303.62262738878,30,6.36174302963178,4.45322012074224,74.9036749483829,76.8121978572724,88.2390988194766,214.873559823364,208.290191505209,815.923648673184,571.146554071229,553.607814485248
2030,Cattle,15,fit,9715.92200107883,30,6.32061375931656,4.42442963152159,74.7536628966734,76.6498470244684,85.8351056619946,209.930801240463,203.507407758008,826.992828650615,578.89498005543,561.14267602541
2030,Cattle,15,lwr,9205.81553716646,30,6.30140182901859,4.41098128031301,74.6578970362941,76.5483175849997,84.1707318553963,206.334897025767,200.026307754491,767.364913321203,537.155439324843,520.694201160652
2030,Cattle,15,upr,10226.0284649912,30,6.33997392831751,4.43798174982226,74.8493916902565,76.7513838687517,87.4872743029898,213.480115837302,206.942990801382,888.365257361975,621.855680153382,602.772536848135
2030,Cattle,5,fit,9419.49880005996,30,6.36372504376352,4.45460753063446,74.6809326993357,76.5900502124647,84.3224065669885,205.996870057714,199.671053131832,790.410127372168,553.287089160517,536.24893029175
2030,Cattle,5,lwr,8599.34322423366,30,6.26459777076835,4.38521843953784,74.3776520811279,76.2570314123584,78.3282160700161,192.903310465574,187.047800375253,660.893408028559,462.625385619992,448.518970620163
2030,Cattle,5,upr,10239.6543758862,30,6.46173390063884,4.52321373044719,74.9835542637117,76.9220744339034,90.2834101282236,218.782295141108,211.981666149208,933.704387974455,653.593071582118,633.246159301807
2025,Dairy cattle,5,fit,3538.06009999997,40,6.13086090699999,3.67851654419999,76.314058706,78.7664030688,152.260148496719,367.122342613282,352.700434303255,522.306199649133,313.383719789479,301.072861124526
2025,Dairy cattle,5,lwr,3435.80293980993,40,6.04288153993339,3.62572892396003,76.0824046637535,78.4995572797268,145.157405995155,351.361550346999,337.684187490369,478.469499204532,287.081699522719,275.906542280863
2025,Dairy cattle,5,upr,3640.31726019002,40,6.2188402740666,3.73130416443996,76.5457127482465,79.0332488578732,159.362890998284,382.762645048998,367.591168373416,568.336934116945,341.002160470167,327.485934707766
2025,Dairy cattle,10,fit,3546.92293333335,40,6.12664008266667,3.6759840496,76.2951986386667,78.7458546717334,152.438285417779,367.66809245224,353.228749102998,524.031939569648,314.419163741789,302.071053165838
2025,Dairy cattle,10,lwr,3503.99802128287,40,6.09730757177449,3.65838454306469,76.2168874403647,78.6558104690745,150.08939903039,362.478851272657,348.285998259738,507.939893951864,304.763936371118,292.830909830763
2025,Dairy cattle,10,upr,3589.84784538383,40,6.15597259355885,3.69358355613531,76.3735098369687,78.8358988743922,154.787171805168,372.843887496788,358.157519116117,540.415059169249,324.24903550155,311.476824551748
2025,Dairy cattle,15,fit,3698.12666666666,40,6.13080375457143,3.67848225274286,76.1776423813334,78.629963883162,150.532290416367,363.788290110535,349.458004747769,540.973022929733,324.58381375784,311.797864342394
2025,Dairy cattle,15,lwr,3564.73314322971,40,6.11149126771658,3.66689476062995,76.0660738861664,78.510670393253,148.41559716047,359.347034565083,345.202356106225,513.471071252954,308.082642751772,295.955841912152
2025,Dairy cattle,15,upr,3831.52019010362,40,6.15011624142628,3.69006974485577,76.2892108765003,78.7492573730708,152.648983672264,368.213249608841,353.697790235878,569.090781128792,341.454468677275,327.993876281247
2026,Dairy cattle,5,fit,3459.67419999998,40,6.10817899599999,3.66490739759999,76.377364132,78.8206357304,154.128261462049,371.232782903776,356.719533256467,514.542171439835,308.725302863901,296.655766984398
2026,Dairy cattle,5,lwr,3328.86640116994,40,5.99563541150132,3.59738124690079,76.0810312854783,78.4792854500788,145.042402725511,351.091300496706,337.526282452714,459.599286695564,275.759572017338,265.105125253984
2026,Dairy cattle,5,upr,3590.48199883002,40,6.22072258049867,3.7324335482992,76.6736969785218,79.1619860107213,163.214120198586,391.177793006997,375.708060332232,573.053903996623,343.832342397974,330.2349590165
2026,Dairy cattle,10,fit,3470.36392121212,40,6.10239712424242,3.66143827454545,76.3526411780606,78.7936000277576,154.379369060253,371.991555283462,357.45455145242,516.697384371754,310.018430623052,297.903265508008
2026,Dairy cattle,10,lwr,3421.20246503862,40,6.06880290401458,3.64128174240875,76.2629521755836,78.6904733371895,151.68921386426,366.05934611996,351.80365636136,498.495227537032,299.097136522219,287.449200112069
2026,Dairy cattle,10,upr,3519.52537738563,40,6.13599134447027,3.68159480668216,76.4423301805376,78.8967267183257,157.069524256247,377.906187239633,363.087164914962,535.279409216254,321.167645529752,308.573539717853
2026,Dairy cattle,15,fit,3653.66779166665,40,6.10768725889286,3.66461235533572,76.2101377400833,78.6532126436405,152.064341913035,367.290148787415,352.883541477824,537.579654455943,322.547792673566,309.896161795459
2026,Dairy cattle,15,lwr,3507.19920265843,40,6.08648178634076,3.65188907180446,76.0876334411952,78.5222261557315,149.740173043615,362.422472422697,348.218754754969,507.422329811702,304.453397887021,292.521549186634
2026,Dairy cattle,15,upr,3800.13638067488,40,6.12889273144496,3.67733563886698,76.3326420389715,78.7841991315495,154.388510782455,372.138235174907,357.529252477415,568.477385604001,341.086431362401,327.696445321916
2027,Dairy cattle,5,fit,3381.28829999996,40,6.08549708499999,3.65129825099999,76.440669558,78.874868392,155.996374427377,375.334629063181,360.731768117248,506.552649595202,303.931589757121,292.10675293517
2027,Dairy cattle,5,lwr,3221.08211924484,40,5.94765990707722,3.56859594424633,76.0777374239976,78.4568013868285,144.868515537614,350.689844927562,337.243174671313,440.655109243598,264.393065546159,254.255314419739
2027,Dairy cattle,5,upr,3541.49448075507,40,6.22333426292277,3.73400055775366,76.8036016920024,79.2929353971715,167.12423331714,399.685737932679,383.914261608448,577.771405969541,346.662843581724,332.983634365206
2027,Dairy cattle,10,fit,3393.80490909092,40,6.07815416581818,3.64689249949091,76.4100837174545,78.8413453837818,156.320452702728,376.306796716617,361.673985581673,509.129595425522,305.477757255313,293.599156159491
2027,Dairy cattle,10,lwr,3338.24533516571,40,6.04018782577282,3.62411269546369,76.3087221396809,78.72479726999,153.280187256672,369.61487343402,355.298879134481,488.816468724549,293.28988123473,281.930121198941
2027,Dairy cattle,10,upr,3449.36448301613,40,6.11612050586355,3.66967230351813,76.5114452952282,78.9578934975736,159.360718148784,382.976346094789,368.0258145687,529.925438782684,317.95526326961,305.543007954443
2027,Dairy cattle,15,fit,3609.20891666666,40,6.08457076321429,3.65074245792857,76.2426330988333,78.676461404119,153.596393409704,370.78821480562,356.306547803971,534.066805667922,320.440083400753,307.924835082456
2027,Dairy cattle,15,lwr,3449.38789497372,40,6.06143214822724,3.63685928893634,76.1089610102124,78.5335338695033,151.060347655369,365.486468690109,351.225201965566,501.206023354362,300.723614012617,288.989391169366
2027,Dairy cattle,15,upr,3769.02993835959,40,6.10770937820134,3.6646256269208,76.3763051874542,78.8193889387347,156.132439164038,376.066704383184,361.365240346527,567.806723950678,340.684034370407,327.365774548988
2028,Dairy cattle,5,fit,3302.90239999996,40,6.06281517399999,3.63768910439999,76.503974984,78.9291010536,157.864487392706,379.427911779326,364.737158878036,498.341483729158,299.004890237495,287.427969240414
2028,Dairy cattle,5,lwr,3112.84307462425,40,5.8992931368088,3.53957588208528,76.07341334012,78.4331305948435,144.663040710088,350.21795363516,336.892727923295,421.816249769956,253.089749861973,243.460094936334
2028,Dairy cattle,5,upr,3492.96172537568,40,6.22633721119117,3.7358023267147,76.9345366278801,79.4250715123566,171.065934075324,408.225994753002,392.152161996789,582.310761794587,349.386457076752,335.629421634324
2028,Dairy cattle,10,fit,3317.24589696969,40,6.05391120739394,3.63234672443636,76.4675262568485,78.8890907398061,158.261536345203,380.613843422463,365.887067841681,501.332648583762,300.799589150257,289.161000273998
2028,Dairy cattle,10,lwr,3255.17657669393,40,6.01149646672032,3.60689788003219,76.3542884511922,78.7588870378803,154.865052240616,373.151559702231,358.777492587882,478.927863988403,287.356718393042,276.287530422243
2028,Dairy cattle,10,upr,3379.31521724545,40,6.09632594806756,3.65779556884054,76.5807640625048,79.0192944417318,161.65802044979,388.048297776514,372.967681316467,524.336826879219,314.602096127532,302.375799616476
2028,Dairy cattle,15,fit,3564.75004166666,40,6.06145426753572,3.63687256052143,76.2751284575833,78.6997101645976,155.128444906372,374.282495159473,359.727026905204,530.436166157029,318.261699694217,305.884823601
2028,Dairy cattle,15,lwr,3391.36328807323,40,6.03635162901698,3.62181097741019,76.1301101787204,78.5446508303272,152.377137627451,368.541198009869,354.223777276754,494.837477020283,296.90248621217,285.368150743673
2028,Dairy cattle,15,upr,3738.13679526009,40,6.08655690605445,3.65193414363267,76.4201467364463,78.8547694988681,157.879752185294,379.996499918088,365.203683579407,567.066731698398,340.240039019039,326.994894894398
2029,Dairy cattle,5,fit,3224.51649999997,40,6.04013326299999,3.62407995779999,76.56728041,78.9833337152,159.732600358035,383.512661588727,368.735725450468,489.912506821094,293.947504092656,282.621558612828
2029,Dairy cattle,5,lwr,3004.3341649566,40,5.85069418176244,3.51041650905746,76.0684779021925,78.4087555748975,144.438821161549,349.704213429441,336.502161811115,403.166274245345,241.899764547207,232.767552079148
2029,Dairy cattle,5,upr,3444.69883504334,40,6.22957234423754,3.73774340654252,77.0660829178076,79.5579118555026,175.026379554522,416.770258652165,400.39479293982,586.588989877893,351.953393926736,338.124670271575
2029,Dairy cattle,10,fit,3240.68688484849,40,6.0296682489697,3.61780094938182,76.5249687962424,78.9368360958303,160.202619987678,384.912721952364,370.093814525163,493.310603743673,295.986362246204,284.591065983735
2029,Dairy cattle,10,lwr,3172.02793373989,40,5.98275051903073,3.58965031141844,76.3997090233359,78.7928092309482,156.445545880182,376.673302328279,362.24320083186,468.846233745844,281.307740247506,270.531029452214
2029,Dairy cattle,10,upr,3309.34583595709,40,6.07658597890867,3.6459515873452,76.6502285691489,79.0808629607124,163.959694095174,393.118204780479,377.909100128038,518.504647455012,311.102788473007,299.066727028856
2029,Dairy cattle,15,fit,3520.29116666666,40,6.03833777185714,3.62300266311428,76.3076238163334,78.7229589250763,156.660496403041,377.772996825527,363.144981954994,526.68942177818,316.013653066908,303.777065340419
2029,Dairy cattle,15,lwr,3333.17176733526,40,6.01124694430596,3.60674816658358,76.1511197428068,78.5556185205292,153.691279004721,371.58823486986,357.215985880417,488.328323753796,292.996994252277,281.664488646908
2029,Dairy cattle,15,upr,3707.41056599806,40,6.06542859940833,3.639257159645,76.4641278898599,78.8902993296232,159.629713801361,383.926064562668,369.043086234958,566.249029887276,339.749417932366,326.578957026828
2030,Dairy cattle,5,fit,3146.13059999998,40,6.01745135199999,3.61047081119999,76.630585836,79.0375663768,161.600713323364,387.58890887752,372.727487665792,481.269535315641,288.761721189384,277.689656251182
2030,Dairy cattle,5,lwr,2895.65273498835,40,5.8019467947938,3.48116807687628,76.063151635643,78.3839303535605,144.202618420153,349.16367272378,336.085804852751,384.748528948498,230.849117369099,222.202701688035
2030,Dairy cattle,5,upr,3396.6084650116,40,6.23295590920618,3.73977354552371,77.1980200363571,79.6912024000396,178.998808226575,425.303760319646,408.628074468657,590.563308268772,354.337984961263,340.444787972255
2030,Dairy cattle,10,fit,3164.12787272729,40,6.00542529054545,3.60325517432727,76.5824113356364,78.9845814518546,162.143703630153,389.203458738945,374.294241866871,485.067504933639,291.040502960183,279.891614429619
2030,Dairy cattle,10,lwr,3088.82037377623,40,5.95396431071521,3.57237858642913,76.4450221086754,78.8266078329615,158.022815532667,380.18267939548,365.698452089405,458.584005353576,275.150403212146,264.667703185359
2030,Dairy cattle,10,upr,3239.43537167834,40,6.0568862703757,3.63413176222542,76.7198005625974,79.1425550707477,166.264591727639,398.183548622354,382.84766169357,512.424336579318,307.454601947591,295.61310566399
2030,Dairy cattle,15,fit,3475.83229166667,40,6.01522127617857,3.60913276570714,76.3401191750834,78.7462076855548,158.192547899709,381.2597267626,366.560416121286,522.828254661359,313.696952796816,301.602496884704
2030,Dairy cattle,15,lwr,3274.847543916,40,5.98612304712703,3.59167382827622,76.1720183162089,78.5664675350597,155.003314651042,374.628740765917,360.202937724751,481.687653584975,289.012592150985,277.883604230136
2030,Dairy cattle,15,upr,3676.81703941734,40,6.04431950523011,3.62659170313807,76.5082200339578,78.9259478360498,161.381781148376,387.854254036232,372.882347591706,565.347775809391,339.208665485634,326.114570598257
2025,Non-dairy cattle,5,fit,6823.74769995999,40,6.510199277,3.9061195662,73.877064549,76.4811442598,44.9241969431519,112.958135545825,108.016655714105,329.126199312655,197.475719587593,188.836923622332
2025,Non-dairy cattle,5,lwr,6591.17774840452,40,6.49472395665596,3.89683437399358,73.80308441198,76.4009739946424,44.6458436179401,112.405205058119,107.491340441617,315.600613531031,189.360368118619,181.08235988773
2025,Non-dairy cattle,5,upr,7056.31765151546,40,6.52567459734404,3.91540475840642,73.95104468602,76.5613145249576,45.2025502683636,113.509671858642,108.540616296737,342.818382050868,205.691029230521,196.686596955318
2025,Non-dairy cattle,10,fit,6664.94653316669,40,6.49964456866667,3.8997867412,73.9313708446667,76.5312286721334,45.121634839439,113.345823068513,108.400706761308,322.047175159405,193.228305095643,184.79803023704
2025,Non-dairy cattle,10,lwr,6526.59120644832,40,6.49043462010693,3.89426077206416,73.8846430694471,76.4808169174899,44.8978039272745,112.876657019031,107.953786049003,313.611533108992,188.166919865395,179.960427116688
2025,Non-dairy cattle,10,upr,6803.30185988505,40,6.5088545172264,3.90531271033584,73.9780986198862,76.5816404267768,45.3454657516036,113.814235729438,108.846896196158,330.558696729677,198.335218037806,189.679021709756
2025,Non-dairy cattle,15,fit,6867.77392372285,40,6.49091874857143,3.89455124914286,73.9403276499048,76.5366951493334,44.8114008391584,112.548722268789,107.645579065776,329.071619055136,197.442971433082,188.841441856826
2025,Non-dairy cattle,15,lwr,6662.60992321451,40,6.48080662430336,3.88848397458202,73.9083890969257,76.5007117466471,44.4987572919474,111.826510347195,106.958763927112,316.698436053334,190.019061632001,181.747636509864
2025,Non-dairy cattle,15,upr,7072.9379242312,40,6.50103087283949,3.90061852370369,73.9722662028838,76.5726785520196,45.1240443863693,113.27012980638,108.331580162411,341.605747428517,204.96344845711,196.027092798872
2026,Non-dairy cattle,5,fit,6713.67179997999,40,6.515636084,3.9093816504,73.842285704,76.4485401376,45.0527349043389,113.350998737941,108.384743312848,325.214554397961,195.128732638776,186.579543501949
2026,Non-dairy cattle,5,lwr,6416.1673183335,40,6.49583998770091,3.89750399262055,73.7476499947475,76.3459859898279,44.6966641343282,112.643690495682,107.712806378922,307.925436388754,184.755261833252,176.667753495657
2026,Non-dairy cattle,5,upr,7011.17628162648,40,6.53543218029909,3.92125930817945,73.9369214132525,76.5510942853722,45.4088056743496,114.056025012362,109.054463285032,342.776568313072,205.665940987843,196.647119764251
2026,Non-dairy cattle,10,fit,6496.2485392025,40,6.50140303133333,3.9008418188,73.9154041578788,76.5159653704121,45.3304837185558,113.902551007816,108.930189882264,315.522887849463,189.313732709678,181.049332687643
2026,Non-dairy cattle,10,lwr,6337.79161976053,40,6.49085497285514,3.89451298371308,73.8618873219948,76.4582293111369,45.0741324984132,113.365539892094,108.418662419867,305.878264929764,183.526958957858,175.518481428627
2026,Non-dairy cattle,10,upr,6654.70545864446,40,6.51195108981153,3.90717065388692,73.9689209937628,76.5737014296874,45.5868349386984,114.438574419517,109.440758709076,325.267074016791,195.160244410074,186.63711363434
2026,Non-dairy cattle,15,fit,6742.23708086071,40,6.49087947489286,3.89452768493572,73.9262582669762,76.5226100569334,44.9552854383787,112.938143037674,108.01660058227,324.17230071242,194.503380427452,186.027442903192
2026,Non-dairy cattle,15,lwr,6516.9631627912,40,6.47977617290894,3.88786570374536,73.8911891371618,76.4830996063254,44.6119969634764,112.14514605101,107.262492563878,310.6085794271,186.36514765626,178.251052038873
2026,Non-dairy cattle,15,upr,6967.51099893022,40,6.50198277687677,3.90118966612606,73.9613273967906,76.5621205075413,45.298573913281,113.730170021038,108.769727003802,337.930088381563,202.758053028938,193.914579321393
2027,Non-dairy cattle,5,fit,6603.59589999999,40,6.521072891,3.9126437346,73.807506859,76.4159360154,45.1812728655259,113.744356496887,108.753240684621,321.260327480618,192.756196488371,184.298031794883
2027,Non-dairy cattle,5,lwr,6239.22881188744,40,6.49682772358412,3.89809663415047,73.6916022594425,76.2903333488762,44.7451770161029,112.878079887443,107.930341207921,300.102471863561,180.061483118136,172.168921820106
2027,Non-dairy cattle,5,upr,6967.96298811253,40,6.54531805841589,3.92719083504953,73.9234114585575,76.5415386819239,45.6173687149489,114.607209273313,109.572814429067,342.827951423439,205.696770854063,196.661049896961
2027,Non-dairy cattle,10,fit,6327.55054523825,40,6.503161494,3.9018968964,73.8994374710909,76.5007020686909,45.5393325976726,114.459595240965,109.45994468556,308.915758815546,185.349455289328,177.253301313504
2027,Non-dairy cattle,10,lwr,6148.47124989302,40,6.49124065844301,3.89474439506581,73.8389556865594,76.4354519499366,45.2496185477864,113.853055211058,108.882211991955,298.034981788995,178.820989073397,171.013635117713
2027,Non-dairy cattle,10,upr,6506.62984058348,40,6.51508232955699,3.90904939773419,73.9599192556224,76.5659521874452,45.8290466475588,115.06487439739,110.036453716307,319.923743024594,191.954245814757,183.565702355845
2027,Non-dairy cattle,15,fit,6616.70023799857,40,6.49084020121429,3.89450412072857,73.9121888840476,76.5085249645333,45.099170037599,113.327759061831,108.387798113126,319.23196715646,191.539180293876,183.189980780609
2027,Non-dairy cattle,15,lwr,6370.88980184684,40,6.47872469522593,3.88723481713556,73.8739227670954,76.4654126451858,44.7245865506835,112.462475409869,107.564973341799,304.456291451087,182.673774870652,174.718719756041
2027,Non-dairy cattle,15,upr,6862.51067415029,40,6.50295570720264,3.90177342432158,73.9504550009998,76.5516372838809,45.4737535245145,114.191887553551,109.209453980815,334.238733091084,200.543239854651,191.79311414569
2028,Non-dairy cattle,5,fit,6493.52000001998,40,6.526509698,3.9159058188,73.772728014,76.3833318932,45.3098108267129,114.13820985943,109.122148591724,317.263362500569,190.358017500342,181.992304740726
2028,Non-dairy cattle,5,lwr,6061.25600977083,40,6.49774663691856,3.89864798215114,73.635225516306,76.2343241710734,44.7924519923045,113.110499803803,108.145965549722,292.183722671791,175.310233603074,167.615690113982
2028,Non-dairy cattle,5,upr,6925.78399026914,40,6.55527275908145,3.93316365544887,73.910230511694,76.5323396153266,45.8271696611213,115.161099953711,110.093650573169,342.920311281286,205.752186768771,196.698445602651
2028,Non-dairy cattle,10,fit,6158.852551274,40,6.50491995666667,3.902951974,73.883470784303,76.4854387669697,45.7481814767893,115.016956070571,109.989971406414,302.225656257111,181.335393754267,173.409864557404
2028,Non-dairy cattle,10,lwr,5958.79107937532,40,6.4916023930522,3.89496143583132,73.81590253297,76.4125434901909,45.4245225125399,114.339751595217,109.344957455794,290.091504731116,174.05490283867,166.451524341626
2028,Non-dairy cattle,10,upr,6358.91402317269,40,6.51823752028113,3.91094251216868,73.9510390356361,76.5583340437486,46.0718404410388,115.692587710706,110.633459067175,314.518623124434,188.711173874661,180.459010758636
2028,Non-dairy cattle,15,fit,6491.16339513645,40,6.49080092753571,3.89448055652143,73.8981195011191,76.4944398721334,45.2430546368194,113.71757050589,108.759171799026,314.250588282243,188.550352969346,180.329039216484
2028,Non-dairy cattle,15,lwr,6224.48837909495,40,6.47765704803094,3.88659422881856,73.8566053265712,76.4476681457836,44.8366762138934,112.778845518695,107.866536432739,298.24759606708,178.948557640248,171.154093868502
2028,Non-dairy cattle,15,upr,6757.83841117795,40,6.50394480704049,3.90236688422429,73.9396336756669,76.5412115984831,45.6494330597453,114.654935626191,109.650431193964,330.525598855694,198.315359313416,189.65921128767
2029,Non-dairy cattle,5,fit,6383.44410003998,40,6.531946505,3.919167903,73.737949169,76.350727771,45.4383487878999,114.532559865297,109.491467798401,313.223502986929,187.934101792157,179.662278384404
2029,Non-dairy cattle,5,lwr,5882.66943644441,40,6.49862470961118,3.89917482576671,73.5786535335099,76.1781034173544,44.8389923712118,113.341951671984,108.360630814834,284.193594341547,170.516156604928,163.022058657547
2029,Non-dairy cattle,5,upr,6884.21876363556,40,6.56526830038883,3.9391609802333,73.8972448044902,76.5233521246457,46.0377052045881,115.716697517086,110.61602177848,343.029024333872,205.817414600323,196.745189798199
2029,Non-dairy cattle,10,fit,5990.15455730975,40,6.50667841933333,3.9040070516,73.8675040975152,76.4701754652485,45.9570303559061,115.57463379964,110.520270280323,295.452448214493,177.271468928696,169.518950784254
2029,Non-dairy cattle,10,lwr,5768.85342565922,40,6.49194698768516,3.8951681926111,73.7927624176617,76.3895412127358,45.5990099215992,114.82597790807,109.807231161583,282.054035576428,169.232421345857,161.835709560745
2029,Non-dairy cattle,10,upr,6211.45568896029,40,6.52140985098151,3.91284591058891,73.9422457773686,76.5508097177612,46.315050790213,116.321366164075,111.231442952245,309.045252618383,185.42715157103,177.313337282142
2029,Non-dairy cattle,15,fit,6365.62655227431,40,6.49076165385714,3.89445699231428,73.8840501181905,76.4803547797334,45.3869392360397,114.107577534673,109.130721780807,309.228133950818,185.536880370491,177.444601920834
2029,Non-dairy cattle,15,lwr,6077.83023690303,40,6.47657674764692,3.88594604858815,73.8392479216897,76.4298786207485,44.9483746696977,113.094507729767,108.167420929421,291.986849435669,175.192109661401,167.559672433769
2029,Non-dairy cattle,15,upr,6653.42286764559,40,6.50494656006737,3.90296793604042,73.9288523146913,76.5308309387183,45.8255038023816,115.119063204266,110.092419823234,326.786270695606,196.071762417364,187.510340882743
2030,Non-dairy cattle,5,fit,6273.36820005998,40,6.537383312,3.9224299872,73.703170324,76.3181236488,45.5668867490869,114.927407557184,109.861199070836,309.140592056527,185.484355233916,177.307868575559
2030,Non-dairy cattle,5,lwr,5703.69048924531,40,6.49947667355099,3.89968600413059,73.5219567371999,76.1217474066203,44.8850631341112,113.572963526795,108.574838557277,276.144879080062,165.686927448037,158.395368405419
2030,Non-dairy cattle,5,upr,6843.04591087465,40,6.57528995044901,3.94517397026941,73.8843839108002,76.5144998909798,46.2487103640627,116.27347582758,111.139427968894,343.141079705683,205.88464782341,196.793824419613
2030,Non-dairy cattle,10,fit,5821.45656334551,40,6.508436882,3.9050621292,73.8515374107273,76.4549121635273,46.1658792350229,116.132628731577,111.050841543068,288.596002568648,173.157601541189,165.580488280978
2030,Non-dairy cattle,10,lwr,5578.72587098057,40,6.49227894111276,3.89536736466766,73.7695581656867,76.3664697421318,45.7731901093417,115.311964755523,110.269252776881,273.926633565917,164.35598013955,157.168522432378
2030,Non-dairy cattle,10,upr,6064.18725571044,40,6.52459482288724,3.91475689373234,73.9335166557679,76.5433545849228,46.5585683607041,116.95097982087,111.830186245634,303.499312093866,182.09958725632,174.126209026367
2030,Non-dairy cattle,15,fit,6240.08970941216,40,6.49072238017857,3.89443342810714,73.8699807352619,76.4662696873333,45.53082383526,114.49778031319,109.50244819946,304.164573989256,182.498744393553,174.536652586263
2030,Non-dairy cattle,15,lwr,5930.96799325046,40,6.4754863875091,3.88529183250546,73.8218587436642,76.4120532986678,45.0597621011289,113.409647478675,108.46780321912,285.677259736229,171.406355841737,163.937295364964
2030,Non-dairy cattle,15,upr,6549.21142557386,40,6.50595837284804,3.90357502370882,73.9181027268596,76.5204860759988,46.0018855693911,115.584085170166,110.53524375439,323.017481552584,193.81048893155,185.344631180556
2025,Cattle,10,fit,10211.8694665,40,6.37008766726191,3.82205260035715,74.7524070947377,77.3004421616424,82.3962876651077,201.680431407733,193.437653321738,846.079114729053,507.647468837432,486.869083402878
2025,Cattle,10,lwr,10030.5892277312,40,6.35310306677592,3.81186184006555,74.6993688522805,77.2406100789909,81.6445126926854,200.07049727266,191.909332120889,821.551427060855,492.930856236513,472.791336947451
2025,Cattle,10,upr,10393.1497052689,40,6.38696726944523,3.83218036166714,74.8054860856987,77.3602729934768,83.1471989905991,203.284421732449,194.960079196572,870.973755898926,522.584253539355,501.155846261504
2025,Cattle,15,fit,10565.9005903895,40,6.36487640594432,3.81892584356659,74.7234008199806,77.2693513823583,81.8143271514514,200.484032430846,192.281334635852,870.044641984869,522.026785190921,500.63930619922
2025,Cattle,15,lwr,10227.3430664442,40,6.35208201974325,3.81124921184595,74.6604485937939,77.2012814016912,80.7188978321051,198.099612811515,189.998398335138,830.169507306288,498.101704383773,477.703478422016
2025,Cattle,15,upr,10904.4581143348,40,6.37772933128971,3.82663759877383,74.7863754601466,77.3374671926625,82.905286837288,202.849978764397,194.546372131745,910.696528557309,546.417917134386,524.020969080119
2025,Cattle,5,fit,10361.80779996,40,6.38067342811278,3.82840405686767,74.7091811021413,77.2614504733864,81.5742733408895,199.743014906063,191.564423715249,851.432398961787,510.859439377072,489.909784746858
2025,Cattle,5,lwr,10026.9806882144,40,6.33989753861659,3.80393852316995,74.5841066823247,77.1200656977714,79.0867119350028,194.284979155497,186.368251169383,794.070112735563,476.442067641338,456.988902168593
2025,Cattle,5,upr,10696.6349117055,40,6.42125163701441,3.85275098220864,74.8340714518537,77.4025721066595,84.0540079668523,205.14281197729,196.701631772223,911.155316167814,546.693189700688,524.172531663084
2026,Cattle,10,fit,9966.61246041462,40,6.36246959634541,3.81748175780725,74.7640475114631,77.3090353500013,83.301190299283,203.768869424144,195.46610982105,832.220272221217,499.33216333273,478.952598195652
2026,Cattle,10,lwr,9758.99408479915,40,6.34289652900886,3.80573791740531,74.7036266369731,77.2407852485766,82.4500931773191,201.952198030699,193.741937953257,804.373492466796,482.624095480078,462.967681540697
2026,Cattle,10,upr,10174.2308360301,40,6.38189704583229,3.82913822749937,74.8245361790095,77.3772949973424,84.1515343755168,205.578726867781,197.183505842638,860.546483233044,516.327889939827,495.210653352193
2026,Cattle,15,fit,10395.9048725274,40,6.3562055744692,3.81372334468152,74.728933644758,77.2714158745457,82.5990417670297,202.330816647981,194.07572349309,861.751955168363,517.051173101018,495.92360469865
2026,Cattle,15,lwr,10024.1623654496,40,6.34217248008207,3.80530348804924,74.6596690790212,77.196538071054,81.3936692751717,199.710810641569,191.566954106211,818.030909238801,490.818545543281,470.772601225507
2026,Cattle,15,upr,10767.6473796051,40,6.37031120509049,3.82218672305429,74.7982157832776,77.3463402653138,83.7987795057563,204.927982768044,196.56236075797,906.407473985565,543.844484391339,521.611024643309
2026,Cattle,5,fit,10173.34599998,40,6.37707117379607,3.82624270427764,74.7043959116294,77.2552243811478,82.1463111066882,201.049476242811,192.836551570627,839.756725837796,503.854035502677,483.235310486347
2026,Cattle,5,lwr,9745.03371950344,40,6.32497200967742,3.79498320580645,74.5447241561521,77.074712960023,78.9743862347902,194.096485859855,186.21621447971,767.524723084317,460.514833850591,441.772878749641
2026,Cattle,5,upr,10601.6582804565,40,6.42884893425867,3.8573093605552,74.8637899409857,77.4353295146892,85.3061358821637,207.909334857569,199.362499518022,915.830472309695,549.498283385817,526.882078780751
2027,Cattle,10,fit,9721.35545432917,40,6.35478795045873,3.81287277027524,74.7759246642534,77.3178398444369,84.2139300870277,205.872600554339,197.509934643874,818.045354241068,490.827212544641,470.852457472995
2027,Cattle,10,lwr,9486.71658505873,40,6.33252135855942,3.79951281513565,74.7080325971173,77.2410411405411,83.2640926615932,203.852128013655,195.592854417089,786.851450513545,472.110870308127,452.943756316654
2027,Cattle,10,upr,9955.99432359961,40,6.37685758775843,3.82611455265506,74.8439237068548,77.3946667419582,85.1633514538107,207.885770535815,199.41972467809,849.849181807278,509.909509084367,489.108710310288
2027,Cattle,15,fit,10225.9091546652,40,6.34744842489191,3.80846905493514,74.7347133082903,77.273692678247,83.3929921423579,204.19777937055,195.890097269072,853.298772824382,511.979263694629,491.114815863065
2027,Cattle,15,lwr,9820.27769682056,40,6.33215003565739,3.79929002139443,74.6589834444637,77.1918434587267,82.0751888942479,201.33754865157,193.151009607705,805.662314805449,483.397388883269,463.708110925407
2027,Cattle,15,upr,10631.5406125099,40,6.36283535199469,3.81770121119681,74.8104528425133,77.3555869833112,84.7038062813204,207.030175127031,198.602209234431,902.045457041762,541.227274225057,519.158888694679
2027,Cattle,5,fit,9984.88419999995,40,6.37356918969609,3.82414151381766,74.6992029515922,77.2486306274706,82.7077778173206,202.329472789194,194.083428756222,827.81297707582,496.687786245492,476.404784730053
2027,Cattle,5,lwr,9460.31093113228,40,6.30984500736135,3.78590700441681,74.5040425025382,77.0279805054827,78.835546537619,193.849120870459,186.00763411714,740.757581107158,444.454548664295,426.424236239845
2027,Cattle,5,upr,10509.4574688676,40,6.43681542276515,3.86208925365909,74.8939827602147,77.4687089293208,86.5629543112794,210.673446642815,202.020852199453,920.599357392979,552.359614435787,529.644684262166
2028,Cattle,10,fit,9476.09844824369,40,6.34703779332763,3.80822267599658,74.788056934464,77.3268720517951,85.1351155435956,207.993004138041,199.570466779346,803.558304840873,482.134982904524,462.570864831402
2028,Cattle,10,lwr,9213.96765606925,40,6.32198712804766,3.79319227682859,74.7126817156236,77.2414765668427,84.0884577692638,205.774643377892,197.466272413149,769.019368719519,461.411621231712,442.739054763869
2028,Cattle,10,upr,9738.22924041814,40,6.37182772019184,3.82309663211511,74.863594037277,77.4123251253537,86.1820213952585,210.204205049625,201.667466109426,838.855450003653,503.313270002192,482.834810375112
2028,Cattle,15,fit,10055.9134368031,40,6.33860057957697,3.80316034774618,74.7407523290416,77.2761925608724,84.1966466703717,206.085989531484,197.725497689671,844.686754439272,506.812052663563,486.213862817484
2028,Cattle,15,lwr,9615.85166716818,40,6.32201540039803,3.79320924023882,74.6584355916075,77.1872417517667,82.7645463021599,202.982301513275,194.752953909628,793.085073087363,475.851043852418,456.522244612175
2028,Cattle,15,upr,10495.975206438,40,6.35529229596984,3.8131753775819,74.8230672739032,77.3651841922911,85.620210163874,209.15621304756,200.665605782453,897.592330554092,538.555398332455,516.654106182068
2028,Cattle,5,fit,9796.42240001994,40,6.37017326275367,3.8221039576522,74.6935786882408,77.2416479933422,83.2580633806535,203.581677830423,195.303756170115,815.604846229727,489.362907737837,469.420273981141
2028,Cattle,5,lwr,9174.09908439508,40,6.29468671613898,3.77681202968339,74.4625215823472,76.9803962688028,78.6793184397796,193.562900503963,185.76151870071,713.999972441746,428.399983465048,411.075785050316
2028,Cattle,5,upr,10418.7457156448,40,6.44499467856635,3.86699680713981,74.9241515534366,77.5021494248631,87.8143937062642,213.413278145183,204.655857158145,925.231073075872,555.138643845523,532.327867236975
2029,Cattle,10,fit,9230.84144215824,40,6.33921366406446,3.80352819843868,74.8004646569699,77.3361501225956,86.0654198555423,210.131605158756,201.649186940732,788.763051958166,473.2578311749,454.110016767989
2029,Cattle,10,lwr,8940.88135939911,40,6.31129528709687,3.78677717225812,74.7176496991906,77.2421678140293,84.9249213485861,207.723645827888,199.365957542966,750.900269322272,450.540161593363,432.366739012959
2029,Cattle,10,upr,9520.80152491738,40,6.36679303380221,3.82007582028133,74.8835164836603,77.4302336971811,87.2072812841481,212.533482642286,203.926222063834,827.549900073395,496.529940044037,476.380064310998
2029,Cattle,15,fit,9885.91771894097,40,6.32965735978213,3.79779441586928,74.7470640865338,77.2789270304466,85.0105059614701,207.996589447721,199.583038067569,835.917555728998,501.550533437399,481.221667261253
2029,Cattle,15,lwr,9411.00200423829,40,6.31176707463896,3.78706024478338,74.6580625261681,77.1827693560237,83.4627409894906,204.647351194107,196.374993833578,780.315173189464,468.189103913679,449.224161080677
2029,Cattle,15,upr,10360.8334336437,40,6.34767412231135,3.80860447338681,74.8360483926222,77.3751180415468,86.5479932920037,211.306104858107,202.752575290037,893.035300582882,535.821180349729,514.089297909571
2029,Cattle,5,fit,9607.96060003995,40,6.36688963395695,3.82013378037417,74.6874977413091,77.2342535948919,83.7965098363034,204.804659458968,196.496132068762,803.136009808023,481.881605884814,462.283836997232
2029,Cattle,5,lwr,8887.00360140101,40,6.27958577268226,3.76775146360936,74.4203618022446,76.9321961113175,78.5096401935515,193.246411054942,185.485995758939,687.359868586892,412.415921152135,395.789610736694
2029,Cattle,5,upr,10328.9175986789,40,6.45331354249329,3.87198812549597,74.9540537927603,77.5353792097577,89.0554882415864,216.118200522618,207.257377070871,929.618014211765,557.770808527059,534.869860069774
2030,Cattle,10,fit,8985.5844360728,40,6.33130950557285,3.79878570334371,74.8131703867662,77.3456941889953,87.0055897065755,212.290094125416,203.747736909408,773.663507502287,464.198104501372,445.472102710597
2030,Cattle,10,lwr,8667.5462447568,40,6.30044181086617,3.7802650865197,74.7230030395928,77.2431797639392,85.775160697737,209.702930398363,201.295581637963,732.510638919493,439.506383351696,421.836225617737
2030,Cattle,10,upr,9303.62262738878,40,6.36174302963178,3.81704581777907,74.9036749483829,77.4483721602356,88.2390988194766,214.873559823364,206.195965197635,815.923648673184,489.554189203911,469.739314690357
2030,Cattle,15,fit,9715.92200107883,40,6.32061375931656,3.79236825558994,74.7536628966734,77.2819084004,85.8351056619946,209.930801240463,201.463909565009,826.992828650615,496.195697190369,476.139149470967
2030,Cattle,15,lwr,9205.81553716646,40,6.30140182901859,3.78084109741115,74.6578970362941,77.1784577679016,84.1707318553963,206.334897025767,198.019259429036,767.364913321203,460.418947992722,441.8208995951
2030,Cattle,15,upr,10226.0284649912,40,6.33997392831751,3.80398435699051,74.8493916902565,77.3853812615835,87.4872743029898,213.480115837302,204.863389322647,888.365257361975,533.019154417185,511.459201778813
2030,Cattle,5,fit,9419.49880005996,40,6.36372504376352,3.81823502625811,74.6809326993357,77.226422716841,84.3224065669885,205.996870057714,197.659041802315,790.410127372168,474.246076423301,454.997524826741
2030,Cattle,5,lwr,8599.34322423366,40,6.26459777076835,3.75875866246101,74.3776520811279,76.8834911894352,78.3282160700161,192.903310465574,185.184497529465,660.893408028559,396.536044817135,380.598070093453
2030,Cattle,5,upr,10239.6543758862,40,6.46173390063884,3.87704034038331,74.9835542637117,77.5682478239673,90.2834101282236,218.782295141108,209.819756215665,933.704387974455,560.222632784673,537.238612391868
2025,Dairy cattle,5,fit,3538.06009999997,50,6.13086090699999,3.0654304535,76.314058706,79.3794891595,152.260148496719,367.122342613282,349.292145220235,522.306199649133,261.153099824566,248.469558728886
2025,Dairy cattle,5,lwr,3435.80293980993,50,6.04288153993339,3.0214407699667,76.0824046637535,79.1038454337202,145.157405995155,351.361550346999,334.450173171738,478.469499204532,239.234749602266,227.72014568514
2025,Dairy cattle,5,upr,3640.31726019002,50,6.2188402740666,3.1094201370333,76.5457127482465,79.6551328852798,159.362890998284,382.762645048998,364.007579512018,568.336934116945,284.168467058473,270.244437918841
2025,Dairy cattle,10,fit,3546.92293333335,50,6.12664008266667,3.06332004133334,76.2951986386667,79.3585186800001,152.438285417779,367.66809245224,349.816285158078,524.031939569648,262.015969784824,249.294010233223
2025,Dairy cattle,10,lwr,3503.99802128287,50,6.09730757177449,3.04865378588725,76.2168874403647,79.265541226252,150.08939903039,362.478851272657,344.931211856744,507.939893951864,253.969946975932,241.675235060008
2025,Dairy cattle,10,upr,3589.84784538383,50,6.15597259355885,3.07798629677943,76.3735098369687,79.4514961337481,154.787171805168,372.843887496788,354.687268937996,540.415059169249,270.207529584625,257.049059750722
2025,Dairy cattle,15,fit,3698.12666666666,50,6.13080375457143,3.06540187728572,76.1776423813334,79.2430442586191,150.532290416367,363.788290110535,346.071896143551,540.973022929733,270.486511464866,257.313889557738
2025,Dairy cattle,15,lwr,3564.73314322971,50,6.11149126771658,3.05574563385829,76.0660738861664,79.1218195200247,148.41559716047,359.347034565083,341.859957063281,513.471071252954,256.735535626477,244.241890828766
2025,Dairy cattle,15,upr,3831.52019010362,50,6.15011624142628,3.07505812071314,76.2892108765003,79.3642689972135,152.648983672264,368.213249608841,350.26807719005,569.090781128792,284.545390564396,270.677839355756
2026,Dairy cattle,5,fit,3459.67419999998,50,6.10817899599999,3.054089498,76.377364132,79.43145363,154.128261462049,371.232782903776,353.288719075059,514.542171439835,257.271085719917,244.835522385959
2026,Dairy cattle,5,lwr,3328.86640116994,50,5.99563541150132,2.99781770575066,76.0810312854783,79.078848991229,145.042402725511,351.091300496706,334.317482128966,459.599286695564,229.799643347782,218.820682966155
2026,Dairy cattle,5,upr,3590.48199883002,50,6.22072258049867,3.11036129024934,76.6736969785218,79.7840582687711,163.214120198586,391.177793006997,372.053546103448,573.053903996623,286.526951998312,272.518968231097
2026,Dairy cattle,10,fit,3470.36392121212,50,6.10239712424242,3.05119856212121,76.3526411780606,79.4038397401818,154.379369060253,371.991555283462,354.018042054785,516.697384371754,258.348692185877,245.86606033399
2026,Dairy cattle,10,lwr,3421.20246503862,50,6.06880290401458,3.03440145200729,76.2629521755836,79.2973536275909,151.68921386426,366.05934611996,348.432985082124,498.495227537032,249.247613768516,237.245930230943
2026,Dairy cattle,10,upr,3519.52537738563,50,6.13599134447027,3.06799567223514,76.4423301805376,79.5103258527727,157.069524256247,377.906187239633,359.584673997449,535.279409216254,267.639704608127,254.664091724068
2026,Dairy cattle,15,fit,3653.66779166665,50,6.10768725889286,3.05384362944643,76.2101377400833,79.2639813695297,152.064341913035,367.290148787415,349.478570744147,537.579654455943,268.789827227972,255.754979980602
2026,Dairy cattle,15,lwr,3507.19920265843,50,6.08648178634076,3.04324089317038,76.0876334411952,79.1308743343656,149.740173043615,362.422472422697,344.861571787774,507.422329811702,253.711164905851,241.417786608697
2026,Dairy cattle,15,upr,3800.13638067488,50,6.12889273144496,3.06444636572248,76.3326420389715,79.397088404694,154.388510782455,372.138235174907,354.076618953522,568.477385604001,284.238692802001,270.443254173543
2027,Dairy cattle,5,fit,3381.28829999996,50,6.08549708499999,3.0427485425,76.440669558,79.4834181005,155.996374427377,375.334629063181,357.278827980243,506.552649595202,253.276324797601,241.092245351009
2027,Dairy cattle,5,lwr,3221.08211924484,50,5.94765990707722,2.97382995353861,76.0777374239976,79.0515673775362,144.868515537614,350.689844927562,334.061016096668,440.655109243598,220.327554621799,209.880177129895
2027,Dairy cattle,5,upr,3541.49448075507,50,6.22333426292277,3.11166713146139,76.8036016920024,79.9152688234638,167.12423331714,399.685737932679,380.187997432708,577.771405969541,288.88570298477,274.793084869141
2027,Dairy cattle,10,fit,3393.80490909092,50,6.07815416581818,3.03907708290909,76.4100837174545,79.4491608003636,156.320452702728,376.306796716617,358.213857669534,509.129595425522,254.564797712761,242.325249002142
2027,Dairy cattle,10,lwr,3338.24533516571,50,6.04018782577282,3.02009391288641,76.3087221396809,79.3288160525673,153.280187256672,369.61487343402,351.912911882111,488.816468724549,244.408234362275,232.702793162211
2027,Dairy cattle,10,upr,3449.36448301613,50,6.11612050586355,3.05806025293178,76.5114452952282,79.56950554816,159.360718148784,382.976346094789,364.49134179403,529.925438782684,264.962719391342,252.173843374761
2027,Dairy cattle,15,fit,3609.20891666666,50,6.08457076321429,3.04228538160715,76.2426330988333,79.2849184804404,153.596393409704,370.78821480562,352.883005261117,534.066805667922,267.033402833961,254.13847024925
2027,Dairy cattle,15,lwr,3449.38789497372,50,6.06143214822724,3.03071607411362,76.1089610102124,79.139677084326,151.060347655369,365.486468690109,347.853580442384,501.206023354362,250.603011677181,238.512673790572
2027,Dairy cattle,15,upr,3769.02993835959,50,6.10770937820134,3.05385468910067,76.3763051874542,79.4301598765549,156.132439164038,376.066704383184,357.889923505189,567.806723950678,283.903361975339,270.181197420474
2028,Dairy cattle,5,fit,3302.90239999996,50,6.06281517399999,3.031407587,76.503974984,79.535382571,157.864487392706,379.427911779326,361.262489763164,498.341483729158,249.170741864579,237.24148853468
2028,Dairy cattle,5,lwr,3112.84307462425,50,5.8992931368088,2.9496465684044,76.07341334012,79.0230599085244,144.663040710088,350.21795363516,333.73795923334,421.816249769956,210.908124884978,200.98354882791
2028,Dairy cattle,5,upr,3492.96172537568,50,6.22633721119117,3.11316860559559,76.9345366278801,80.0477052334757,171.065934075324,408.225994753002,388.353995798518,582.310761794587,291.155380897293,276.982252534206
2028,Dairy cattle,10,fit,3317.24589696969,50,6.05391120739394,3.02695560369697,76.4675262568485,79.4944818605455,158.261536345203,380.613843422463,362.403746310265,501.332648583762,250.666324291881,238.673439148588
2028,Dairy cattle,10,lwr,3255.17657669393,50,6.01149646672032,3.00574823336016,76.3542884511922,79.3600366845524,154.865052240616,373.151559702231,355.376748381005,478.927863988403,239.463931994202,228.057236514133
2028,Dairy cattle,10,upr,3379.31521724545,50,6.09632594806756,3.04816297403378,76.5807640625048,79.6289270365386,161.65802044979,388.048297776514,369.401551278782,524.336826879219,262.16841343961,249.570528142516
2028,Dairy cattle,15,fit,3564.75004166666,50,6.06145426753572,3.03072713376786,76.2751284575833,79.3058555913512,155.128444906372,374.282495159473,356.285202198738,530.436166157029,265.218083078514,252.465128822359
2028,Dairy cattle,15,lwr,3391.36328807323,50,6.03635162901698,3.01817581450849,76.1301101787204,79.1482859932289,152.377137627451,368.541198009869,350.838040400615,494.837477020283,247.418738510142,235.533790648192
2028,Dairy cattle,15,upr,3738.13679526009,50,6.08655690605445,3.04327845302723,76.4201467364463,79.4634251894735,157.879752185294,379.996499918088,361.705941299693,567.066731698398,283.533365849199,269.885914755693
2029,Dairy cattle,5,fit,3224.51649999997,50,6.04013326299999,3.0200666315,76.56728041,79.5873470415,159.732600358035,383.512661588727,365.239722182896,489.912506821094,244.956253410547,233.285006998217
2029,Dairy cattle,5,lwr,3004.3341649566,50,5.85069418176244,2.92534709088122,76.0684779021925,78.9938249930737,144.438821161549,349.704213429441,333.375211395296,403.166274245345,201.583137122673,192.170463984293
2029,Dairy cattle,5,upr,3444.69883504334,50,6.22957234423754,3.11478617211877,77.0660829178076,80.1808690899264,175.026379554522,416.770258652165,396.524885363144,586.588989877893,293.294494938947,279.047181436163
2029,Dairy cattle,10,fit,3240.68688484849,50,6.0296682489697,3.01483412448485,76.5249687962424,79.5398029207273,160.202619987678,384.912721952364,366.587722237085,493.310603743673,246.655301871836,234.91248829673
2029,Dairy cattle,10,lwr,3172.02793373989,50,5.98275051903073,2.99137525951537,76.3997090233359,79.3910842828513,156.445545880182,376.673302328279,358.828153850996,468.846233745844,234.423116872922,223.317165638133
2029,Dairy cattle,10,upr,3309.34583595709,50,6.07658597890867,3.03829298945434,76.6502285691489,79.6885215586032,163.959694095174,393.118204780479,374.311678110718,518.504647455012,259.252323727506,246.84985627347
2029,Dairy cattle,15,fit,3520.29116666666,50,6.03833777185714,3.01916888592857,76.3076238163334,79.326792702262,156.660496403041,377.772996825527,359.685164057418,526.68942177818,263.34471088909,250.735723134658
2029,Dairy cattle,15,lwr,3333.17176733526,50,6.01124694430596,3.00562347215298,76.1511197428068,79.1567432149598,153.691279004721,371.58823486986,353.816440755006,488.328323753796,244.164161876898,232.486625270762
2029,Dairy cattle,15,upr,3707.41056599806,50,6.06542859940833,3.03271429970417,76.4641278898599,79.4968421895641,159.629713801361,383.926064562668,365.523191053397,566.249029887276,283.124514943638,269.55340030255
2030,Dairy cattle,5,fit,3146.13059999998,50,6.01745135199999,3.008725676,76.630585836,79.639311512,161.600713323364,387.58890887752,369.210542930541,481.269535315641,240.63476765782,229.224549980566
2030,Dairy cattle,5,lwr,2895.65273498835,50,5.8019467947938,2.9009733973969,76.063151635643,78.9641250330399,144.202618420153,349.16367272378,332.986932720129,384.748528948498,192.374264474249,183.46157193806
2030,Dairy cattle,5,upr,3396.6084650116,50,6.23295590920618,3.11647795460309,77.1980200363571,80.3144979909602,178.998808226575,425.303760319646,404.686747598514,590.563308268772,295.281654134386,280.967589252782
2030,Dairy cattle,10,fit,3164.12787272729,50,6.00542529054545,3.00271264527273,76.5824113356364,79.5851239809091,162.143703630153,389.203458738945,370.765799662458,485.067504933639,242.53375246682,231.044248604205
2030,Dairy cattle,10,lwr,3088.82037377623,50,5.95396431071521,2.97698215535761,76.4450221086754,79.422004264033,158.022815532667,380.18267939548,362.269546498979,458.584005353576,229.292002676788,218.488411827817
2030,Dairy cattle,10,upr,3239.43537167834,50,6.0568862703757,3.02844313518785,76.7198005625974,79.7482436977853,166.264591727639,398.183548622354,379.219338870773,512.424336579318,256.212168289659,244.009601616166
2030,Dairy cattle,15,fit,3475.83229166667,50,6.01522127617857,3.00761063808929,76.3401191750834,79.3477298131727,158.192547899709,381.2597267626,363.082893333679,522.828254661359,261.41412733068,248.951019598834
2030,Dairy cattle,15,lwr,3274.847543916,50,5.98612304712703,2.99306152356352,76.1720183162089,79.1650798397724,155.003314651042,374.628740765917,356.789879526017,481.687653584975,240.843826792487,229.375460543134
2030,Dairy cattle,15,upr,3676.81703941734,50,6.04431950523011,3.02215975261506,76.5082200339578,79.5303797865729,161.381781148376,387.854254036232,369.340582535569,565.347775809391,282.673887904695,269.180851672601
2025,Non-dairy cattle,5,fit,6823.74769995999,50,6.510199277,3.2550996385,73.877064549,77.1321641875,44.9241969431519,112.958135545825,106.856350900448,329.126199312655,164.563099656327,155.673712541121
2025,Non-dairy cattle,5,lwr,6591.17774840452,50,6.49472395665596,3.24736197832798,73.80308441198,77.050446390308,44.6458436179401,112.405205058119,106.337466412498,315.600613531031,157.800306765516,149.282097851997
2025,Non-dairy cattle,5,upr,7056.31765151546,50,6.52567459734404,3.26283729867202,73.95104468602,77.213881984692,45.2025502683636,113.509671858642,107.373890340645,342.818382050868,171.409191025434,162.143642732613
2025,Non-dairy cattle,10,fit,6664.94653316669,50,6.49964456866667,3.24982228433334,73.9313708446667,77.181193129,45.121634839439,113.345823068513,107.239351049859,322.047175159405,161.023587579703,152.348490383537
2025,Non-dairy cattle,10,lwr,6526.59120644832,50,6.49043462010693,3.24521731005347,73.8846430694471,77.1298603795006,44.8978039272745,112.876657019031,106.797626713225,313.611533108992,156.805766554496,148.360911504889
2025,Non-dairy cattle,10,upr,6803.30185988505,50,6.5088545172264,3.2544272586132,73.9780986198862,77.2325258784994,45.3454657516036,113.814235729438,107.680349475141,330.558696729677,165.279348364838,156.371809544613
2025,Non-dairy cattle,15,fit,6867.77392372285,50,6.49091874857143,3.24545937428572,73.9403276499048,77.1857870241905,44.8114008391584,112.548722268789,106.493973788387,329.071619055136,164.535809527568,155.684327941402
2025,Non-dairy cattle,15,lwr,6662.60992321451,50,6.48080662430336,3.24040331215168,73.9083890969257,77.1487924090774,44.4987572919474,111.826510347195,105.815412813435,316.698436053334,158.349218026667,149.837349141574
2025,Non-dairy cattle,15,upr,7072.9379242312,50,6.50103087283949,3.25051543641975,73.9722662028838,77.2227816393036,45.1240443863693,113.27012980638,107.171719217944,341.605747428517,170.802873714259,161.606927215611
2026,Non-dairy cattle,5,fit,6713.67179997999,50,6.515636084,3.257818042,73.842285704,77.100103746,45.0527349043389,113.350998737941,107.218733522466,325.214554397961,162.60727719898,153.810257668029
2026,Non-dairy cattle,5,lwr,6416.1673183335,50,6.49583998770091,3.24791999385046,73.7476499947475,76.995569988598,44.6966641343282,112.643690495682,106.555032717301,307.925436388754,153.962718194377,145.640669284316
2026,Non-dairy cattle,5,upr,7011.17628162648,50,6.53543218029909,3.26771609014955,73.9369214132525,77.2046375034021,45.4088056743496,114.056025012362,107.880233232301,342.776568313072,171.388284156536,162.108122443221
2026,Non-dairy cattle,10,fit,6496.2485392025,50,6.50140303133333,3.25070151566667,73.9154041578788,77.1661056735455,45.3304837185558,113.902551007816,107.762479364472,315.522887849463,157.761443924732,149.25709911696
2026,Non-dairy cattle,10,lwr,6337.79161976053,50,6.49085497285514,3.24542748642757,73.8618873219948,77.1073148084224,45.0741324984132,113.365539892094,107.256904385441,305.878264929764,152.939132464882,144.698097174785
2026,Non-dairy cattle,10,upr,6654.70545864446,50,6.51195108981153,3.25597554490577,73.9689209937628,77.2248965386686,45.5868349386984,114.438574419517,108.267102760906,325.267074016791,162.633537008395,153.862995523776
2026,Non-dairy cattle,15,fit,6742.23708086071,50,6.49087947489286,3.24543973744643,73.9262582669762,77.1716980044226,44.9552854383787,112.938143037674,106.860694795338,324.17230071242,162.08615035621,153.363940453567
2026,Non-dairy cattle,15,lwr,6516.9631627912,50,6.47977617290894,3.23988808645447,73.8911891371618,77.1310772236163,44.6119969634764,112.14514605101,106.115654943237,310.6085794271,155.30428971355,146.954344425674
2026,Non-dairy cattle,15,upr,6967.51099893022,50,6.50198277687677,3.25099138843839,73.9613273967906,77.212318785229,45.298573913281,113.730170021038,107.60475125022,337.930088381563,168.965044190782,159.864717926372
2027,Non-dairy cattle,5,fit,6603.59589999999,50,6.521072891,3.2605364455,73.807506859,77.0680433045,45.1812728655259,113.744356496887,107.581507273511,321.260327480618,160.630163740309,151.92696728867
2027,Non-dairy cattle,5,lwr,6239.22881188744,50,6.49682772358412,3.24841386179206,73.6916022594425,76.9400161212346,44.7451770161029,112.878079887443,106.768707053649,300.102471863561,150.05123593178,141.929916492321
2027,Non-dairy cattle,5,upr,6967.96298811253,50,6.54531805841589,3.27265902920795,73.9234114585575,77.1960704877654,45.6173687149489,114.607209273313,108.391005693392,342.827951423439,171.413975711719,162.116618449258
2027,Non-dairy cattle,10,fit,6327.55054523825,50,6.503161494,3.251580747,73.8994374710909,77.1510182180909,45.5393325976726,114.459595240965,108.285869388229,308.915758815546,154.457879407773,146.126724634326
2027,Non-dairy cattle,10,lwr,6148.47124989302,50,6.49124065844301,3.24562032922151,73.8389556865594,77.0845760157809,45.2496185477864,113.853055211058,107.714865137705,298.034981788995,149.017490894498,140.983471239348
2027,Non-dairy cattle,10,upr,6506.62984058348,50,6.51508232955699,3.2575411647785,73.9599192556224,77.2174604204009,45.8290466475588,115.06487439739,108.855659002441,319.923743024594,159.961871512297,151.329891332414
2027,Non-dairy cattle,15,fit,6616.70023799857,50,6.49084020121429,3.24542010060715,73.9121888840476,77.1576089846548,45.099170037599,113.327759061831,107.227587464693,319.23196715646,159.61598357823,151.024223734625
2027,Non-dairy cattle,15,lwr,6370.88980184684,50,6.47872469522593,3.23936234761297,73.8739227670954,77.1132851147084,44.7245865506835,112.462475409869,106.414662925935,304.456291451087,152.228145725543,144.041883803335
2027,Non-dairy cattle,15,upr,6862.51067415029,50,6.50295570720264,3.25147785360132,73.9504550009998,77.2019328546011,45.4737535245145,114.191887553551,108.03934097074,334.238733091084,167.119366545542,158.115139453848
2028,Non-dairy cattle,5,fit,6493.52000001998,50,6.526509698,3.263254849,73.772728014,77.035982863,45.3098108267129,114.13820985943,107.944672859562,317.263362500569,158.631681250285,150.023773448113
2028,Non-dairy cattle,5,lwr,6061.25600977083,50,6.49774663691856,3.24887331845928,73.635225516306,76.8840988347653,44.7924519923045,113.110499803803,106.980485367314,292.183722671791,146.091861335895,138.174424664712
2028,Non-dairy cattle,5,upr,6925.78399026914,50,6.55527275908145,3.27763637954073,73.910230511694,77.1878668912347,45.8271696611213,115.161099953711,108.904213160429,342.920311281286,171.460155640643,162.144451085606
2028,Non-dairy cattle,10,fit,6158.852551274,50,6.50491995666667,3.25245997833334,73.883470784303,77.1359307626363,45.7481814767893,115.016956070571,108.809521342129,302.225656257111,151.112828128556,142.95730872268
2028,Non-dairy cattle,10,lwr,5958.79107937532,50,6.4916023930522,3.2458011965261,73.81590253297,77.0617037294961,45.4245225125399,114.339751595217,108.172025602826,290.091504731116,145.045752365558,137.221680295522
2028,Non-dairy cattle,10,upr,6358.91402317269,50,6.51823752028113,3.25911876014057,73.9510390356361,77.2101577957767,46.0718404410388,115.692587710706,109.445502080031,314.518623124434,157.259311562217,148.767735697333
2028,Non-dairy cattle,15,fit,6491.16339513645,50,6.49080092753571,3.24540046376786,73.8981195011191,77.143519964887,45.2430546368194,113.71757050589,107.59465193188,314.250588282243,157.125294141122,148.665164561641
2028,Non-dairy cattle,15,lwr,6224.48837909495,50,6.47765704803094,3.23882852401547,73.8566053265712,77.0954338505867,44.8366762138934,112.778845518695,106.712762985819,298.24759606708,149.12379803354,141.102814467634
2028,Non-dairy cattle,15,upr,6757.83841117795,50,6.50394480704049,3.25197240352025,73.9396336756669,77.1916060791871,45.6494330597453,114.654935626191,108.475162417826,330.525598855694,165.262799427847,156.355318780234
2029,Non-dairy cattle,5,fit,6383.44410003998,50,6.531946505,3.2659732525,73.737949169,77.0039224215,45.4383487878999,114.532559865297,108.308230988341,313.223502986929,156.611751493465,148.100608038381
2029,Non-dairy cattle,5,lwr,5882.66943644441,50,6.49862470961118,3.24931235480559,73.5786535335099,76.8279658883155,44.8389923712118,113.341951671984,107.191307423228,284.193594341547,142.096797170774,134.385734890724
2029,Non-dairy cattle,5,upr,6884.21876363556,50,6.56526830038883,3.28263415019442,73.8972448044902,77.1798789546846,46.0377052045881,115.716697517086,109.418917256596,343.029024333872,171.514512166936,162.179984546555
2029,Non-dairy cattle,10,fit,5990.15455730975,50,6.50667841933333,3.25333920966667,73.8675040975152,77.1208433071819,45.9570303559061,115.57463379964,109.333435447428,295.452448214493,147.726224107247,139.748793107335
2029,Non-dairy cattle,10,lwr,5768.85342565922,50,6.49194698768516,3.24597349384258,73.7927624176617,77.0387359115043,45.5990099215992,114.82597790807,108.628714273569,282.054035576428,141.027017788214,133.415659933978
2029,Non-dairy cattle,10,upr,6211.45568896029,50,6.52140985098151,3.26070492549076,73.9422457773686,77.2029507028594,46.315050790213,116.321366164075,110.036304014859,309.045252618383,154.522626309191,146.173478239149
2029,Non-dairy cattle,15,fit,6365.62655227431,50,6.49076165385714,3.24538082692857,73.8840501181905,77.1294309451191,45.3869392360397,114.107577534673,107.961888332475,309.228133950818,154.614066975409,146.286749697729
2029,Non-dairy cattle,15,lwr,6077.83023690303,50,6.47657674764692,3.23828837382346,73.8392479216897,77.0775362955132,44.9483746696977,113.094507729767,107.010191355945,291.986849435669,145.993424717834,138.139195522165
2029,Non-dairy cattle,15,upr,6653.42286764559,50,6.50494656006737,3.25247328003369,73.9288523146913,77.181325594725,45.8255038023816,115.119063204266,108.911979621352,326.786270695606,163.393135347803,154.583170953126
2030,Non-dairy cattle,5,fit,6273.36820005998,50,6.537383312,3.268691656,73.703170324,76.97186198,45.5668867490869,114.927407557184,108.67218236932,309.140592056527,154.570296028264,146.157402797983
2030,Non-dairy cattle,5,lwr,5703.69048924531,50,6.49947667355099,3.2497383367755,73.5219567371999,76.7716950739754,44.8850631341112,113.572963526795,107.401668612599,276.144879080062,138.072439540031,130.569899168941
2030,Non-dairy cattle,5,upr,6843.04591087465,50,6.57528995044901,3.28764497522451,73.8843839108002,77.1720288860247,46.2487103640627,116.27347582758,109.934623984671,343.141079705683,171.570539852841,162.217071875779
2030,Non-dairy cattle,10,fit,5821.45656334551,50,6.508436882,3.254218441,73.8515374107273,77.1057558517273,46.1658792350229,116.132628731577,109.85761192564,288.596002568648,144.298001284324,136.501119451784
2030,Non-dairy cattle,10,lwr,5578.72587098057,50,6.49227894111276,3.24613947055638,73.7695581656867,77.0156976362431,45.7731901093417,115.311964755523,109.085148262852,273.926633565917,136.963316782958,129.567332839373
2030,Non-dairy cattle,10,upr,6064.18725571044,50,6.52459482288724,3.26229741144362,73.9335166557679,77.1958140672115,46.5585683607041,116.95097982087,110.627848208821,303.499312093866,151.749656046933,143.54508137182
2030,Non-dairy cattle,15,fit,6240.08970941216,50,6.49072238017857,3.24536119008929,73.8699807352619,77.1153419253512,45.53082383526,114.49778031319,108.329296802202,304.164573989256,152.082286994628,143.888965892038
2030,Non-dairy cattle,15,lwr,5930.96799325046,50,6.4754863875091,3.23774319375455,73.8218587436642,77.0596019374188,45.0597621011289,113.409647478675,107.307122313039,285.677259736229,142.838629868114,135.152543606723
2030,Non-dairy cattle,15,upr,6549.21142557386,50,6.50595837284804,3.25297918642402,73.9181027268596,77.1710819132836,46.0018855693911,115.584085170166,109.349618567838,323.017481552584,161.508740776292,152.797153459825
2025,Cattle,10,fit,10211.8694665,50,6.37008766726191,3.18504383363096,74.7524070947377,77.9374509283686,82.3962876651077,201.680431407733,191.49441262391,846.079114729053,423.039557364527,401.642500616761
2025,Cattle,10,lwr,10030.5892277312,50,6.35310306677592,3.17655153338796,74.6993688522805,77.8759203856684,81.6445126926854,200.07049727266,189.985123698646,821.551427060855,410.775713530428,390.036146564897
2025,Cattle,10,upr,10393.1497052689,50,6.38696726944523,3.19348363472262,74.8054860856987,77.9989697204213,83.1471989905991,203.284421732449,192.997821345974,870.973755898926,435.486877949463,413.420869295335
2025,Cattle,15,fit,10565.9005903895,50,6.36487640594432,3.18243820297216,74.7234008199806,77.9058390229528,81.8143271514514,200.484032430846,190.34764019635,870.044641984869,435.022320992435,412.99821749914
2025,Cattle,15,lwr,10227.3430664442,50,6.35208201974325,3.17604100987163,74.6604485937939,77.8364896036656,80.7188978321051,198.099612811515,188.08857063159,830.169507306288,415.084753653144,394.07923997034
2025,Cattle,15,upr,10904.4581143348,50,6.37772933128971,3.18886466564486,74.7863754601466,77.9752401257915,82.905286837288,202.849978764397,192.588948936708,910.696528557309,455.348264278655,432.284766571367
2025,Cattle,5,fit,10361.80779996,50,6.38067342811278,3.19033671405639,74.7091811021413,77.8995178161977,81.5742733408895,199.743014906063,189.636540154484,851.432398961787,425.716199480894,404.143271270007
2025,Cattle,5,lwr,10026.9806882144,50,6.33989753861659,3.16994876930829,74.5841066823247,77.754055451633,79.0867119350028,194.284979155497,184.501605036262,794.070112735563,397.035056367782,377.002243537137
2025,Cattle,5,upr,10696.6349117055,50,6.42125163701441,3.2106258185072,74.8340714518537,78.0446972703609,84.0540079668523,205.14281197729,194.71239034072,911.155316167814,455.577658083907,432.388080651454
2026,Cattle,10,fit,9966.61246041462,50,6.36246959634541,3.18123479817271,74.7640475114631,77.9452823096358,83.301190299283,203.768869424144,193.508405932053,832.220272221217,416.110136110608,395.12315945095
2026,Cattle,10,lwr,9758.99408479915,50,6.34289652900886,3.17144826450443,74.7036266369731,77.8750749014775,82.4500931773191,201.952198030699,191.805803034029,804.373492466796,402.186746233398,381.944027405728
2026,Cattle,10,upr,10174.2308360301,50,6.38189704583229,3.19094852291614,74.8245361790095,78.0154847019257,84.1515343755168,205.578726867781,195.204246610402,860.546483233044,430.273241616522,408.527087247844
2026,Cattle,15,fit,10395.9048725274,50,6.3562055744692,3.1781027872346,74.728933644758,77.9070364319927,82.5990417670297,202.330816647981,192.129377984167,861.751955168363,430.875977584181,409.118920434169
2026,Cattle,15,lwr,10024.1623654496,50,6.34217248008207,3.17108624004104,74.6596690790212,77.8307553190622,81.3936692751717,199.710810641569,189.646772922845,818.030909238801,409.015454619401,388.37213103437
2026,Cattle,15,upr,10767.6473796051,50,6.37031120509049,3.18515560254524,74.7982157832776,77.9833713858228,83.7987795057563,204.927982768044,194.590020943046,906.407473985565,453.203736992782,430.307972099914
2026,Cattle,5,fit,10173.34599998,50,6.37707117379607,3.18853558689803,74.7043959116294,77.8929314985274,82.1463111066882,201.049476242811,190.900344313287,839.756725837796,419.878362918898,398.645780053988
2026,Cattle,5,lwr,9745.03371950344,50,6.32497200967742,3.16248600483871,74.5447241561521,77.7072101609908,78.9743862347902,194.096485859855,184.357817922368,767.524723084317,383.762361542159,364.46135225047
2026,Cattle,5,upr,10601.6582804565,50,6.42884893425867,3.21442446712933,74.8637899409857,78.0782144081151,85.3061358821637,207.909334857569,197.348267321238,915.830472309695,457.915236154848,434.627090674317
2027,Cattle,10,fit,9721.35545432917,50,6.35478795045873,3.17739397522937,74.7759246642534,77.9533186394827,84.2139300870277,205.872600554339,195.537779631937,818.045354241068,409.022677120534,388.451973636468
2027,Cattle,10,lwr,9486.71658505873,50,6.33252135855942,3.16626067927971,74.7080325971173,77.8742932763971,83.2640926615932,203.852128013655,193.64480550137,786.851450513545,393.425725256772,373.686264401558
2027,Cattle,10,upr,9955.99432359961,50,6.37685758775843,3.18842879387921,74.8439237068548,78.0323525007341,85.1633514538107,207.885770535815,197.423472136155,849.849181807278,424.924590903639,403.503734707174
2027,Cattle,15,fit,10225.9091546652,50,6.34744842489191,3.17372421244595,74.7347133082903,77.9084375207362,83.3929921423579,204.19777937055,193.931049321073,853.298772824382,426.649386412191,405.162693983875
2027,Cattle,15,lwr,9820.27769682056,50,6.33215003565739,3.16607501782869,74.6589834444637,77.8250584622924,82.0751888942479,201.33754865157,191.220460192384,805.662314805449,402.831157402724,382.554557593907
2027,Cattle,15,upr,10631.5406125099,50,6.36283535199469,3.18141767599735,74.8104528425133,77.9918705185107,84.7038062813204,207.030175127031,196.614869204236,902.045457041762,451.022728520881,428.296336874322
2027,Cattle,5,fit,9984.88419999995,50,6.37356918969609,3.18678459484805,74.6992029515922,77.8859875464402,82.7077778173206,202.329472789194,192.139185874032,827.81297707582,413.90648853791,393.019212639679
2027,Cattle,5,lwr,9460.31093113228,50,6.30984500736135,3.15492250368067,74.5040425025382,77.6589650062189,78.835546537619,193.849120870459,184.158044236113,740.757581107158,370.378790553579,351.810093622216
2027,Cattle,5,upr,10509.4574688676,50,6.43681542276515,3.21840771138258,74.8939827602147,78.1123904715973,86.5629543112794,210.673446642815,199.981608631941,920.599357392979,460.29967869649,436.909703318398
2028,Cattle,10,fit,9476.09844824369,50,6.34703779332763,3.17351889666382,74.788056934464,77.9615758311279,85.1351155435956,207.993004138041,197.58386311004,803.558304840873,401.779152420437,381.630747871269
2028,Cattle,10,lwr,9213.96765606925,50,6.32198712804766,3.16099356402383,74.7126817156236,77.8736752796475,84.0884577692638,205.774643377892,195.506283033781,769.019368719519,384.50968435976,365.278916809655
2028,Cattle,10,upr,9738.22924041814,50,6.37182772019184,3.18591386009592,74.863594037277,78.0495078973729,86.1820213952585,210.204205049625,199.654246522632,838.855450003653,419.427725001827,398.338263839849
2028,Cattle,15,fit,10055.9134368031,50,6.33860057957697,3.16930028978848,74.7407523290416,77.9100526188301,84.1966466703717,206.085989531484,195.753689397473,844.686754439272,422.343377219636,401.130293384
2028,Cattle,15,lwr,9615.85166716818,50,6.32201540039803,3.16100770019902,74.6584355916075,77.8194432918065,82.7645463021599,202.982301513275,192.812001219914,793.085073087363,396.542536543682,376.636605115825
2028,Cattle,15,upr,10495.975206438,50,6.35529229596984,3.17764614798492,74.8230672739032,78.0007134218881,85.620210163874,209.15621304756,198.663189124487,897.592330554092,448.796165277046,426.241233535928
2028,Cattle,5,fit,9796.42240001994,50,6.37017326275367,3.18508663137683,74.6935786882408,77.8786653196176,83.2580633806535,203.581677830423,193.351772640392,815.604846229727,407.802423114864,387.265261982793
2028,Cattle,5,lwr,9174.09908439508,50,6.29468671613898,3.14734335806949,74.4625215823472,77.6098649404167,78.6793184397796,193.562900503963,183.921057476874,713.999972441746,356.999986220873,339.157973492622
2028,Cattle,5,upr,10418.7457156448,50,6.44499467856635,3.22249733928318,74.9241515534366,78.1466488927198,87.8143937062642,213.413278145183,202.591824084043,925.231073075872,462.615536537936,439.126703619811
2029,Cattle,10,fit,9230.84144215824,50,6.33921366406446,3.16960683203223,74.8004646569699,77.9700714890021,86.0654198555423,210.131605158756,199.64812652887,788.763051958166,394.381525979083,374.661281404065
2029,Cattle,10,lwr,8940.88135939911,50,6.31129528709687,3.15564764354844,74.7176496991906,77.873297342739,84.9249213485861,207.723645827888,197.393968999978,750.900269322272,375.450134661136,356.732825572111
2029,Cattle,10,upr,9520.80152491738,50,6.36679303380221,3.1833965169011,74.8835164836603,78.0669130005614,87.2072812841481,212.533482642286,201.896070918016,827.549900073395,413.774950036698,393.02333451262
2029,Cattle,15,fit,9885.91771894097,50,6.32965735978213,3.16482867989106,74.7470640865338,77.9118927664248,85.0105059614701,207.996589447721,197.59840455404,835.917555728998,417.958777864499,397.022472832387
2029,Cattle,15,lwr,9411.00200423829,50,6.31176707463896,3.15588353731948,74.6580625261681,77.8139460634876,83.4627409894906,204.647351194107,194.42358496997,780.315173189464,390.157586594732,370.625820792928
2029,Cattle,15,upr,10360.8334336437,50,6.34767412231135,3.17383706115567,74.8360483926222,78.0098854537779,86.5479932920037,211.306104858107,200.735009371784,893.035300582882,446.517650291441,424.136571255677
2029,Cattle,5,fit,9607.96060003995,50,6.36688963395695,3.18344481697847,74.6874977413091,77.8709425582876,83.7965098363034,204.804659458968,194.536710393533,803.136009808023,401.568004904012,381.385615036599
2029,Cattle,5,lwr,8887.00360140101,50,6.27958577268226,3.13979288634113,74.4203618022446,77.5601546885858,78.5096401935515,193.246411054942,183.65487835724,687.359868586892,343.679934293446,326.556198875017
2029,Cattle,5,upr,10328.9175986789,50,6.45331354249329,3.22665677124664,74.9540537927603,78.180710564007,89.0554882415864,216.118200522618,205.168891484013,929.618014211765,464.809007105883,441.227165982718
2030,Cattle,10,fit,8985.5844360728,50,6.33130950557285,3.16565475278642,74.8131703867662,77.9788251395526,87.0055897065755,212.290094125416,201.732200041095,773.663507502287,386.831753751143,367.545368055988
2030,Cattle,10,lwr,8667.5462447568,50,6.30044181086617,3.15022090543308,74.7230030395928,77.8732239450259,85.775160697737,209.702930398363,199.311505932082,732.510638919493,366.255319459746,348.055744667191
2030,Cattle,10,upr,9303.62262738878,50,6.36174302963178,3.18087151481589,74.9036749483829,78.0845464631988,88.2390988194766,214.873559823364,204.148921690532,815.923648673184,407.961824336592,387.554682987985
2030,Cattle,15,fit,9715.92200107883,50,6.32061375931656,3.16030687965828,74.7536628966734,77.9139697763317,85.8351056619946,209.930801240463,199.466378506234,826.992828650615,413.496414325307,392.839985490872
2030,Cattle,15,lwr,9205.81553716646,50,6.30140182901859,3.15070091450929,74.6578970362941,77.8085979508034,84.1707318553963,206.334897025767,196.057324987618,767.364913321203,383.682456660602,364.528004149856
2030,Cattle,15,upr,10226.0284649912,50,6.33997392831751,3.16998696415876,74.8493916902565,78.0193786544152,87.4872743029898,213.480115837302,202.830602870175,888.365257361975,444.182628680987,421.978005132426
2030,Cattle,5,fit,9419.49880005996,50,6.36372504376352,3.18186252188176,74.6809326993357,77.8627952212174,84.3224065669885,205.996870057714,195.692492688832,790.410127372168,395.205063686084,375.38195277855
2030,Cattle,5,lwr,8599.34322423366,50,6.26459777076835,3.13229888538417,74.3776520811279,77.509950966512,78.3282160700161,192.903310465574,183.362886807172,660.893408028559,330.44670401428,314.031471107
2030,Cattle,5,upr,10239.6543758862,50,6.46173390063884,3.23086695031942,74.9835542637117,78.2144212140311,90.2834101282236,218.782295141108,207.707216827706,933.704387974455,466.852193987227,443.184661128561
