Year,Animal,time_sample,status,Pop_in_1000s,Red_in_perc,Ym_org_in_perc,Ym_upd_in_perc,DE_org_in_perc,DE_upd_in_perc,NEs_total,GE_org_in_MJ_per_head_per_day,GE_upd_in_MJ_per_head_per_day,EnterFe_CH4_emis_org_in_kt,EnterFe_CH4_emis_upd_in_kt_Ym,EnterFe_CH4_emis_upd_in_kt_Ym_DE
2025,Dairy cattle,5,fit,5699.16369999995,10,6.5,5.85,76.5122358166666,77.1622358166666,94.4097140959266,226.882826973167,224.451017101072,551.256608573793,496.130947716414,490.813241865316
2025,Dairy cattle,5,lwr,5475.785967306,10,6.5,5.85,76.4540987358346,77.1040987358346,92.2133541973091,221.819880064409,219.439460691721,517.830924983537,466.047832485183,461.04652561979
2025,Dairy cattle,5,upr,5922.5414326939,10,6.5,5.85,76.5703728974987,77.2203728974987,96.606073994544,231.936012581283,229.453040830171,585.621950309926,527.059755278933,521.417360771323
2025,Dairy cattle,10,fit,5743.8678666667,10,6.5,5.85,76.4629542405555,77.1129542405555,94.815346560576,228.045242125968,225.598467238738,558.427129261232,502.584416335109,497.192017365774
2025,Dairy cattle,10,lwr,5620.66097549804,10,6.5,5.85,76.4111436307086,77.0611436307086,93.2458440090629,224.46469507095,222.053738631006,537.868964246306,484.082067821675,478.882582982835
2025,Dairy cattle,10,upr,5867.07475783535,10,6.5,5.85,76.5147648504024,77.1647648504024,96.3848491120891,231.619639489634,229.137189268022,579.346057284302,521.411451555872,515.823074092209
2025,Dairy cattle,15,fit,6033.73975238096,10,6.5,5.85,76.5967137350794,77.2467137350794,95.3191526062767,228.745870551847,226.29838880482,588.411144057611,529.57002965185,523.903859686821
2025,Dairy cattle,15,lwr,5730.92581046606,10,6.5,5.85,76.4726990927775,77.1226990927775,94.2816521925914,226.724710027258,224.292596608655,553.942509184545,498.548258266091,493.200248741216
2025,Dairy cattle,15,upr,6336.55369429585,10,6.5,5.85,76.7207283773812,77.3707283773812,96.356653019962,230.758948911105,228.29626437687,623.379797948586,561.041818153727,555.054319011673
2026,Dairy cattle,5,fit,5596.40739999994,10,6.5,5.85,76.5232229666666,77.1732229666666,95.1244622759377,228.558574404235,226.10936251616,545.315563960333,490.7840075643,485.524812940179
2026,Dairy cattle,5,lwr,5310.66164423049,10,6.5,5.85,76.4488537629853,77.0988537629853,92.314869253378,222.083542329834,219.700033407336,502.812494165556,452.531244749,447.674458657367
2026,Dairy cattle,5,upr,5882.15315576938,10,6.5,5.85,76.597592170348,77.247592170348,97.9340552984975,235.017645845747,232.503104644831,589.356194082313,530.420574674081,524.74540767106
2026,Dairy cattle,10,fit,5655.15142424245,10,6.5,5.85,76.4561676688384,77.1061676688384,95.7216516287199,230.251153242737,227.780361566905,555.120294338379,499.608264904541,494.247041194179
2026,Dairy cattle,10,lwr,5514.04385078163,10,6.5,5.85,76.3968295152199,77.0468295152199,93.9241166492729,226.151608016798,223.721808312425,531.631796706829,478.468617036146,473.327893455088
2026,Dairy cattle,10,upr,5796.25899770326,10,6.5,5.85,76.5155058224568,77.1655058224568,97.5191866081669,234.342634836276,231.831038800687,579.082104592892,521.173894133603,515.588148768603
2026,Dairy cattle,15,fit,6004.33238809524,10,6.5,5.85,76.6181176523115,77.2681176523115,96.3386499383248,231.110030519568,228.638350840339,591.595106894764,532.435596205287,526.741294488135
2026,Dairy cattle,15,lwr,5671.83700405019,10,6.5,5.85,76.4819472505836,77.1319472505836,95.1994550376087,228.896442042227,226.441504294639,553.482426440672,498.134183796605,492.791643736761
2026,Dairy cattle,15,upr,6336.82777214028,10,6.5,5.85,76.7542880540394,77.4042880540394,97.4778448390409,233.313909866068,230.825686580332,630.30911519271,567.278203673439,561.228350766336
2027,Dairy cattle,5,fit,5493.65109999993,10,6.5,5.85,76.5342101166666,77.1842101166666,95.8392104559489,230.233709437022,227.767110040476,539.22626409675,485.303637687075,480.104357083086
2027,Dairy cattle,5,lwr,5143.6854510994,10,6.5,5.85,76.4431268158684,77.0931268158684,92.3981758108713,222.305233961143,219.919061379931,487.489361882342,438.740425694108,434.031088197162
2027,Dairy cattle,5,upr,5843.61674890047,10,6.5,5.85,76.6252934174648,77.2752934174648,99.2802451010265,238.138262547472,235.591796135761,593.269413233632,533.942471910269,528.232904048471
2027,Dairy cattle,10,fit,5566.4349818182,10,6.5,5.85,76.4493810971212,77.0993810971212,96.6279566968637,232.457565549923,229.96274492471,551.647784594544,496.48300613509,491.154566766625
2027,Dairy cattle,10,lwr,5406.96296310024,10,6.49999999999999,5.84999999999999,76.3823203794542,77.0323203794542,94.5964815261271,227.825848065077,225.377320112029,525.16701728482,472.650315556338,467.57056925237
2027,Dairy cattle,10,upr,5725.90700053615,10,6.5,5.85,76.5164418147882,77.1664418147882,98.6594318676004,237.078987578147,234.538113765757,578.733212347886,520.859891113097,515.277619690509
2027,Dairy cattle,15,fit,5974.92502380953,10,6.5,5.85,76.6395215695437,77.2895215695437,97.3581472703725,233.472513185537,230.976674988195,594.715517777343,535.243965999608,529.522168958014
2027,Dairy cattle,15,lwr,5612.11855215518,10,6.5,5.85,76.4909375429216,77.1409375429216,96.1151005927697,231.063313492331,228.58559903178,552.839271449124,497.555344304212,492.220009789725
2027,Dairy cattle,15,upr,6337.73149546388,10,6.5,5.85,76.7881055961657,77.4381055961657,98.6011939479752,235.870194531779,233.356467236258,637.305921261572,573.575329135414,567.462594273991
2028,Dairy cattle,5,fit,5390.89479999995,10,6.5,5.85,76.5451972666666,77.1951972666666,96.5539586359598,231.908232451672,229.424260040218,532.988790339825,479.689911305843,474.551945770339
2028,Dairy cattle,5,lwr,4975.71584235174,10,6.5,5.85,76.4371413188804,77.0871413188804,92.4717146166883,222.504427388851,220.115819180402,471.992697812287,424.793428031058,420.233226326321
2028,Dairy cattle,5,upr,5806.07375764816,10,6.5,5.85,76.6532532144528,77.3032532144528,100.636202655231,241.278395123156,238.699845421608,597.230579579158,537.507521621242,531.763162045455
2028,Dairy cattle,10,fit,5477.71853939397,10,6.5,5.85,76.442594525404,77.092594525404,97.5342617650074,234.664479240354,232.1456174978,548.009543611879,493.208589250691,487.914544533808
2028,Dairy cattle,10,lwr,5299.56166910998,10,6.49999999999999,5.84999999999999,76.3676765073429,77.0176765073429,95.2647648251199,229.491590229139,227.02440713536,518.498826764783,466.648944088305,461.632165981381
2028,Dairy cattle,10,upr,5655.87540967796,10,6.5,5.85,76.5175125434651,77.1675125434651,99.8037587048949,239.824523428213,237.254281756709,578.27507899187,520.447571092683,514.869842777272
2028,Dairy cattle,15,fit,5945.51765952382,10,6.5,5.85,76.6609254867758,77.3109254867758,98.3776446024206,235.833320572519,233.313363197356,597.772444918007,537.995200426206,532.246542985328
2028,Dairy cattle,15,lwr,5551.91589402081,10,6.5,5.85,76.4997295330837,77.1497295330837,97.0290871616558,233.226320298267,230.725868766168,552.028488735387,496.825639861848,491.499103685356
2028,Dairy cattle,15,upr,6339.11942502683,10,6.5,5.85,76.8221214404679,77.4721214404679,99.7262020431853,238.426813095956,235.887624285959,644.354817692849,579.919335923564,573.743333026249
2029,Dairy cattle,5,fit,5288.13849999994,10,6.5,5.85,76.5561844166666,77.2061844166666,97.268706815971,233.582143828005,231.080812881276,526.603223978992,473.942901581093,468.867650419856
2029,Dairy cattle,5,lwr,4807.15672141504,10,6.5,5.85,76.4310023933596,77.0810023933596,92.5394570482828,222.69028398323,220.299375095802,456.384201965936,410.745781769342,406.335819544948
2029,Dairy cattle,5,upr,5769.12027858484,10,6.5,5.85,76.6813664399735,77.3313664399735,101.997956583659,244.428887058997,241.818188894637,601.178134278878,541.06032085099,535.281359111034
2029,Dairy cattle,10,fit,5389.00209696972,10,6.5,5.85,76.4358079536868,77.0858079536868,98.4405668331513,236.871894506961,234.328979471922,544.205514943591,489.784963449232,484.526924921345
2029,Dairy cattle,10,lwr,5191.93108359074,10,6.49999999999999,5.84999999999999,76.352936214213,77.002936214213,95.9301272352218,231.151488156337,228.665696388381,511.642562426733,460.47830618406,455.526345061228
2029,Dairy cattle,10,upr,5586.0731103487,10,6.5,5.85,76.5186796931607,77.1686796931607,100.951006431081,242.576589466284,239.976916467408,577.692266340164,519.923039706147,514.351068021691
2029,Dairy cattle,15,fit,5916.1102952381,10,6.5,5.85,76.6823294040079,77.3323294040079,99.3971419344687,238.192454699912,235.648417413583,600.765956419486,540.689360777537,534.914476363703
2029,Dairy cattle,15,lwr,5491.334328157,10,6.5,5.85,76.5083663450984,77.1583663450984,97.9417755177728,235.386183199582,232.86302847004,551.061290449531,495.955161404578,490.638912191778
2029,Dairy cattle,15,upr,6340.8862623192,10,6.5,5.85,76.8562924629175,77.5062924629175,100.852508351165,240.9830509114,238.418448629298,651.444638369316,586.300174532384,580.060620506007
2030,Dairy cattle,5,fit,5185.38219999994,10,6.5,5.85,76.5671715666666,77.2171715666666,97.9834549959821,235.255443945513,232.736768929227,520.069646236412,468.062681612771,463.05154239124
2030,Dairy cattle,5,lwr,4638.22073499998,10,6.5,5.85,76.424765383493,77.074765383493,92.6034939528588,222.867626870096,220.474503248892,440.696350608964,396.626715548068,392.367789408328
2030,Dairy cattle,5,upr,5732.54366499989,10,6.5,5.85,76.7095777498401,77.3595777498401,103.363416039105,247.584920074927,244.942057101197,605.079741915386,544.571767723848,538.758697359867
2030,Dairy cattle,10,fit,5300.28565454547,10,6.5,5.85,76.4290213819697,77.0790213819697,99.3468719012951,239.079811542776,236.512831032916,540.235642113935,486.212077902542,480.991658329761
2030,Dairy cattle,10,lwr,5084.13138924294,10,6.49999999999999,5.84999999999999,76.3381248079217,76.9881248079217,96.5933354091815,232.807294776517,230.302923196886,504.608314641556,454.1474831774,449.262094809642
2030,Dairy cattle,10,upr,5516.439919848,10,6.5,5.85,76.5199179560176,77.1699179560176,102.100408393409,245.333433490517,242.704283272678,576.974582985291,519.277124686762,513.71221840365
2030,Dairy cattle,15,fit,5886.70293095239,10,6.5,5.85,76.7037333212401,77.3537333212401,100.416639266516,240.549917583757,237.981839579442,603.696120274819,543.326508247337,537.526028791735
2030,Dairy cattle,15,lwr,5430.45151661806,10,6.5,5.85,76.5168797847398,77.1668797847398,98.8534317466677,237.54343360652,234.997605302999,549.945968655587,494.951371790029,489.646820988355
2030,Dairy cattle,15,upr,6342.95434528671,10,6.50000000000001,5.85000000000001,76.8905868577403,77.5405868577403,101.979846786365,243.538382644203,240.948418963523,658.567137229493,592.710423506544,586.407111259105
2025,Non-dairy cattle,5,fit,3585.29249999995,10,6.5,5.85,70.345770725,70.995770725,62.2098578782002,166.922881898288,164.871657294608,255.141743649752,229.627569284776,226.805800846299
2025,Non-dairy cattle,5,lwr,3320.68401798729,10,6.5,5.85,70.345770725,70.995770725,59.8284431639811,160.53301667997,158.560313658237,227.265216659116,204.538694993204,202.025230099694
2025,Non-dairy cattle,5,upr,3849.90098201262,10,6.5,5.85,70.345770725,70.995770725,64.5912725924193,173.312747116607,171.183000930978,284.459942784471,256.013948506024,252.867932189453
2025,Non-dairy cattle,10,fit,3857.15400000001,10,6.5,5.85,70.345770725,70.995770725,60.8855646204008,163.36950861293,161.361949482946,268.645168279225,241.780651451302,238.809540389051
2025,Non-dairy cattle,10,lwr,3632.64883095224,10,6.5,5.85,70.345770725,70.995770725,59.4902882486358,159.625671848737,157.66411869466,247.21066743463,222.489600691167,219.755546870559
2025,Non-dairy cattle,10,upr,4081.65916904778,10,6.5,5.85,70.345770725,70.995770725,62.2808409921659,167.113345377123,165.059780271232,290.796330992324,261.716697893092,258.500603587701
2025,Non-dairy cattle,15,fit,3746.37,10,6.5,5.85,70.3437596793651,70.9937596793651,59.0622755751768,158.483328612243,156.535720441092,253.125153294961,227.812637965464,225.013039048165
2025,Non-dairy cattle,15,lwr,3577.99839008784,10,6.5,5.85,70.3414761638224,70.9914761638224,57.3078336921653,153.78232171502,151.892382316842,234.578176839523,211.12035915557,208.525752180751
2025,Non-dairy cattle,15,upr,3914.74160991216,10,6.5,5.85,70.3460431949077,70.9960431949077,60.8167174581884,163.183924003739,161.178658347014,272.346329559976,245.111696603978,242.099671551496
2026,Non-dairy cattle,5,fit,3513.58939999994,10,6.5,5.85,70.345770725,70.995770725,63.1469771354157,169.437381246656,167.355257326652,253.805653184945,228.425087866451,225.618096068795
2026,Non-dairy cattle,5,lwr,3175.10109248672,10,6.5,5.85,70.345770725,70.995770725,60.100661197348,161.263438194889,159.28175942001,218.29034372526,196.461309352734,194.047103062782
2026,Non-dairy cattle,5,upr,3852.07770751316,10,6.5,5.85,70.345770725,70.995770725,66.1932930734834,177.611324298424,175.428755233295,291.680062516767,262.512056265091,259.286188232798
2026,Non-dairy cattle,10,fit,3880.10130909092,10,6.5,5.85,70.345770725,70.995770725,61.3940353762605,164.733848716315,162.709523952069,272.500286132486,245.250257519238,242.236510353112
2026,Non-dairy cattle,10,lwr,3622.97786953934,10,6.5,5.85,70.345770725,70.995770725,59.7960398318598,160.446071334565,158.474436736944,247.819696697654,223.037727027889,220.296937580535
2026,Non-dairy cattle,10,upr,4137.22474864249,10,6.5,5.85,70.345770725,70.995770725,62.9920309206612,169.021626098064,166.944611167195,298.120912563668,268.308821307301,265.011719978883
2026,Non-dairy cattle,15,fit,3746.2732,10,6.5,5.85,70.3433561067163,70.9933561067163,59.1673360282307,158.76646841367,156.815362098252,253.570824271008,228.213741843907,225.409186968903
2026,Non-dairy cattle,15,lwr,3561.39801642684,10,6.5,5.85,70.3408487638491,70.9908487638491,57.2409259561324,153.604626266191,151.716842672477,233.220037521195,209.898033769076,207.318410523775
2026,Non-dairy cattle,15,upr,3931.14838357315,10,6.5,5.85,70.3458634495834,70.9958634495834,61.0937461003289,163.927814424096,161.913398995869,274.734460915754,247.261014824179,244.222565218719
2027,Non-dairy cattle,5,fit,3441.88629999996,10,6.5,5.85,70.345770725,70.995770725,64.0840963926312,171.951880595024,169.838857358697,252.315832054448,227.084248849003,224.293733893532
2027,Non-dairy cattle,5,lwr,3027.32448134713,10,6.5,5.85,70.345770725,70.995770725,60.3531365708443,161.940885763325,159.950882203346,209.004932611965,188.104439350768,185.792926095845
2027,Non-dairy cattle,5,upr,3856.44811865278,10,6.5,5.85,70.345770725,70.995770725,67.8150562144181,181.962875426723,179.726832514049,299.165381305135,269.248843174622,265.940190428206
2027,Non-dairy cattle,10,fit,3903.04861818183,10,6.5,5.85,70.345770725,70.995770725,61.9025061321199,166.098188819699,164.057098421191,276.382098711192,248.743888840073,245.687210336793
2027,Non-dairy cattle,10,lwr,3612.46184839105,10,6.49999999999999,5.84999999999999,70.3457707249999,70.9957707249999,60.0965394563579,161.252378647287,159.27083577718,248.342158341656,223.50794250749,220.761374837584
2027,Non-dairy cattle,10,upr,4193.63538797261,10,6.5,5.85,70.3457707250001,70.9957707250001,63.708472807882,170.94399899211,168.843361065203,305.622680392897,275.060412353608,271.680344391073
2027,Non-dairy cattle,15,fit,3746.1764,10,6.5,5.85,70.3429525340675,70.9929525340675,59.2723964812846,159.049612598855,157.095008018514,254.01647887892,228.614830991028,225.805320244743
2027,Non-dairy cattle,15,lwr,3544.44754520321,10,6.5,5.85,70.3402166157284,70.9902166157284,57.1703701833114,153.417150979003,151.531643236876,231.826735366774,208.644061830097,206.079811409468
2027,Non-dairy cattle,15,upr,3947.90525479679,10,6.5,5.85,70.3456884524065,70.9956884524065,61.3744227792577,164.68148349181,162.657798276844,277.174035242026,249.456631717823,246.391188738573
2028,Non-dairy cattle,5,fit,3370.18319999994,10,6.5,5.85,70.345770725,70.995770725,65.0212156498469,174.466379943393,172.322457390743,250.672280258256,225.60505223243,222.832714320508
2028,Non-dairy cattle,5,lwr,2878.37109132654,10,6.5,5.85,70.345770725,70.995770725,60.5950212084688,162.589916032423,160.591936892095,199.517706303881,179.565935673493,177.359347451149
2028,Non-dairy cattle,5,upr,3861.99530867334,10,6.5,5.85,70.345770725,70.995770725,69.447410091225,186.342843854363,184.052977889391,306.807176164918,276.126458548426,272.733290523404
2028,Non-dairy cattle,10,fit,3925.99592727274,10,6.5,5.85,70.345770725,70.995770725,62.4109768879796,167.462528923084,165.404672890314,280.290606015344,252.26154541381,249.161640340096
2028,Non-dairy cattle,10,lwr,3601.36198918093,10,6.49999999999999,5.84999999999999,70.3457707249999,70.9957707249999,60.393410587775,162.048949906228,160.05761840471,248.802104771539,223.921894294385,221.170239795876
2028,Non-dairy cattle,10,upr,4250.62986536454,10,6.5,5.85,70.345770725,70.995770725,64.4285431881842,172.87610793994,170.751727375919,313.277582075112,281.949823867601,278.485095670102
2028,Non-dairy cattle,15,fit,3746.0796,10,6.5,5.85,70.3425489614186,70.9925489614186,59.3774569343384,159.332761167911,157.374658201986,254.462117118339,229.015905406505,226.20143887537
2028,Non-dairy cattle,15,lwr,3527.22784402426,10,6.5,5.85,70.3395808162155,70.9895808162155,57.0970090188331,153.222153497403,151.339013961977,230.407243658757,207.366519292881,204.817931625297
2028,Non-dairy cattle,15,upr,3964.93135597574,10,6.5,5.85,70.3455171066218,70.9955171066218,61.6579048498437,165.442673562733,163.409626237805,279.65607950586,251.690471555274,248.597565542056
2029,Non-dairy cattle,5,fit,3298.48009999993,10,6.5,5.85,70.345770725,70.995770725,65.9583349070624,176.980879291761,174.806057422788,248.87499779637,223.987498016733,221.235037349724
2029,Non-dairy cattle,5,lwr,2728.71937778202,10,6.5,5.85,70.345770725,70.995770725,60.8306210970082,163.222082922225,161.216335426456,189.879833901023,170.89185051092,168.791853408365
2029,Non-dairy cattle,5,upr,3868.24082221783,10,6.5,5.85,70.345770725,70.995770725,71.0860487171166,190.739675661296,188.39577941912,314.554277996102,283.098850196492,279.620002238723
2029,Non-dairy cattle,10,fit,3948.94323636364,10,6.5,5.85,70.345770725,70.995770725,62.9194476438393,168.826869026469,166.752247359437,284.225808044941,255.803227240447,252.65980036302
2029,Non-dairy cattle,10,lwr,3589.84431946541,10,6.49999999999999,5.84999999999999,70.3457707249999,70.9957707249999,60.6876850701771,162.838553778461,160.837519263961,249.214842475615,224.293358228054,221.537139011087
2029,Non-dairy cattle,10,upr,4308.04215326188,10,6.5,5.85,70.3457707250001,70.9957707250001,65.1512102175014,174.815184274476,172.666975454913,321.070311121998,288.963280009798,285.412367260295
2029,Non-dairy cattle,15,fit,3745.9828,10,6.5,5.85,70.3421453887698,70.9921453887698,59.4825173873923,159.615914120954,157.65431264878,254.907738988903,229.416965090013,226.597542860464
2029,Non-dairy cattle,15,lwr,3509.79746131589,10,6.5,5.85,70.3389421593649,70.9889421593649,57.0214525406711,153.02126836491,151.140569342153,228.968060473289,206.07125442596,203.538547626712
2029,Non-dairy cattle,15,upr,3982.16813868411,10,6.5,5.85,70.3453486181748,70.9953486181748,61.9435822341135,166.209750093142,164.167268384187,282.174095880692,253.956686292623,250.835919392193
2030,Non-dairy cattle,5,fit,3226.77699999994,10,6.5,5.85,70.345770725,70.995770725,66.8954541642779,179.495378640128,177.289657454833,246.923984668793,222.231586201913,219.500702981181
2030,Non-dairy cattle,5,lwr,2578.62123745654,10,6.5,5.85,70.345770725,70.995770725,61.0622032484857,163.843469330092,161.830085954366,180.118260063721,162.106434057349,160.11439616433
2030,Non-dairy cattle,5,upr,3874.93276254335,10,6.5,5.85,70.345770725,70.995770725,72.7287050800701,195.147287950165,192.7492289553,322.379742138364,290.141767924527,286.576373377332
2030,Non-dairy cattle,10,fit,3971.89054545455,10,6.5,5.85,70.345770725,70.995770725,63.4279183996987,170.191209129853,168.099821828559,288.187704799982,259.368934319984,256.181690405565
2030,Non-dairy cattle,10,lwr,3578.01850297511,10,6.49999999999999,5.84999999999999,70.3457707249999,70.9957707249999,60.980044452291,163.623019010772,161.612344629245,249.59049140476,224.631442264284,221.871068516283
2030,Non-dairy cattle,10,upr,4365.76258793399,10,6.5,5.85,70.3457707250001,70.9957707250001,65.8757923471063,176.759399248933,174.587299027873,328.990747582677,296.091672824409,292.453163128581
2030,Non-dairy cattle,15,fit,3745.886,10,6.5,5.85,70.341741816121,70.991741816121,59.5875778404462,159.899071458098,157.933971359003,255.353344490254,229.818010041228,226.99363219971
2030,Non-dairy cattle,15,lwr,3492.19957899049,10,6.5,5.85,70.338301230825,70.988301230825,56.9441507068422,152.81570112663,150.937500135398,227.513979269334,204.762581342401,202.245920551598
2030,Non-dairy cattle,15,upr,3999.57242100951,10,6.50000000000001,5.85000000000001,70.3451824014171,70.9951824014171,62.2310049740501,166.981507537729,164.9295339578,284.723291157145,256.25096204143,253.101989369581
2025,Cattle,10,fit,9601.02186666671,10,6.5,5.85,74.0054117837805,74.6554117837805,81.1842564592146,202.062147025555,199.791824482508,827.072297540457,744.365067786411,736.001557754825
2025,Cattle,10,lwr,9253.30980645028,10,6.5,5.85,74.0300097168897,74.6800097168897,79.9941445916521,199.010300174967,196.775769722608,785.079631680935,706.571668512842,698.638129853394
2025,Cattle,10,upr,9948.73392688313,10,6.5,5.85,73.9838165286556,74.6338165286556,82.3930247787616,205.154693421053,202.84820155534,870.142388276626,783.128149448964,774.323677679911
2025,Cattle,15,fit,9780.10975238096,10,6.5,5.85,74.2014564139636,74.8514564139636,81.4305889968618,201.831092915308,199.575092799456,841.536297352572,757.382667617315,748.916898734986
2025,Cattle,15,lwr,9308.9242005539,10,6.5,5.85,74.1160888877266,74.7660888877266,80.0703147469548,198.688414712401,196.464692481698,788.520686024067,709.668617421661,701.726000921967
2025,Cattle,15,upr,10251.295304208,10,6.5,5.85,74.2863779276702,74.9363779276702,82.7847423073556,204.953550281419,202.66554384003,895.726127508562,806.153514757706,797.153990563169
2025,Cattle,5,fit,9284.4561999999,10,6.5,5.85,74.1309890782024,74.7809890782024,81.9753937101519,203.728650062152,201.443807279896,806.398352223545,725.75851700119,717.619042711615
2025,Cattle,5,lwr,8796.46998529329,10,6.5,5.85,74.1481933856072,74.7981933856072,79.9879891733725,198.683973491257,196.457467810397,745.096141642653,670.586527478387,663.071755719484
2025,Cattle,5,upr,9772.44241470652,10,6.5,5.85,74.1181607483151,74.7681607483151,83.9936880498088,208.841093450156,206.497276619965,870.081893094397,783.073703784958,774.285292960777
2026,Cattle,10,fit,9535.25273333337,10,6.5,5.85,73.9697145203056,74.6197145203056,81.7529994614295,203.590739914373,201.301625315862,827.620580470865,744.858522423779,736.483551547291
2026,Cattle,10,lwr,9137.02172032097,10,6.5,5.85,73.9974861892113,74.6474861892113,80.3917785609836,200.098292987842,197.850163207561,779.451493404483,701.506344064035,693.624831035623
2026,Cattle,10,upr,9933.48374634575,10,6.5,5.85,73.9458553967281,74.5958553967281,83.1388738540307,207.136903105206,204.806306983409,877.203017156559,789.482715440904,780.599868747486
2026,Cattle,15,fit,9750.60558809524,10,6.5,5.85,74.2072960061817,74.8572960061818,82.0570860034456,203.314962258295,201.043291698895,845.165931165771,760.649338049194,752.150481457038
2026,Cattle,15,lwr,9233.23502047703,10,6.5,5.85,74.1132329353047,74.7632329353047,80.5582778253486,199.855253037152,197.619075201354,786.702463961868,708.032217565681,700.110054260536
2026,Cattle,15,upr,10267.9761557134,10,6.5,5.85,74.3007891713955,74.9507891713955,83.5480023096671,206.749080263558,204.442256794585,905.043576108465,814.539218497618,805.450915985054
2026,Cattle,5,fit,9109.99679999988,10,6.5,5.85,74.14067210613,74.79067210613,82.791224921958,205.756415176932,203.448783623274,799.121217145278,719.209095430751,711.142909008973
2026,Cattle,5,lwr,8485.76273671721,10,6.5,5.85,74.1652752300153,74.8152752300153,80.2613426151981,199.326604023222,197.093447093855,721.102837890815,648.992554101734,641.721561720149
2026,Cattle,5,upr,9734.23086328254,10,6.5,5.85,74.1235906432405,74.7735906432405,85.3734447783951,212.300533974393,209.917362419599,881.03625659908,792.932630939172,784.031595903858
2027,Cattle,10,fit,9469.48360000003,10,6.5,5.85,73.9336485571939,74.5836485571939,82.3151253358733,205.106140214511,202.798334130869,828.029883305736,745.226894975163,736.841777103418
2027,Cattle,10,lwr,9019.42481149129,10,6.49999999999999,5.84999999999999,73.9645602918208,74.6145602918208,80.7785577556493,201.161828638873,198.900337645625,773.509175626475,696.158258063828,688.331944089954
2027,Cattle,10,upr,9919.54238850876,10,6.5,5.85,73.9076980203514,74.5576980203514,83.8833894842126,209.119428794583,206.764671308542,884.355892740783,795.920303466705,786.957964081582
2027,Cattle,15,fit,9721.10142380953,10,6.5,5.85,74.2130415552628,74.8630415552628,82.6812156592166,204.792500330768,202.505234857287,848.731996656263,763.858796990637,755.327489202758
2027,Cattle,15,lwr,9156.56609735839,10,6.5,5.85,74.1100332323079,74.7600332323079,81.0398472029396,201.006985914003,198.758510845933,784.666006815898,706.199406134308,698.299821199192
2027,Cattle,15,upr,10285.6367502607,10,6.5,5.85,74.3153318522557,74.9653318522558,84.3125534792777,208.546044046902,206.220408140555,914.479956503597,823.031960853238,813.853783012564
2027,Cattle,5,fit,8935.53739999989,10,6.5,5.85,74.1504805426001,74.8004805426001,83.6074344410591,207.784088418121,205.453683285824,791.542096151198,712.387886536078,704.398090976618
2027,Cattle,5,lwr,8171.00993244653,10,6.5,5.85,74.1840822769456,74.8340822769456,80.5256248533893,199.940499294238,197.70110565304,696.494294494306,626.844865044876,619.824014293007
2027,Cattle,5,upr,9700.06486755325,10,6.5,5.85,74.1287478990531,74.7787478990531,86.7706515940067,215.804652521723,213.381600967046,892.434794538768,803.191315084891,794.173094476678
2028,Cattle,10,fit,9403.71446666671,10,6.5,5.85,73.897206158442,74.547206158442,82.870495242912,206.608057048294,204.281662500004,828.300149627223,745.470134664501,737.076184873904
2028,Cattle,10,lwr,8900.92365829091,10,6.49999999999999,5.84999999999999,73.9311807660545,74.5811807660545,81.1556257646293,202.203932157531,199.929281198915,767.300931536322,690.57083838269,682.802405777257
2028,Cattle,10,upr,9906.5052750425,10,6.5,5.85,73.8693748433845,74.5193748433846,84.6251519819108,211.098658311055,208.719724319369,891.552661066982,802.397394960283,793.354938447375
2028,Cattle,15,fit,9691.59725952382,10,6.5,5.85,74.218692202319,74.868692202319,83.3029563433717,206.263665819008,203.960881246662,852.234562036345,767.011105832711,758.447981860698
2028,Cattle,15,lwr,9079.14373804507,10,6.5,5.85,74.1065249860053,74.7565249860053,81.515560560584,202.144873311645,199.884246164525,782.435732394143,704.192159154729,696.317035310653
2028,Cattle,15,upr,10304.0507810026,10,6.5,5.85,74.329966447321,74.979966447321,85.0777702353019,210.342993491951,207.998564615436,924.010897198709,831.609807478838,822.340898568304
2028,Cattle,5,fit,8761.07799999989,10,6.5,5.85,74.1604218793959,74.8104218793959,84.4240448671616,209.81168607915,207.458522949534,783.661070598081,705.294963538273,697.384660090847
2028,Cattle,5,lwr,7854.08693367828,10,6.5,5.85,74.2047717039224,74.8547717039224,80.7895224576148,200.546916745595,198.301466542221,671.510404116168,604.359363704551,597.592573777471
2028,Cattle,5,upr,9668.0690663215,10,6.5,5.85,74.1336738013659,74.7836738013659,88.1775648715018,219.333905502315,216.870673060987,904.037755744075,813.633980169668,804.496452568859
2029,Cattle,10,fit,9337.94533333336,10,6.5,5.85,73.8603793701013,74.5103793701013,83.4189664314034,208.096191335923,205.751313862919,828.431322988532,745.588190689679,737.186725284365
2029,Cattle,10,lwr,8781.77540305615,10,6.49999999999999,5.84999999999999,73.8973064676317,74.5473064676318,81.5236006499205,203.226292149037,200.938661116555,760.857404902349,684.771664412114,677.063484072314
2029,Cattle,10,upr,9894.11526361058,10,6.5,5.85,73.8309050579803,74.4809050579803,85.363252795997,213.072284922328,210.66918601455,898.762577462161,808.886319715945,799.763435281986
2029,Cattle,15,fit,9662.0930952381,10,6.5,5.85,74.2242470779721,74.8742470779721,83.9222861710218,207.728416877988,205.410189312226,855.673695408389,770.10632586755,761.512019224168
2029,Cattle,15,lwr,9001.13178947289,10,6.5,5.85,74.1027322702599,74.7527322702599,81.9857769766529,203.2697587599,200.997115795036,780.029350922819,702.026415830537,694.17745981849
2029,Cattle,15,upr,10323.0544010033,10,6.5,5.85,74.3446643997373,74.9946643997373,85.8432020087827,212.138888653205,209.775696906219,933.618734250007,840.256860825006,830.8965398982
2029,Cattle,5,fit,8586.61859999987,10,6.5,5.85,74.1705042171606,74.8205042171606,85.2410806366583,211.839225759228,209.463320634422,775.478221775362,697.930399597826,690.10268776958
2029,Cattle,5,lwr,7535.87609919706,10,6.5,5.85,74.2275572526526,74.8775572526526,81.0577774176459,201.157016920321,198.905573881211,646.264035866959,581.637632280263,575.127672953313
2029,Cattle,5,upr,9637.36110080267,10,6.5,5.85,74.1383871200757,74.7883871200757,89.5905451925847,222.879129083863,220.375519787093,915.73241227498,824.159171047482,814.901361349757
2030,Cattle,10,fit,9272.17620000002,10,6.5,5.85,73.8231600125484,74.4731600125484,83.9603920999717,209.570235504578,207.206983237996,828.423346913917,745.581012222526,737.173348735325
2030,Cattle,10,lwr,8662.14989221805,10,6.49999999999999,5.84999999999999,73.8629016760368,74.5129016760368,81.8827825347655,204.229791283169,201.929348027529,754.198806046316,678.778925441685,671.133163325925
2030,Cattle,10,upr,9882.20250778199,10,6.5,5.85,73.7923012154837,74.4423012154837,86.0970859182134,215.038774687496,212.611540163571,905.965330567967,815.368797511171,806.165381532231
2030,Cattle,15,fit,9632.58893095239,10,6.5,5.85,74.2297053021924,74.8797053021924,84.5391829891481,209.186711123291,206.853116964354,859.049464765073,773.144518288566,764.519660991445
2030,Cattle,15,lwr,8922.65109560855,10,6.5,5.85,74.0986714301219,74.7486714301219,82.4507312448959,204.382196153145,202.097667747369,777.459947924922,699.71395313243,691.892741539953
2030,Cattle,15,upr,10342.5267662962,10,6.50000000000001,5.85000000000001,74.3594047066654,75.0094047066655,86.6085187664389,213.932970617392,211.551053811364,943.290428386638,848.961385547974,839.509100628686
2030,Cattle,5,fit,8412.15919999988,10,6.5,5.85,74.1807363285329,74.8307363285329,86.058568213083,213.866726498759,211.468095837304,766.993630905205,690.294267814684,682.55224537242
2030,Cattle,5,lwr,7216.84197245652,10,6.5,5.85,74.2527038656434,74.9027038656434,81.3336002268358,201.777938785402,199.520498648116,620.814610672686,558.733149605417,552.482185572658
2030,Cattle,5,upr,9607.47642754324,10,6.5,5.85,74.1428970485103,74.7928970485103,91.0076797475339,226.435526657951,223.891399181025,927.45948405375,834.713535648375,825.335070737199
2025,Dairy cattle,5,fit,5699.16369999995,20,6.5,5.2,76.5122358166666,77.8122358166666,94.4097140959266,226.882826973167,222.077341262371,551.256608573793,441.005286859035,431.664586054749
2025,Dairy cattle,5,lwr,5475.785967306,20,6.5,5.2,76.4540987358346,77.7540987358346,92.2133541973091,221.819880064409,217.116013874607,517.830924983537,414.26473998683,405.479928167955
2025,Dairy cattle,5,upr,5922.5414326939,20,6.5,5.2,76.5703728974987,77.8703728974987,96.606073994544,231.936012581283,227.029356378034,585.621950309926,468.497560247941,458.586393652404
2025,Dairy cattle,10,fit,5743.8678666667,20,6.5,5.2,76.4629542405555,77.7629542405555,94.815346560576,228.045242125968,223.210242542503,558.427129261232,446.741703408986,437.269916452318
2025,Dairy cattle,10,lwr,5620.66097549804,20,6.5,5.2,76.4111436307086,77.7111436307086,93.2458440090629,224.46469507095,219.700535877442,537.868964246306,430.295171397044,421.162355672569
2025,Dairy cattle,10,upr,5867.07475783535,20,6.5,5.2,76.5147648504024,77.8147648504024,96.3848491120891,231.619639489634,226.714080632671,579.346057284302,463.476845827442,453.660696596505
2025,Dairy cattle,15,fit,6033.73975238096,20,6.5,5.2,76.5967137350794,77.8967137350794,95.3191526062767,228.745870551847,223.909315817964,588.411144057611,470.728915246089,460.775921743227
2025,Dairy cattle,15,lwr,5730.92581046606,20,6.5,5.2,76.4726990927775,77.7726990927775,94.2816521925914,226.724710027258,221.918671050494,553.942509184545,443.154007347636,433.760168309245
2025,Dairy cattle,15,upr,6336.55369429585,20,6.5,5.2,76.7207283773812,78.0207283773812,96.356653019962,230.758948911105,225.892204354165,623.379797948586,498.703838358868,488.186091583236
2026,Dairy cattle,5,fit,5596.40739999994,20,6.5,5.2,76.5232229666666,77.8232229666666,95.1244622759377,228.558574404235,223.718687646903,545.315563960333,436.252451168266,427.014502135874
2026,Dairy cattle,5,lwr,5310.66164423049,20,6.5,5.2,76.4488537629853,77.7488537629853,92.314869253378,222.083542329834,217.373577048461,502.812494165556,402.249995332445,393.719045706135
2026,Dairy cattle,5,upr,5882.15315576938,20,6.5,5.2,76.597592170348,77.897592170348,97.9340552984975,235.017645845747,230.04857150133,589.356194082313,471.48495526585,461.516155746311
2026,Dairy cattle,10,fit,5655.15142424245,20,6.5,5.2,76.4561676688384,77.7561676688384,95.7216516287199,230.251153242737,225.368702923108,555.120294338379,444.096235470703,434.679223758566
2026,Dairy cattle,10,lwr,5514.04385078163,20,6.5,5.2,76.3968295152199,77.6968295152199,93.9241166492729,226.151608016798,221.350230575519,531.631796706829,425.305437365463,416.275866669384
2026,Dairy cattle,10,upr,5796.25899770326,20,6.5,5.2,76.5155058224568,77.8155058224568,97.5191866081669,234.342634836276,229.379480165158,579.082104592892,463.265683674313,453.454156021637
2026,Dairy cattle,15,fit,6004.33238809524,20,6.5,5.2,76.6181176523115,77.9181176523115,96.3386499383248,231.110030519568,226.22563188144,591.595106894764,473.276085515811,463.273624513339
2026,Dairy cattle,15,lwr,5671.83700405019,20,6.5,5.2,76.4819472505836,77.7819472505836,95.1994550376087,228.896442042227,224.045289473809,553.482426440672,442.785941152538,433.401688009427
2026,Dairy cattle,15,upr,6336.82777214028,20,6.5,5.2,76.7542880540394,78.0542880540394,97.4778448390409,233.313909866068,228.396655660221,630.30911519271,504.247292154168,493.619926989548
2027,Dairy cattle,5,fit,5493.65109999993,20,6.5,5.2,76.5342101166666,77.8342101166666,95.8392104559489,230.233709437022,225.359450121497,539.22626409675,431.3810112774,422.248278638462
2027,Dairy cattle,5,lwr,5143.6854510994,20,6.5,5.2,76.4431268158684,77.7431268158684,92.3981758108713,222.305233961143,217.590011749799,487.489361882342,389.991489505873,381.719545113081
2027,Dairy cattle,5,upr,5843.61674890047,20,6.5,5.2,76.6252934174648,77.9252934174648,99.2802451010265,238.138262547472,233.106065635556,593.269413233632,474.615530586906,464.586235916585
2027,Dairy cattle,10,fit,5566.4349818182,20,6.5,5.2,76.4493810971212,77.7493810971212,96.6279566968637,232.457565549923,227.527640623658,551.647784594544,441.318227675635,431.958817385477
2027,Dairy cattle,10,lwr,5406.96296310024,20,6.49999999999999,5.19999999999999,76.3823203794542,77.6823203794542,94.5964815261271,227.825848065077,222.987480153514,525.16701728482,420.133613827856,411.211180254238
2027,Dairy cattle,10,upr,5725.90700053615,20,6.5,5.2,76.5164418147882,77.8164418147882,98.6594318676004,237.078987578147,232.057976060962,578.733212347886,462.986569878309,453.181142061156
2027,Dairy cattle,15,fit,5974.92502380953,20,6.5,5.2,76.6395215695437,77.9395215695437,97.3581472703725,233.472513185537,228.540348051034,594.715517777343,475.772414221874,465.721603180497
2027,Dairy cattle,15,lwr,5612.11855215518,20,6.5,5.2,76.4909375429216,77.7909375429216,96.1151005927697,231.063313492331,226.167141533987,552.839271449124,442.271417159299,432.899800012709
2027,Dairy cattle,15,upr,6337.73149546388,20,6.5,5.2,76.7881055961657,78.0881055961657,98.6011939479752,235.870194531779,230.902498247767,637.305921261572,509.844737009257,499.106823257621
2028,Dairy cattle,5,fit,5390.89479999995,20,6.5,5.2,76.5451972666666,77.8451972666666,96.5539586359598,231.908232451672,226.999629039072,532.988790339825,426.39103227186,417.36597760267
2028,Dairy cattle,5,lwr,4975.71584235174,20,6.5,5.2,76.4371413188804,77.7371413188804,92.4717146166883,222.504427388851,217.784399166779,471.992697812287,377.59415824983,369.584182428926
2028,Dairy cattle,5,upr,5806.07375764816,20,6.5,5.2,76.6532532144528,77.9532532144528,100.636202655231,241.278395123156,236.182762112886,597.230579579158,477.784463663326,467.693985883108
2028,Dairy cattle,10,fit,5477.71853939397,20,6.5,5.2,76.442594525404,77.742594525404,97.5342617650074,234.664479240354,229.687055822969,548.009543611879,438.407634889503,429.108654339386
2028,Dairy cattle,10,lwr,5299.56166910998,20,6.49999999999999,5.19999999999999,76.3676765073429,77.6676765073429,95.2647648251199,229.491590229139,224.616376745041,518.498826764783,414.799061411826,405.987261487623
2028,Dairy cattle,10,upr,5655.87540967796,20,6.5,5.2,76.5175125434651,77.8175125434651,99.8037587048949,239.824523428213,234.745476859531,578.27507899187,462.620063193496,452.822612912021
2028,Dairy cattle,15,fit,5945.51765952382,20,6.5,5.2,76.6609254867758,77.9609254867758,98.3776446024206,235.833320572519,230.853466205429,597.772444918007,478.217955934405,468.119909693529
2028,Dairy cattle,15,lwr,5551.91589402081,20,6.5,5.2,76.4997295330837,77.7997295330837,97.0290871616558,233.226320298267,228.285207330047,552.028488735387,441.622790988309,432.266608132004
2028,Dairy cattle,15,upr,6339.11942502683,20,6.5,5.2,76.8221214404679,78.1221214404679,99.7262020431853,238.426813095956,233.408757694597,644.354817692849,515.483854154279,504.63471137095
2029,Dairy cattle,5,fit,5288.13849999994,20,6.5,5.2,76.5561844166666,77.8561844166666,97.268706815971,233.582143828005,228.639224752252,526.603223978992,421.282579183193,412.367661018644
2029,Dairy cattle,5,lwr,4807.15672141504,20,6.5,5.2,76.4310023933596,77.7310023933596,92.5394570482828,222.69028398323,217.965716609258,456.384201965936,365.107361572749,357.361292468928
2029,Dairy cattle,5,upr,5769.12027858484,20,6.5,5.2,76.6813664399735,77.9813664399735,101.997956583659,244.428887058997,239.269688134059,601.178134278878,480.942507423102,470.791178351037
2029,Dairy cattle,10,fit,5389.00209696972,20,6.5,5.2,76.4358079536868,77.7358079536868,98.4405668331513,236.871894506961,231.84694869995,544.205514943591,435.364411954873,426.128691605153
2029,Dairy cattle,10,lwr,5191.93108359074,20,6.49999999999999,5.19999999999999,76.352936214213,77.652936214213,95.9301272352218,231.151488156337,226.239521309823,511.642562426733,409.314049941387,400.616130411814
2029,Dairy cattle,10,upr,5586.0731103487,20,6.5,5.2,76.5186796931607,77.8186796931607,100.951006431081,242.576589466284,237.439382274971,577.692266340164,462.153813072131,452.366471691701
2029,Dairy cattle,15,fit,5916.1102952381,20,6.5,5.2,76.6823294040079,77.9823294040079,99.3971419344687,238.192454699912,233.164988220251,600.765956419486,480.612765135589,470.468595919733
2029,Dairy cattle,15,lwr,5491.334328157,20,6.5,5.2,76.5083663450984,77.8083663450984,97.9417755177728,235.386183199582,230.400196159053,551.061290449531,440.849032359625,431.510899032099
2029,Dairy cattle,15,upr,6340.8862623192,20,6.5,5.2,76.8562924629175,78.1562924629175,100.852508351165,240.9830509114,235.914730365882,651.444638369316,521.155710695453,510.194839439395
2030,Dairy cattle,5,fit,5185.38219999994,20,6.5,5.2,76.5671715666666,77.8671715666666,97.9834549959821,235.255443945513,230.278237613369,520.069646236412,416.05571698913,407.253390826582
2030,Dairy cattle,5,lwr,4638.22073499998,20,6.5,5.2,76.424765383493,77.724765383493,92.6034939528588,222.867626870096,218.138690305598,440.696350608964,352.557080487171,345.076316715409
2030,Dairy cattle,5,upr,5732.54366499989,20,6.5,5.2,76.7095777498401,78.0095777498401,103.363416039105,247.584920074927,242.362121971579,605.079741915386,484.063793532309,473.85247911948
2030,Dairy cattle,10,fit,5300.28565454547,20,6.5,5.2,76.4290213819697,77.7290213819697,99.3468719012951,239.079811542776,234.007319433601,540.235642113935,432.188513691148,423.018886146154
2030,Dairy cattle,10,lwr,5084.13138924294,20,6.49999999999999,5.19999999999999,76.3381248079217,77.6381248079217,96.5933354091815,232.807294776517,227.858631963079,504.608314641556,403.686651713245,395.10569584787
2030,Dairy cattle,10,upr,5516.439919848,20,6.5,5.2,76.5199179560176,77.8199179560176,102.100408393409,245.333433490517,240.137974866648,576.974582985291,461.579666388233,451.804732641048
2030,Dairy cattle,15,fit,5886.70293095239,20,6.5,5.2,76.7037333212401,78.0037333212401,100.416639266516,240.549917583757,235.474915968085,603.696120274819,482.956896219855,472.767713645047
2030,Dairy cattle,15,lwr,5430.45151661806,20,6.5,5.2,76.5168797847398,77.8168797847398,98.8534317466677,237.54343360652,232.512630997843,549.945968655587,439.95677492447,430.639170739875
2030,Dairy cattle,15,upr,6342.95434528671,20,6.50000000000001,5.20000000000001,76.8905868577403,78.1905868577403,101.979846786365,243.538382644203,238.419898932483,658.567137229493,526.853709783594,515.780744188983
2025,Non-dairy cattle,5,fit,3585.29249999995,20,6.5,5.2,70.345770725,71.645770725,62.2098578782002,166.922881898288,162.876336576018,255.141743649752,204.113394919801,199.165276998324
2025,Non-dairy cattle,5,lwr,3320.68401798729,20,6.5,5.2,70.345770725,71.645770725,59.8284431639811,160.53301667997,156.641374501685,227.265216659116,181.812173327293,177.404681729121
2025,Non-dairy cattle,5,upr,3849.90098201262,20,6.5,5.2,70.345770725,71.645770725,64.5912725924193,173.312747116607,169.111298650351,284.459942784471,227.567954227577,222.051250764241
2025,Non-dairy cattle,10,fit,3857.15400000001,20,6.5,5.2,70.345770725,71.645770725,60.8855646204008,163.36950861293,159.409104183284,268.645168279225,214.91613462338,209.706136632987
2025,Non-dairy cattle,10,lwr,3632.64883095224,20,6.5,5.2,70.345770725,71.645770725,59.4902882486358,159.625671848737,155.756025528304,247.21066743463,197.768533947704,192.974228177054
2025,Non-dairy cattle,10,upr,4081.65916904778,20,6.5,5.2,70.345770725,71.645770725,62.2808409921659,167.113345377123,163.062182838263,290.796330992324,232.637064793859,226.997475927295
2025,Non-dairy cattle,15,fit,3746.37,20,6.5,5.2,70.3437596793651,71.6437596793651,59.0622755751768,158.483328612243,154.641194591265,253.125153294961,202.500122635968,197.590883176875
2025,Non-dairy cattle,15,lwr,3577.99839008784,20,6.5,5.2,70.3414761638224,71.6414761638224,57.3078336921653,153.78232171502,150.053956102307,234.578176839523,187.662541471618,183.112769049052
2025,Non-dairy cattle,15,upr,3914.74160991216,20,6.5,5.2,70.3460431949077,71.6460431949077,60.8167174581884,163.183924003739,159.228043681275,272.346329559976,217.877063647981,212.595320399905
2026,Non-dairy cattle,5,fit,3513.58939999994,20,6.5,5.2,70.345770725,71.645770725,63.1469771354157,169.437381246656,165.329879418841,253.805653184945,203.044522547956,198.122316235764
2026,Non-dairy cattle,5,lwr,3175.10109248672,20,6.5,5.2,70.345770725,71.645770725,60.100661197348,161.263438194889,157.354089134654,218.29034372526,174.632274980208,170.398838513006
2026,Non-dairy cattle,5,upr,3852.07770751316,20,6.5,5.2,70.345770725,71.645770725,66.1932930734834,177.611324298424,173.305669703028,291.680062516767,233.344050013414,227.687322407688
2026,Non-dairy cattle,10,fit,3880.10130909092,20,6.5,5.2,70.345770725,71.645770725,61.3940353762605,164.733848716315,160.740369947186,272.500286132486,218.000228905989,212.71546628686
2026,Non-dairy cattle,10,lwr,3622.97786953934,20,6.5,5.2,70.345770725,71.645770725,59.7960398318598,160.446071334565,156.55653688577,247.819696697654,198.255757358123,193.449640315167
2026,Non-dairy cattle,10,upr,4137.22474864249,20,6.5,5.2,70.345770725,71.645770725,62.9920309206612,169.021626098064,164.924203008601,298.120912563668,238.496730050934,232.715091150448
2026,Non-dairy cattle,15,fit,3746.2732,20,6.5,5.2,70.3433561067163,71.6433561067163,59.1673360282307,158.76646841367,154.917433926827,253.570824271008,202.856659416806,197.938730046817
2026,Non-dairy cattle,15,lwr,3561.39801642684,20,6.5,5.2,70.3408487638491,71.6408487638491,57.2409259561324,153.604626266191,149.880514225151,233.220037521195,186.576030016956,182.052533187171
2026,Non-dairy cattle,15,upr,3931.14838357315,20,6.5,5.2,70.3458634495834,71.6458634495834,61.0937461003289,163.927814424096,159.953884144961,274.734460915754,219.787568732604,214.4594889468
2027,Non-dairy cattle,5,fit,3441.88629999996,20,6.5,5.2,70.345770725,71.645770725,64.0840963926312,171.951880595024,167.783422261664,252.315832054448,201.852665643559,196.959352332292
2027,Non-dairy cattle,5,lwr,3027.32448134713,20,6.5,5.2,70.345770725,71.645770725,60.3531365708443,161.940885763325,158.015114015811,209.004932611965,167.203946089572,163.150587207797
2027,Non-dairy cattle,5,upr,3856.44811865278,20,6.5,5.2,70.345770725,71.645770725,67.8150562144181,181.962875426723,177.551730507517,299.165381305135,239.332305044108,233.530410130536
2027,Non-dairy cattle,10,fit,3903.04861818183,20,6.5,5.2,70.345770725,71.645770725,61.9025061321199,166.098188819699,162.071635711087,276.382098711192,221.105678968954,215.745634014156
2027,Non-dairy cattle,10,lwr,3612.46184839105,20,6.49999999999999,5.19999999999999,70.3457707249999,71.6457707249999,60.0965394563579,161.252378647287,157.34329769266,248.342158341656,198.673726673325,193.857477216178
2027,Non-dairy cattle,10,upr,4193.63538797261,20,6.5,5.2,70.3457707250001,71.6457707250001,63.708472807882,170.94399899211,166.799973729515,305.622680392897,244.498144314318,238.571019099803
2027,Non-dairy cattle,15,fit,3746.1764,20,6.5,5.2,70.3429525340675,71.6429525340675,59.2723964812846,159.049612598855,155.193677409853,254.01647887892,203.213183103136,198.28656397598
2027,Non-dairy cattle,15,lwr,3544.44754520321,20,6.5,5.2,70.3402166157284,71.6402166157284,57.1703701833114,153.417150979003,149.69752933555,231.826735366774,185.461388293419,180.96484935029
2027,Non-dairy cattle,15,upr,3947.90525479679,20,6.5,5.2,70.3456884524065,71.6456884524065,61.3744227792577,164.68148349181,160.689266492567,277.174035242026,221.739228193621,216.363814410459
2028,Non-dairy cattle,5,fit,3370.18319999994,20,6.5,5.2,70.345770725,71.645770725,65.0212156498469,174.466379943393,170.236965104488,250.672280258256,200.537824206604,195.676385287907
2028,Non-dairy cattle,5,lwr,2878.37109132654,20,6.5,5.2,70.345770725,71.645770725,60.5950212084688,162.589916032423,158.64841048994,199.517706303881,159.614165043105,155.74479767071
2028,Non-dairy cattle,5,upr,3861.99530867334,20,6.5,5.2,70.345770725,71.645770725,69.447410091225,186.342843854363,181.825519719036,306.807176164918,245.445740931934,239.495644075564
2028,Non-dairy cattle,10,fit,3925.99592727274,20,6.5,5.2,70.345770725,71.645770725,62.4109768879796,167.462528923084,163.402901474989,280.290606015344,224.232484812275,218.796639814877
2028,Non-dairy cattle,10,lwr,3601.36198918093,20,6.49999999999999,5.19999999999999,70.3457707249999,71.6457707249999,60.393410587775,162.048949906228,158.120558467231,248.802104771539,199.041683817231,194.216514341196
2028,Non-dairy cattle,10,upr,4250.62986536454,20,6.5,5.2,70.345770725,71.645770725,64.4285431881842,172.87610793994,168.685244482748,313.277582075112,250.62206566009,244.546484314252
2028,Non-dairy cattle,15,fit,3746.0796,20,6.5,5.2,70.3425489614186,71.6425489614186,59.3774569343384,159.332761167911,155.469925040448,254.462117118339,203.569693694671,198.634384964085
2028,Non-dairy cattle,15,lwr,3527.22784402426,20,6.5,5.2,70.3395808162155,71.6395808162155,57.0970090188331,153.222153497403,149.50720444684,230.407243658757,184.325794927005,179.856722268592
2028,Non-dairy cattle,15,upr,3964.93135597574,20,6.5,5.2,70.3455171066218,71.6455171066218,61.6579048498437,165.442673562733,161.431987710573,279.65607950586,223.724863604688,218.30129224965
2029,Non-dairy cattle,5,fit,3298.48009999993,20,6.5,5.2,70.345770725,71.645770725,65.9583349070624,176.980879291761,172.690507947311,248.87499779637,199.099998237096,194.273415102608
2029,Non-dairy cattle,5,lwr,2728.71937778202,20,6.5,5.2,70.345770725,71.645770725,60.8306210970082,163.222082922225,159.265252386897,189.879833901023,151.903867120818,148.221412828499
2029,Non-dairy cattle,5,upr,3868.24082221783,20,6.5,5.2,70.345770725,71.645770725,71.0860487171166,190.739675661296,186.115763507725,314.554277996102,251.643422396882,245.543081316018
2029,Non-dairy cattle,10,fit,3948.94323636364,20,6.5,5.2,70.345770725,71.645770725,62.9194476438393,168.826869026469,164.734167238891,284.225808044941,227.380646435953,221.868483689021
2029,Non-dairy cattle,10,lwr,3589.84431946541,20,6.49999999999999,5.19999999999999,70.3457707249999,71.6457707249999,60.6876850701771,162.838553778461,158.891020758518,249.214842475615,199.371873980492,194.538700032898
2029,Non-dairy cattle,10,upr,4308.04215326188,20,6.5,5.2,70.3457707250001,71.6457707250001,65.1512102175014,174.815184274476,170.577313719265,321.070311121998,256.856248897598,250.629538451119
2029,Non-dairy cattle,15,fit,3745.9828,20,6.5,5.2,70.3421453887698,71.6421453887698,59.4825173873923,159.615914120954,155.746176818718,254.907738988903,203.926191191123,198.982193010858
2029,Non-dairy cattle,15,lwr,3509.79746131589,20,6.5,5.2,70.3389421593649,71.6389421593649,57.0214525406711,153.02126836491,149.311134549709,228.968060473289,183.174448378631,178.733224473795
2029,Non-dairy cattle,15,upr,3982.16813868411,20,6.5,5.2,70.3453486181748,71.6453486181748,61.9435822341135,166.209750093142,162.180452808101,282.174095880692,225.739276704553,220.266850121619
2030,Non-dairy cattle,5,fit,3226.77699999994,20,6.5,5.2,70.345770725,71.645770725,66.8954541642779,179.495378640128,175.144050790134,246.923984668793,197.539187735034,192.750441776398
2030,Non-dairy cattle,5,lwr,2578.62123745654,20,6.5,5.2,70.345770725,71.645770725,61.0622032484857,163.843469330092,159.871575142414,180.118260063721,144.094608050977,140.601465855359
2030,Non-dairy cattle,5,upr,3874.93276254335,20,6.5,5.2,70.345770725,71.645770725,72.7287050800701,195.147287950165,190.416526437854,322.379742138364,257.903793710691,251.651688677711
2030,Non-dairy cattle,10,fit,3971.89054545455,20,6.5,5.2,70.345770725,71.645770725,63.4279183996987,170.191209129853,166.065433002793,288.187704799982,230.550163839986,224.961165636589
2030,Non-dairy cattle,10,lwr,3578.01850297511,20,6.49999999999999,5.19999999999999,70.3457707249999,71.6457707249999,60.980044452291,163.623019010772,159.656468980817,249.59049140476,199.672393123808,194.831933989667
2030,Non-dairy cattle,10,upr,4365.76258793399,20,6.5,5.2,70.3457707250001,71.6457707250001,65.8757923471063,176.759399248933,172.474397024769,328.990747582677,263.192598066142,256.812281812018
2030,Non-dairy cattle,15,fit,3745.886,20,6.5,5.2,70.341741816121,71.641741816121,59.5875778404462,159.899071458098,156.022432744766,255.353344490254,204.282675592203,199.329988116021
2030,Non-dairy cattle,15,lwr,3492.19957899049,20,6.5,5.2,70.338301230825,71.638301230825,56.9441507068422,152.81570112663,149.110496017349,227.513979269334,182.011183415468,177.598097837446
2030,Non-dairy cattle,15,upr,3999.57242100951,20,6.50000000000001,5.20000000000001,70.3451824014171,71.6451824014171,62.2310049740501,166.981507537729,162.933485411775,284.723291157145,227.778632925716,222.256746343786
2025,Cattle,10,fit,9601.02186666671,20,6.5,5.2,74.0054117837805,75.3054117837805,81.1842564592146,202.062147025555,197.578510895145,827.072297540457,661.657838032366,646.976053085305
2025,Cattle,10,lwr,9253.30980645028,20,6.5,5.2,74.0300097168897,75.3300097168897,79.9941445916521,199.010300174967,194.597307343616,785.079631680935,628.063705344748,614.136583849624
2025,Cattle,10,upr,9948.73392688313,20,6.5,5.2,73.9838165286556,75.2838165286556,82.3930247787616,205.154693421053,200.599667063141,870.142388276626,696.113910621301,680.6581725238
2025,Cattle,15,fit,9780.10975238096,20,6.5,5.2,74.2014564139636,75.5014564139636,81.4305889968618,201.831092915308,197.37546109748,841.536297352572,673.229037882058,658.366804920102
2025,Cattle,15,lwr,9308.9242005539,20,6.5,5.2,74.1160888877266,75.4160888877266,80.0703147469548,198.688414712401,194.296592618119,788.520686024067,630.816548819254,616.872937358296
2025,Cattle,15,upr,10251.295304208,20,6.5,5.2,74.2863779276702,75.5863779276702,82.7847423073556,204.953550281419,200.434644511078,895.726127508562,716.580902006849,700.781411983141
2025,Cattle,5,fit,9284.4561999999,20,6.5,5.2,74.1309890782024,75.4309890782024,81.9753937101519,203.728650062152,199.21623733531,806.398352223545,645.118681778836,630.829863053074
2025,Cattle,5,lwr,8796.46998529329,20,6.5,5.2,74.1481933856072,75.4481933856072,79.9879891733725,198.683973491257,194.286723398433,745.096141642653,596.076913314122,582.884609897075
2025,Cattle,5,upr,9772.44241470652,20,6.5,5.2,74.1181607483151,75.4181607483151,83.9936880498088,208.841093450156,204.212257247677,870.081893094397,696.065514475518,680.637644416645
2026,Cattle,10,fit,9535.25273333337,20,6.5,5.2,73.9697145203056,75.2697145203056,81.7529994614295,203.590739914373,199.070031414631,827.620580470865,662.096464376692,647.394690045425
2026,Cattle,10,lwr,9137.02172032097,20,6.5,5.2,73.9974861892113,75.2974861892113,80.3917785609836,200.098292987842,195.658476138557,779.451493404483,623.561194723586,609.725506984551
2026,Cattle,10,upr,9933.48374634575,20,6.5,5.2,73.9458553967281,75.2458553967281,83.1388738540307,207.136903105206,202.5343194298,877.203017156559,701.762413725248,686.169247172085
2026,Cattle,15,fit,9750.60558809524,20,6.5,5.2,74.2072960061817,75.5072960061817,82.0570860034456,203.314962258295,198.828360140306,845.165931165771,676.132744932617,661.212354560156
2026,Cattle,15,lwr,9233.23502047703,20,6.5,5.2,74.1132329353047,75.4132329353047,80.5582778253486,199.855253037152,195.438816999802,786.702463961868,629.361971169494,615.454221196597
2026,Cattle,15,upr,10267.9761557134,20,6.5,5.2,74.3007891713955,75.6007891713955,83.5480023096671,206.749080263558,202.192982557633,905.043576108465,724.034860886772,708.079415936348
2026,Cattle,5,fit,9109.99679999988,20,6.5,5.2,74.14067210613,75.44067210613,82.791224921958,205.756415176932,201.198998323988,799.121217145278,639.296973716223,625.136818371638
2026,Cattle,5,lwr,8485.76273671721,20,6.5,5.2,74.1652752300153,75.4652752300153,80.2613426151981,199.326604023222,194.916203732913,721.102837890815,576.882270312652,564.117884219141
2026,Cattle,5,upr,9734.23086328254,20,6.5,5.2,74.1235906432405,75.4235906432405,85.3734447783951,212.300533974393,207.593991355576,881.03625659908,704.829005279264,689.203478153999
2027,Cattle,10,fit,9469.48360000003,20,6.5,5.2,73.9336485571939,75.2336485571939,82.3151253358733,205.106140214511,200.548559153396,828.029883305736,662.423906644589,647.704451399632
2027,Cattle,10,lwr,9019.42481149129,20,6.49999999999999,5.19999999999999,73.9645602918208,75.2645602918208,80.7785577556493,201.161828638873,196.695658927117,773.509175626475,618.80734050118,605.068657470416
2027,Cattle,10,upr,9919.54238850876,20,6.5,5.2,73.9076980203514,75.2076980203514,83.8833894842126,209.119428794583,204.469176375748,884.355892740783,707.484714192627,691.752161160959
2027,Cattle,15,fit,9721.10142380953,20,6.5,5.2,74.2130415552628,75.5130415552628,82.6812156592166,204.792500330768,200.275077008642,848.731996656263,678.98559732501,664.008167156476
2027,Cattle,15,lwr,9156.56609735839,20,6.5,5.2,74.1100332323079,75.4100332323079,81.0398472029396,201.006985914003,196.566248976941,784.666006815898,627.732805452719,613.864649362999
2027,Cattle,15,upr,10285.6367502607,20,6.5,5.2,74.3153318522557,75.6153318522558,84.3125534792777,208.546044046902,203.952763065296,914.479956503597,731.583965202878,715.470637668079
2027,Cattle,5,fit,8935.53739999989,20,6.5,5.2,74.1504805426001,75.4504805426001,83.6074344410591,207.784088418121,203.181697108099,791.542096151198,633.233676920958,619.207630970755
2027,Cattle,5,lwr,8171.00993244653,20,6.5,5.2,74.1840822769456,75.4840822769456,80.5256248533893,199.940499294238,195.517765127299,696.494294494306,557.195435595445,544.870132320877
2027,Cattle,5,upr,9700.06486755325,20,6.5,5.2,74.1287478990531,75.4287478990531,86.7706515940067,215.804652521723,211.019366823451,892.434794538768,713.947835631014,698.116646047122
2028,Cattle,10,fit,9403.71446666671,20,6.5,5.2,73.897206158442,75.197206158442,82.870495242912,206.608057048294,202.01380809354,828.300149627223,662.640119701778,647.905294154262
2028,Cattle,10,lwr,8900.92365829091,20,6.49999999999999,5.19999999999999,73.9311807660545,75.2311807660545,81.1556257646293,202.203932157531,197.711808008276,767.300931536322,613.840745229057,600.203775828819
2028,Cattle,10,upr,9906.5052750425,20,6.5,5.2,73.8693748433845,75.1693748433845,84.6251519819108,211.098658311055,206.400708562573,891.552661066982,713.242128853585,697.369097226274
2028,Cattle,15,fit,9691.59725952382,20,6.5,5.2,74.218692202319,75.518692202319,83.3029563433717,206.263665819008,201.71557095742,852.234562036345,681.787649629077,666.754294657615
2028,Cattle,15,lwr,9079.14373804507,20,6.5,5.2,74.1065249860053,75.4065249860053,81.515560560584,202.144873311645,197.680122392147,782.435732394143,625.948585915315,612.123330400596
2028,Cattle,15,upr,10304.0507810026,20,6.5,5.2,74.329966447321,75.629966447321,85.0777702353019,210.342993491951,205.712567305312,924.010897198709,739.208717758967,722.936003620601
2028,Cattle,5,fit,8761.07799999989,20,6.5,5.2,74.1604218793959,75.4604218793959,84.4240448671616,209.81168607915,205.164350734327,783.661070598081,626.928856478465,613.042362890576
2028,Cattle,5,lwr,7854.08693367828,20,6.5,5.2,74.2047717039224,75.5047717039224,80.7895224576148,200.546916745595,196.112202041669,671.510404116168,537.208323292935,525.328980099637
2028,Cattle,5,upr,9668.0690663215,20,6.5,5.2,74.1336738013659,75.4336738013659,88.1775648715018,219.333905502315,214.469283063719,904.037755744075,723.23020459526,707.189629958672
2029,Cattle,10,fit,9337.94533333336,20,6.5,5.2,73.8603793701013,75.1603793701013,83.4189664314034,208.096191335923,203.465484152482,828.431322988532,662.745058390826,647.997175294174
2029,Cattle,10,lwr,8781.77540305615,20,6.49999999999999,5.19999999999999,73.8973064676317,75.1973064676318,81.5236006499205,203.226292149037,198.708569875506,760.857404902349,608.685923921879,595.154830444713
2029,Cattle,10,upr,9894.11526361058,20,6.5,5.2,73.8309050579803,75.1309050579803,85.363252795997,213.072284922328,208.326662024818,898.762577462161,719.010061969729,702.996010142819
2029,Cattle,15,fit,9662.0930952381,20,6.5,5.2,74.2242470779721,75.5242470779722,83.9222861710218,207.728416877988,203.149800719158,855.673695408389,684.538956326711,669.450788930591
2029,Cattle,15,lwr,9001.13178947289,20,6.5,5.2,74.1027322702599,75.4027322702599,81.9857769766529,203.2697587599,198.781263203331,780.029350922819,624.023480738255,610.244123505895
2029,Cattle,15,upr,10323.0544010033,20,6.5,5.2,74.3446643997373,75.6446643997373,85.8432020087827,212.138888653205,207.471376353242,933.618734250007,746.894987400006,730.461689561014
2029,Cattle,5,fit,8586.61859999987,20,6.5,5.2,74.1705042171606,75.4705042171606,85.2410806366583,211.839225759228,207.146977617666,775.478221775362,620.382577420289,606.641076121252
2029,Cattle,5,lwr,7535.87609919706,20,6.5,5.2,74.2275572526526,75.5275572526526,81.0577774176459,201.157016920321,196.710444879748,646.264035866959,517.011228693567,505.582705297428
2029,Cattle,5,upr,9637.36110080267,20,6.5,5.2,74.1383871200757,75.4383871200757,89.5905451925847,222.879129083863,217.934783386788,915.73241227498,732.585929819984,716.334259667055
2030,Cattle,10,fit,9272.17620000002,20,6.5,5.2,73.8231600125484,75.1231600125484,83.9603920999717,209.570235504578,204.903284896933,828.423346913917,662.738677531134,647.980051782742
2030,Cattle,10,lwr,8662.14989221805,20,6.49999999999999,5.19999999999999,73.8629016760368,75.1629016760368,81.8827825347655,204.229791283169,199.68680347594,754.198806046316,603.359044837053,589.937629837537
2030,Cattle,10,upr,9882.20250778199,20,6.5,5.2,73.7923012154837,75.0923012154837,86.0970859182134,215.038774687496,210.245537783395,905.965330567967,724.772264454374,708.617014453066
2030,Cattle,15,fit,9632.58893095239,20,6.5,5.2,74.2297053021924,75.5297053021924,84.5391829891481,209.186711123291,204.577724496006,859.049464765073,687.239571812058,672.097701761068
2030,Cattle,15,lwr,8922.65109560855,20,6.5,5.2,74.0986714301219,75.3986714301219,82.4507312448959,204.382196153145,199.870213677599,777.459947924922,621.967958339937,608.23726857732
2030,Cattle,15,upr,10342.5267662962,20,6.50000000000001,5.20000000000001,74.3594047066654,75.6594047066654,86.6085187664389,213.932970617392,209.228446543672,943.290428386638,754.63234270931,738.03749053277
2030,Cattle,5,fit,8412.15919999988,20,6.5,5.2,74.1807363285329,75.4807363285329,86.058568213083,213.866726498759,209.129597683335,766.993630905205,613.594904724164,600.00383260298
2030,Cattle,5,lwr,7216.84197245652,20,6.5,5.2,74.2527038656434,75.5527038656433,81.3336002268358,201.777938785402,197.319498035829,620.814610672686,496.651688538148,485.677782570768
2030,Cattle,5,upr,9607.47642754324,20,6.5,5.2,74.1428970485103,75.4428970485103,91.0076797475339,226.435526657951,221.411179076065,927.45948405375,741.967587243,725.504167797191
2025,Dairy cattle,5,fit,5699.16369999995,30,6.5,4.55,76.5122358166666,78.4622358166666,94.4097140959266,226.882826973167,219.759671349128,551.256608573793,385.879626001655,373.764647248852
2025,Dairy cattle,5,lwr,5475.785967306,30,6.5,4.55,76.4540987358346,78.4040987358346,92.2133541973091,221.819880064409,214.847451835049,517.830924983537,362.481647488476,351.087820790709
2025,Dairy cattle,5,upr,5922.5414326939,30,6.5,4.55,76.5703728974987,78.5203728974987,96.606073994544,231.936012581283,224.662791171467,585.621950309926,409.935365216948,397.080308161537
2025,Dairy cattle,10,fit,5743.8678666667,30,6.5,4.55,76.4629542405555,78.4129542405555,94.815346560576,228.045242125968,220.878422789142,558.427129261232,390.898990482863,378.614136751115
2025,Dairy cattle,10,lwr,5620.66097549804,30,6.5,4.55,76.4111436307086,78.3611436307086,93.2458440090629,224.46469507095,217.402968765314,537.868964246306,376.508274972414,364.663212260783
2025,Dairy cattle,10,upr,5867.07475783535,30,6.5,4.55,76.5147648504024,78.4647648504024,96.3848491120891,231.619639489634,224.348141369884,579.346057284302,405.542240099011,392.810592459559
2025,Dairy cattle,15,fit,6033.73975238096,30,6.5,4.55,76.5967137350794,78.5467137350794,95.3191526062767,228.745870551847,221.576516677324,588.411144057611,411.887800840328,398.978411946447
2025,Dairy cattle,15,lwr,5730.92581046606,30,6.5,4.55,76.4726990927775,78.4226990927775,94.2816521925914,226.724710027258,219.600801755083,553.942509184545,387.759756429182,375.575972243901
2025,Dairy cattle,15,upr,6336.55369429585,30,6.5,4.55,76.7207283773812,78.6707283773812,96.356653019962,230.758948911105,223.544630813907,623.379797948586,436.36585856401,422.723561590077
2026,Dairy cattle,5,fit,5596.40739999994,30,6.5,4.55,76.5232229666666,78.4732229666666,95.1244622759377,228.558574404235,221.384407360808,545.315563960333,381.720894772233,369.739154554434
2026,Dairy cattle,5,lwr,5310.66164423049,30,6.5,4.55,76.4488537629853,78.3988537629853,92.314869253378,222.083542329834,215.102082345337,502.812494165556,351.968745915889,340.904190255318
2026,Dairy cattle,5,upr,5882.15315576938,30,6.5,4.55,76.597592170348,78.547592170348,97.9340552984975,235.017645845747,227.651853079628,589.356194082313,412.549335857619,399.619443283843
2026,Dairy cattle,10,fit,5655.15142424245,30,6.5,4.55,76.4561676688384,78.4061676688384,95.7216516287199,230.251153242737,223.014010442872,555.120294338379,388.584206036865,376.370415359794
2026,Dairy cattle,10,lwr,5514.04385078163,30,6.5,4.55,76.3968295152199,78.3468295152199,93.9241166492729,226.151608016798,219.034739035247,531.631796706829,372.14225769478,360.431141803376
2026,Dairy cattle,10,upr,5796.25899770326,30,6.5,4.55,76.5155058224568,78.4655058224568,97.5191866081669,234.342634836276,226.985761274907,579.082104592892,405.357473215024,392.631817554104
2026,Dairy cattle,15,fit,6004.33238809524,30,6.5,4.55,76.6181176523115,78.5681176523115,96.3386499383248,231.110030519568,223.869719383837,591.595106894764,414.116574826335,401.142958573221
2026,Dairy cattle,15,lwr,5671.83700405019,30,6.5,4.55,76.4819472505836,78.4319472505836,95.1994550376087,228.896442042227,221.705646739807,553.482426440672,387.437698508471,375.266320231209
2026,Dairy cattle,15,upr,6336.82777214028,30,6.5,4.55,76.7542880540394,78.7042880540394,97.4778448390409,233.313909866068,226.0246596667,630.30911519271,441.216380634897,427.431790627582
2027,Dairy cattle,5,fit,5493.65109999993,30,6.5,4.55,76.5342101166666,78.4842101166666,95.8392104559489,230.233709437022,223.008572941643,539.22626409675,377.458384867725,365.613080552109
2027,Dairy cattle,5,lwr,5143.6854510994,30,6.5,4.55,76.4431268158684,78.3931268158684,92.3981758108713,222.305233961143,215.315991366826,487.489361882342,341.242553317639,330.513939572728
2027,Dairy cattle,5,upr,5843.61674890047,30,6.5,4.55,76.6252934174648,78.5752934174648,99.2802451010265,238.138262547472,230.678852213727,593.269413233632,415.288589263543,402.280146348489
2027,Dairy cattle,10,fit,5566.4349818182,30,6.5,4.55,76.4493810971212,78.3993810971212,96.6279566968637,232.457565549923,225.150064136107,551.647784594544,386.153449216181,374.014386891315
2027,Dairy cattle,10,lwr,5406.96296310024,30,6.49999999999999,4.54999999999999,76.3823203794542,78.3323203794542,94.5964815261271,227.825848065077,220.654174758736,525.16701728482,367.616912099374,356.044790595805
2027,Dairy cattle,10,upr,5725.90700053615,30,6.5,4.55,76.5164418147882,78.4664418147882,98.6594318676004,237.078987578147,229.636351270467,578.733212347886,405.11324864352,392.395501685525
2027,Dairy cattle,15,fit,5974.92502380953,30,6.5,4.55,76.6395215695437,78.5895215695437,97.3581472703725,233.472513185537,226.161358836665,594.715517777343,416.30086244414,403.264467626738
2027,Dairy cattle,15,lwr,5612.11855215518,30,6.5,4.55,76.4909375429216,78.4409375429216,96.1151005927697,231.063313492331,223.805770950837,552.839271449124,386.987490014387,374.832474450228
2027,Dairy cattle,15,upr,6337.73149546388,30,6.5,4.55,76.7881055961657,78.7381055961657,98.6011939479752,235.870194531779,228.506110820303,637.305921261572,446.1141448831,432.186052296777
2028,Dairy cattle,5,fit,5390.89479999995,30,6.5,4.55,76.5451972666666,78.4951972666666,96.5539586359598,231.908232451672,224.632168431898,532.988790339825,373.092153237878,361.386478266638
2028,Dairy cattle,5,lwr,4975.71584235174,30,6.5,4.55,76.4371413188804,78.3871413188804,92.4717146166883,222.504427388851,215.508071026197,471.992697812287,330.394888468601,320.006059773134
2028,Dairy cattle,5,upr,5806.07375764816,30,6.5,4.55,76.6532532144528,78.6032532144528,100.636202655231,241.278395123156,233.724900806167,597.230579579158,418.06140570541,404.973518368726
2028,Dairy cattle,10,fit,5477.71853939397,30,6.5,4.55,76.442594525404,78.392594525404,97.5342617650074,234.664479240354,227.28658404116,548.009543611879,383.606680528315,371.546014611553
2028,Dairy cattle,10,lwr,5299.56166910998,30,6.49999999999999,4.54999999999999,76.3676765073429,78.3176765073429,95.2647648251199,229.491590229139,222.265328001228,518.498826764783,362.949178735348,351.520585912717
2028,Dairy cattle,10,upr,5655.87540967796,30,6.5,4.55,76.5175125434651,78.4675125434651,99.8037587048949,239.824523428213,232.295859939479,578.27507899187,404.792555294309,392.085152031324
2028,Dairy cattle,15,fit,5945.51765952382,30,6.5,4.55,76.6609254867758,78.6109254867758,98.3776446024206,235.833320572519,228.451436847509,597.772444918007,418.440711442605,405.342983478715
2028,Dairy cattle,15,lwr,5551.91589402081,30,6.5,4.55,76.4997295330837,78.4497295330837,97.0290871616558,233.226320298267,225.90214676505,552.028488735387,386.419942114771,374.284919321782
2028,Dairy cattle,15,upr,6339.11942502683,30,6.5,4.55,76.8221214404679,78.7721214404679,99.7262020431853,238.426813095956,230.988017373884,644.354817692849,451.048372384994,436.975891780245
2029,Dairy cattle,5,fit,5288.13849999994,30,6.5,4.55,76.5561844166666,78.5061844166666,97.268706815971,233.582143828005,226.255194171565,526.603223978992,368.622256785294,357.059400680601
2029,Dairy cattle,5,lwr,4807.15672141504,30,6.5,4.55,76.4310023933596,78.3810023933596,92.5394570482828,222.69028398323,215.687209688925,456.384201965936,319.468941376155,309.422410871265
2029,Dairy cattle,5,upr,5769.12027858484,30,6.5,4.55,76.6813664399735,78.6313664399735,101.997956583659,244.428887058997,236.781114841275,601.178134278878,420.824693995214,407.657791171281
2029,Dairy cattle,10,fit,5389.00209696972,30,6.5,4.55,76.4358079536868,78.3858079536868,98.4405668331513,236.871894506961,229.42357033043,544.205514943591,380.943860460514,368.965261768275
2029,Dairy cattle,10,lwr,5191.93108359074,30,6.49999999999999,4.54999999999999,76.352936214213,78.302936214213,95.9301272352218,231.151488156337,223.870774250921,511.642562426733,358.149793698713,346.868939727136
2029,Dairy cattle,10,upr,5586.0731103487,30,6.5,4.55,76.5186796931607,78.4686796931607,100.951006431081,242.576589466284,234.961712442836,577.692266340164,404.384586438114,391.690290988255
2029,Dairy cattle,15,fit,5916.1102952381,30,6.5,4.55,76.6823294040079,78.6323294040079,99.3971419344687,238.192454699912,230.739955225159,600.765956419486,420.53616949364,407.378550432136
2029,Dairy cattle,15,lwr,5491.334328157,30,6.5,4.55,76.5083663450984,78.4583663450984,97.9417755177728,235.386183199582,227.995477894598,551.061290449531,385.742903314671,373.631265821189
2029,Dairy cattle,15,upr,6340.8862623192,30,6.5,4.55,76.8562924629175,78.8062924629175,100.852508351165,240.9830509114,233.469681077433,651.444638369316,456.011246858521,441.793727688028
2030,Dairy cattle,5,fit,5185.38219999994,30,6.5,4.55,76.5671715666666,78.5171715666666,97.9834549959821,235.255443945513,227.877650500349,520.069646236412,364.048752365488,352.63190073444
2030,Dairy cattle,5,lwr,4638.22073499998,30,6.5,4.55,76.424765383493,78.374765383493,92.6034939528588,222.867626870096,215.858086759102,440.696350608964,308.487445426275,298.785026313991
2030,Dairy cattle,5,upr,5732.54366499989,30,6.5,4.55,76.7095777498401,78.6595777498401,103.363416039105,247.584920074927,239.842819255492,605.079741915386,423.55581934077,410.311022949285
2030,Dairy cattle,10,fit,5300.28565454547,30,6.5,4.55,76.4290213819697,78.3790213819697,99.3468719012951,239.079811542776,231.561023176406,540.235642113935,378.164949479754,366.27209159113
2030,Dairy cattle,10,lwr,5084.13138924294,30,6.49999999999999,4.54999999999999,76.3381248079217,78.2881248079217,96.5933354091815,232.807294776517,225.472214792414,504.608314641556,353.225820249089,342.096703154778
2030,Dairy cattle,10,upr,5516.439919848,30,6.5,4.55,76.5199179560176,78.4699179560176,102.100408393409,245.333433490517,237.632208145752,576.974582985291,403.882208089703,391.20400172791
2030,Dairy cattle,15,fit,5886.70293095239,30,6.5,4.55,76.7037333212401,78.6537333212401,100.416639266516,240.549917583757,233.026915775502,603.696120274819,422.587284192373,409.371212721394
2030,Dairy cattle,15,lwr,5430.45151661806,30,6.5,4.55,76.5168797847398,78.4668797847398,98.8534317466677,237.54343360652,230.086283200051,549.945968655587,384.962178058911,372.877142412999
2030,Dairy cattle,15,upr,6342.95434528671,30,6.50000000000001,4.55000000000001,76.8905868577403,78.8405868577403,101.979846786365,243.538382644203,235.950588518664,658.567137229493,460.996996060645,446.633961122903
2025,Non-dairy cattle,5,fit,3585.29249999995,30,6.5,4.55,70.345770725,72.295770725,62.2098578782002,166.922881898288,160.934615369752,255.141743649752,178.599220554826,172.192071802609
2025,Non-dairy cattle,5,lwr,3320.68401798729,30,6.5,4.55,70.345770725,72.295770725,59.8284431639811,160.53301667997,154.773983049725,227.265216659116,159.085651661381,153.378541454677
2025,Non-dairy cattle,5,upr,3849.90098201262,30,6.5,4.55,70.345770725,72.295770725,64.5912725924193,173.312747116607,167.095247689779,284.459942784471,199.12195994913,191.978569215039
2025,Non-dairy cattle,10,fit,3857.15400000001,30,6.5,4.55,70.345770725,72.295770725,60.8855646204008,163.36950861293,157.508717395544,268.645168279225,188.051617795457,181.305369493994
2025,Non-dairy cattle,10,lwr,3632.64883095224,30,6.5,4.55,70.345770725,72.295770725,59.4902882486358,159.625671848737,153.899188714991,247.21066743463,173.047467204241,166.839484548283
2025,Non-dairy cattle,10,upr,4081.65916904778,30,6.5,4.55,70.345770725,72.295770725,62.2808409921659,167.113345377123,161.118246076097,290.796330992324,203.557431694627,196.254920852557
2025,Non-dairy cattle,15,fit,3746.37,30,6.5,4.55,70.3437596793651,72.2937596793651,59.0622755751768,158.483328612243,152.797562905094,253.125153294961,177.187607306472,170.830804794961
2025,Non-dairy cattle,15,lwr,3577.99839008784,30,6.5,4.55,70.3414761638224,72.2914761638224,57.3078336921653,153.78232171502,148.264919496957,234.578176839523,164.204723787666,158.313386622647
2025,Non-dairy cattle,15,upr,3914.74160991216,30,6.5,4.55,70.3460431949077,72.2960431949077,60.8167174581884,163.183924003739,157.329827291001,272.346329559976,190.642430691983,183.803281347856
2026,Non-dairy cattle,5,fit,3513.58939999994,30,6.5,4.55,70.345770725,72.295770725,63.1469771354157,169.437381246656,163.358908437755,253.805653184945,177.663957229462,171.290360534356
2026,Non-dairy cattle,5,lwr,3175.10109248672,30,6.5,4.55,70.345770725,72.295770725,60.100661197348,161.263438194889,155.478201094756,218.29034372526,152.803240607682,147.321508440246
2026,Non-dairy cattle,5,upr,3852.07770751316,30,6.5,4.55,70.345770725,72.295770725,66.1932930734834,177.611324298424,171.239615780754,291.680062516767,204.176043761737,196.851340552189
2026,Non-dairy cattle,10,fit,3880.10130909092,30,6.5,4.55,70.345770725,72.295770725,61.3940353762605,164.733848716315,158.824112548532,272.500286132486,190.75020029274,183.907141829248
2026,Non-dairy cattle,10,lwr,3622.97786953934,30,6.5,4.55,70.345770725,72.295770725,59.7960398318598,160.446071334565,154.69015682074,247.819696697654,173.473787688358,167.250511019641
2026,Non-dairy cattle,10,upr,4137.22474864249,30,6.5,4.55,70.345770725,72.295770725,62.9920309206612,169.021626098064,162.958068276324,298.120912563668,208.684638794567,201.198192219348
2026,Non-dairy cattle,15,fit,3746.2732,30,6.5,4.55,70.3433561067163,72.2933561067163,59.1673360282307,158.76646841367,153.070491773533,253.570824271008,177.499576989705,171.131522990209
2026,Non-dairy cattle,15,lwr,3561.39801642684,30,6.5,4.55,70.3408487638491,72.2908487638491,57.2409259561324,153.604626266191,148.093519714905,233.220037521195,163.254026264837,157.396713529264
2026,Non-dairy cattle,15,upr,3931.14838357315,30,6.5,4.55,70.3458634495834,72.2958634495834,61.0937461003289,163.927814424096,158.047006859528,274.734460915754,192.314122641028,185.414974066555
2027,Non-dairy cattle,5,fit,3441.88629999996,30,6.5,4.55,70.345770725,72.295770725,64.0840963926312,171.951880595024,165.783201505758,252.315832054448,176.621082438114,170.284898302241
2027,Non-dairy cattle,5,lwr,3027.32448134713,30,6.5,4.55,70.345770725,72.295770725,60.3531365708443,161.940885763325,156.131345604481,209.004932611965,146.303452828375,141.054896970615
2027,Non-dairy cattle,5,upr,3856.44811865278,30,6.5,4.55,70.345770725,72.295770725,67.8150562144181,181.962875426723,175.435057407034,299.165381305135,209.415766913595,201.903091519453
2027,Non-dairy cattle,10,fit,3903.04861818183,30,6.5,4.55,70.345770725,72.295770725,61.9025061321199,166.098188819699,160.139507701519,276.382098711192,193.467469097834,186.526930111303
2027,Non-dairy cattle,10,lwr,3612.46184839105,30,6.49999999999999,4.54999999999999,70.3457707249999,72.2957707249999,60.0965394563579,161.252378647287,155.467538302338,248.342158341656,173.839510839159,167.603114053669
2027,Non-dairy cattle,10,upr,4193.63538797261,30,6.5,4.55,70.3457707250001,72.2957707250001,63.708472807882,170.94399899211,164.8114771007,305.622680392897,213.935876275028,206.261044445013
2027,Non-dairy cattle,15,fit,3746.1764,30,6.5,4.55,70.3429525340675,72.2929525340675,59.2723964812846,159.049612598855,153.343424678545,254.01647887892,177.811535215244,171.432229929566
2027,Non-dairy cattle,15,lwr,3544.44754520321,30,6.5,4.55,70.3402166157284,72.2902166157284,57.1703701833114,153.417150979003,147.912690565461,231.826735366774,162.278714756742,156.456309923652
2027,Non-dairy cattle,15,upr,3947.90525479679,30,6.5,4.55,70.3456884524065,72.2956884524065,61.3744227792577,164.68148349181,158.773614696292,277.174035242026,194.021824669418,187.061385284799
2028,Non-dairy cattle,5,fit,3370.18319999994,30,6.5,4.55,70.345770725,72.295770725,65.0212156498469,174.466379943393,168.207494573761,250.672280258256,175.470596180779,169.175685106263
2028,Non-dairy cattle,5,lwr,2878.37109132654,30,6.5,4.55,70.345770725,72.295770725,60.5950212084688,162.589916032423,156.757092269844,199.517706303881,139.662394412717,134.652082870968
2028,Non-dairy cattle,5,upr,3861.99530867334,30,6.5,4.55,70.345770725,72.295770725,69.447410091225,186.342843854363,179.657896877679,306.807176164918,214.765023315442,207.060446291641
2028,Non-dairy cattle,10,fit,3925.99592727274,30,6.5,4.55,70.345770725,72.295770725,62.4109768879796,167.462528923084,161.454902854507,280.290606015344,196.203424210741,189.164734340162
2028,Non-dairy cattle,10,lwr,3601.36198918093,30,6.49999999999999,4.54999999999999,70.3457707249999,72.2957707249999,60.393410587775,162.048949906228,156.235533005726,248.802104771539,174.161473340077,167.913526327046
2028,Non-dairy cattle,10,upr,4250.62986536454,30,6.5,4.55,70.345770725,72.295770725,64.4285431881842,172.87610793994,166.674272703287,313.277582075112,219.294307452578,211.427244852874
2028,Non-dairy cattle,15,fit,3746.0796,30,6.5,4.55,70.3425489614186,72.2925489614186,59.3774569343384,159.332761167911,153.61636162023,254.462117118339,178.123481982837,171.732925612794
2028,Non-dairy cattle,15,lwr,3527.22784402426,30,6.5,4.55,70.3395808162155,72.2895808162155,57.0970090188331,153.222153497403,147.72460884575,230.407243658757,161.28507056113,155.498231929666
2028,Non-dairy cattle,15,upr,3964.93135597574,30,6.5,4.55,70.3455171066218,72.2955171066218,61.6579048498437,165.442673562733,159.507474003986,279.65607950586,195.759255654102,188.736459039672
2029,Non-dairy cattle,5,fit,3298.48009999993,30,6.5,4.55,70.345770725,72.295770725,65.9583349070624,176.980879291761,170.631787641764,248.87499779637,174.212498457459,167.962720946421
2029,Non-dairy cattle,5,lwr,2728.71937778202,30,6.5,4.55,70.345770725,72.295770725,60.8306210970082,163.222082922225,157.366580520363,189.879833901023,132.915883730716,128.147599547002
2029,Non-dairy cattle,5,upr,3868.24082221783,30,6.5,4.55,70.345770725,72.295770725,71.0860487171166,190.739675661296,183.896994763165,314.554277996102,220.187994597272,212.288871463058
2029,Non-dairy cattle,10,fit,3948.94323636364,30,6.5,4.55,70.345770725,72.295770725,62.9194476438393,168.826869026469,162.770298007495,284.225808044941,198.958065631459,191.820554515822
2029,Non-dairy cattle,10,lwr,3589.84431946541,30,6.49999999999999,4.54999999999999,70.3457707249999,72.2957707249999,60.6876850701771,162.838553778461,156.996810273571,249.214842475615,174.450389732931,168.1920780033
2029,Non-dairy cattle,10,upr,4308.04215326188,30,6.5,4.55,70.3457707250001,72.2957707250001,65.1512102175014,174.815184274476,168.543785741418,321.070311121998,224.749217785398,216.686463279404
2029,Non-dairy cattle,15,fit,3745.9828,30,6.5,4.55,70.3421453887698,72.2921453887698,59.4825173873923,159.615914120954,153.889302598689,254.907738988903,178.435417292232,172.033610039658
2029,Non-dairy cattle,15,lwr,3509.79746131589,30,6.5,4.55,70.3389421593649,72.2889421593649,57.0214525406711,153.02126836491,147.530850565801,228.968060473289,160.277642331302,154.52686513766
2029,Non-dairy cattle,15,upr,3982.16813868411,30,6.5,4.55,70.3453486181748,72.2953486181748,61.9435822341135,166.209750093142,160.247008772406,282.174095880692,197.521867116484,190.435809901765
2030,Non-dairy cattle,5,fit,3226.77699999994,30,6.5,4.55,70.345770725,72.295770725,66.8954541642779,179.495378640128,173.056080709767,246.923984668793,172.846789268155,166.646005822718
2030,Non-dairy cattle,5,lwr,2578.62123745654,30,6.5,4.55,70.345770725,72.295770725,61.0622032484857,163.843469330092,157.965675032804,180.118260063721,126.082782044605,121.559631623547
2030,Non-dairy cattle,5,upr,3874.93276254335,30,6.5,4.55,70.345770725,72.295770725,72.7287050800701,195.147287950165,188.14648638673,322.379742138364,225.665819496855,217.570182408878
2030,Non-dairy cattle,10,fit,3971.89054545455,30,6.5,4.55,70.345770725,72.295770725,63.4279183996987,170.191209129853,164.085693160482,288.187704799982,201.731393359988,194.494390638283
2030,Non-dairy cattle,10,lwr,3578.01850297511,30,6.49999999999999,4.54999999999999,70.3457707249999,72.2957707249999,60.980044452291,163.623019010772,157.753133247373,249.59049140476,174.713343983332,168.445598914675
2030,Non-dairy cattle,10,upr,4365.76258793399,30,6.5,4.55,70.3457707250001,72.2957707250001,65.8757923471063,176.759399248933,170.41825307359,328.990747582677,230.293523307874,222.031869892355
2030,Non-dairy cattle,15,fit,3745.886,30,6.5,4.55,70.341741816121,72.291741816121,59.5875778404462,159.899071458098,154.162247614023,255.353344490254,178.747341143178,172.334283209919
2030,Non-dairy cattle,15,lwr,3492.19957899049,30,6.5,4.55,70.338301230825,72.288301230825,56.9441507068422,152.81570112663,147.332578099749,227.513979269334,159.259785488534,153.545444680421
2030,Non-dairy cattle,15,upr,3999.57242100951,30,6.50000000000001,4.55000000000001,70.3451824014171,72.2951824014171,62.2310049740501,166.981507537729,160.991056627236,284.723291157145,199.306303810001,192.15620289924
2025,Cattle,10,fit,9601.02186666671,30,6.5,4.55,74.0054117837805,75.9554117837805,81.1842564592146,202.062147025555,195.42001679526,827.072297540457,578.95060827832,559.919506245109
2025,Cattle,10,lwr,9253.30980645028,30,6.5,4.55,74.0300097168897,75.9800097168897,79.9941445916521,199.010300174967,192.472761392375,785.079631680935,549.555742176655,531.502696809066
2025,Cattle,10,upr,9948.73392688313,30,6.5,4.55,73.9838165286556,75.9338165286556,82.3930247787616,205.154693421053,198.406862431221,870.142388276626,609.099671793638,589.065513312116
2025,Cattle,15,fit,9780.10975238096,30,6.5,4.55,74.2014564139636,76.1514564139636,81.4305889968618,201.831092915308,195.23004249988,841.536297352572,589.0754081468,569.809216741408
2025,Cattle,15,lwr,9308.9242005539,30,6.5,4.55,74.1160888877266,76.0660888877266,80.0703147469548,198.688414712401,192.181986607798,788.520686024067,551.964480216847,533.889358866548
2025,Cattle,15,upr,10251.295304208,30,6.5,4.55,74.2863779276702,76.2363779276702,82.7847423073556,204.953550281419,198.258670469279,895.726127508562,627.008289255993,606.526842937933
2025,Cattle,5,fit,9284.4561999999,30,6.5,4.55,74.1309890782024,76.0809890782024,81.9753937101519,203.728650062152,197.043744053899,806.398352223545,564.478846556481,545.956719051461
2025,Cattle,5,lwr,8796.46998529329,30,6.5,4.55,74.1481933856072,76.0981933856072,79.9879891733725,198.683973491257,192.169604012684,745.096141642653,521.567299149857,504.466362245385
2025,Cattle,5,upr,9772.44241470652,30,6.5,4.55,74.1181607483151,76.0681607483151,83.9936880498088,208.841093450156,201.983778824597,870.081893094397,609.057325166078,589.058877376577
2026,Cattle,10,fit,9535.25273333337,30,6.5,4.55,73.9697145203056,75.9197145203056,81.7529994614295,203.590739914373,196.893747685749,827.620580470865,579.334406329606,560.277557189042
2026,Cattle,10,lwr,9137.02172032097,30,6.5,4.55,73.9974861892113,75.9474861892113,80.3917785609836,200.098292987842,193.521064610084,779.451493404483,545.616045383138,527.681652823017
2026,Cattle,10,upr,9933.48374634575,30,6.5,4.55,73.9458553967281,75.8958553967281,83.1388738540307,207.136903105206,200.318686275195,877.203017156559,614.042112009592,593.830009773452
2026,Cattle,15,fit,9750.60558809524,30,6.5,4.55,74.2072960061817,76.1572960061817,82.0570860034456,203.314962258295,196.667998774707,845.165931165771,591.61615181604,572.274481563431
2026,Cattle,15,lwr,9233.23502047703,30,6.5,4.55,74.1132329353047,76.0632329353047,80.5582778253486,199.855253037152,193.312339021544,786.702463961868,550.691724773307,532.663033760473
2026,Cattle,15,upr,10267.9761557134,30,6.5,4.55,74.3007891713955,76.2507891713955,83.5480023096671,206.749080263558,199.999059694566,905.043576108465,633.530503275925,612.846764694137
2026,Cattle,5,fit,9109.99679999988,30,6.5,4.55,74.14067210613,76.09067210613,82.791224921958,205.756415176932,199.004840998529,799.121217145278,559.384852001695,541.02951508879
2026,Cattle,5,lwr,8485.76273671721,30,6.5,4.55,74.1652752300153,76.1152752300153,80.2613426151981,199.326604023222,192.79273239405,721.102837890815,504.771986523571,488.225698695564
2026,Cattle,5,upr,9734.23086328254,30,6.5,4.55,74.1235906432405,76.0735906432405,85.3734447783951,212.300533974393,205.328125115706,881.03625659908,616.725379619356,596.470783836032
2027,Cattle,10,fit,9469.48360000003,30,6.5,4.55,73.9336485571939,75.8836485571939,82.3151253358733,205.106140214511,198.354583708933,828.029883305736,579.620918314015,560.541317002618
2027,Cattle,10,lwr,9019.42481149129,30,6.49999999999999,4.54999999999999,73.9645602918208,75.9145602918208,80.7785577556493,201.161828638873,194.545609950517,773.509175626475,541.456422938533,523.647904649474
2027,Cattle,10,upr,9919.54238850876,30,6.5,4.55,73.9076980203514,75.8576980203514,83.8833894842126,209.119428794583,202.230663014713,884.355892740783,619.049124918548,598.656546130538
2027,Cattle,15,fit,9721.10142380953,30,6.5,4.55,74.2130415552628,76.1630415552628,82.6812156592166,204.792500330768,198.099844554778,848.731996656263,594.112397659384,574.696697556303
2027,Cattle,15,lwr,9156.56609735839,30,6.5,4.55,74.1100332323079,76.0600332323079,81.0398472029396,201.006985914003,194.428050131734,784.666006815898,549.266204771129,531.288784373879
2027,Cattle,15,upr,10285.6367502607,30,6.5,4.55,74.3153318522557,76.2653318522558,84.3125534792777,208.546044046902,201.740894960322,914.479956503597,640.135969552518,619.247437581577
2027,Cattle,5,fit,8935.53739999989,30,6.5,4.55,74.1504805426001,76.1004805426001,83.6074344410591,207.784088418121,200.965889537107,791.542096151198,554.079467305839,535.89797885435
2027,Cattle,5,lwr,8171.00993244653,30,6.5,4.55,74.1840822769456,76.1340822769456,80.5256248533893,199.940499294238,193.388331442595,696.494294494306,487.546006146015,471.568836543344
2027,Cattle,5,upr,9700.06486755325,30,6.5,4.55,74.1287478990531,76.0787478990531,86.7706515940067,215.804652521723,208.715614703621,892.434794538768,624.704356177137,604.183237867943
2028,Cattle,10,fit,9403.71446666671,30,6.5,4.55,73.897206158442,75.847206158442,82.870495242912,206.608057048294,199.802241216794,828.300149627223,579.810104739056,560.710748951715
2028,Cattle,10,lwr,8900.92365829091,30,6.49999999999999,4.54999999999999,73.9311807660545,75.8811807660545,81.1556257646293,202.203932157531,195.549314812112,767.300931536322,537.110652075425,519.434112239763
2028,Cattle,10,upr,9906.5052750425,30,6.5,4.55,73.8693748433845,75.8193748433846,84.6251519819108,211.098658311055,204.139303134175,891.552661066982,624.086862746887,603.512396884198
2028,Cattle,15,fit,9691.59725952382,30,6.5,4.55,74.218692202319,76.168692202319,83.3029563433717,206.263665819008,199.525539375048,852.234562036345,596.564193425442,577.075909091509
2028,Cattle,15,lwr,9079.14373804507,30,6.5,4.55,74.1065249860053,76.0565249860053,81.515560560584,202.144873311645,195.53034117608,782.435732394143,547.7050126759,529.783151251448
2028,Cattle,15,upr,10304.0507810026,30,6.5,4.55,74.329966447321,76.279966447321,85.0777702353019,210.342993491951,203.482771740582,924.010897198709,646.807628039096,625.712350819917
2028,Cattle,5,fit,8761.07799999989,30,6.5,4.55,74.1604218793959,76.1104218793959,84.4240448671616,209.81168607915,202.926907058564,783.661070598081,548.562749418657,530.562163372901
2028,Cattle,5,lwr,7854.08693367828,30,6.5,4.55,74.2047717039224,76.1547717039224,80.7895224576148,200.546916745595,193.976972597136,671.510404116168,470.057282881318,454.658142644102
2028,Cattle,5,upr,9668.0690663215,30,6.5,4.55,74.1336738013659,76.0836738013659,88.1775648715018,219.333905502315,212.127360067322,904.037755744075,632.826429020853,612.033964660367
2029,Cattle,10,fit,9337.94533333336,30,6.5,4.55,73.8603793701013,75.8103793701013,83.4189664314034,208.096191335923,201.236428563645,828.431322988532,579.901926091972,560.785816284097
2029,Cattle,10,lwr,8781.77540305615,30,6.49999999999999,4.54999999999999,73.8973064676317,75.8473064676317,81.5236006499205,203.226292149037,196.533805507598,760.857404902349,532.600183431644,515.061017730436
2029,Cattle,10,upr,9894.11526361058,30,6.5,4.55,73.8309050579803,75.7809050579803,85.363252795997,213.072284922328,206.042378036623,898.762577462161,629.133804223513,608.376754267659
2029,Cattle,15,fit,9662.0930952381,30,6.5,4.55,74.2242470779721,76.1742470779721,83.9222861710218,207.728416877988,200.945042252377,855.673695408389,598.971586785872,579.412160471793
2029,Cattle,15,lwr,9001.13178947289,30,6.5,4.55,74.1027322702599,76.0527322702599,81.9857769766529,203.2697587599,196.620029636565,780.029350922819,546.020545645974,528.158130958849
2029,Cattle,15,upr,10323.0544010033,30,6.5,4.55,74.3446643997373,76.2946643997373,85.8432020087827,212.138888653205,205.223681264234,933.618734250007,653.533113975005,632.229537589793
2029,Cattle,5,fit,8586.61859999987,30,6.5,4.55,74.1705042171606,76.1205042171606,85.2410806366583,211.839225759228,204.887912348571,775.478221775362,542.834755242753,525.022121627022
2029,Cattle,5,lwr,7535.87609919706,30,6.5,4.55,74.2275572526526,76.1775572526526,81.0577774176459,201.157016920321,194.569475155889,646.264035866959,452.384825106871,437.570010418268
2029,Cattle,5,upr,9637.36110080267,30,6.5,4.55,74.1383871200757,76.0883871200757,89.5905451925847,222.879129083863,215.554504154645,915.73241227498,641.012688592486,619.946662634339
2030,Cattle,10,fit,9272.17620000002,30,6.5,4.55,73.8231600125484,75.7731600125484,83.9603920999717,209.570235504578,202.656845822477,828.423346913917,579.896342839742,560.766482229414
2030,Cattle,10,lwr,8662.14989221805,30,6.49999999999999,4.54999999999999,73.8629016760368,75.8129016760368,81.8827825347655,204.229791283169,197.499929645245,754.198806046316,527.939164232421,510.542302069453
2030,Cattle,10,upr,9882.20250778199,30,6.5,4.55,73.7923012154837,75.7423012154837,86.0970859182134,215.038774687496,207.938405553663,905.965330567967,634.175731397577,613.235871620265
2030,Cattle,15,fit,9632.58893095239,30,6.5,4.55,74.2297053021924,76.1797053021924,84.5391829891481,209.186711123291,202.35831167765,859.049464765073,601.334625335551,581.705495931312
2030,Cattle,15,lwr,8922.65109560855,30,6.5,4.55,74.0986714301219,76.0486714301219,82.4507312448959,204.382196153145,197.697652173852,777.459947924922,544.221963547445,526.42258709342
2030,Cattle,15,upr,10342.5267662962,30,6.50000000000001,4.55000000000001,74.3594047066654,76.3094047066655,86.6085187664389,213.932970617392,206.962887232579,943.290428386638,660.303299870646,638.790164022143
2030,Cattle,5,fit,8412.15919999988,30,6.5,4.55,74.1807363285329,76.1307363285329,86.058568213083,213.866726498759,206.8489257344,766.993630905205,536.895541633643,519.277906557158
2030,Cattle,5,lwr,7216.84197245652,30,6.5,4.55,74.2527038656434,76.2027038656434,81.3336002268358,201.777938785402,195.17277829111,620.814610672686,434.57022747088,420.344657937538
2030,Cattle,5,upr,9607.47642754324,30,6.5,4.55,74.1428970485103,76.0928970485103,91.0076797475339,226.435526657951,218.992410155114,927.45948405375,649.221638837625,627.881205358163
2025,Dairy cattle,5,fit,5699.16369999995,40,6.5,3.9,76.5122358166666,79.1122358166666,94.4097140959266,226.882826973167,217.495980883753,551.256608573793,330.753965144276,317.069647976278
2025,Dairy cattle,5,lwr,5475.785967306,40,6.5,3.9,76.4540987358346,79.0540987358346,92.2133541973091,221.819880064409,212.631786605966,517.830924983537,310.698554990122,297.828980992411
2025,Dairy cattle,5,upr,5922.5414326939,40,6.5,3.9,76.5703728974987,79.1703728974987,96.606073994544,231.936012581283,222.351280584599,585.621950309926,351.373170185956,336.852709867714
2025,Dairy cattle,10,fit,5743.8678666667,40,6.5,3.9,76.4629542405555,79.0629542405555,94.815346560576,228.045242125968,218.600965272258,558.427129261232,335.056277556739,321.180240427793
2025,Dairy cattle,10,lwr,5620.66097549804,40,6.5,3.9,76.4111436307086,79.0111436307086,93.2458440090629,224.46469507095,215.15902058764,537.868964246306,322.721378547783,309.342258519034
2025,Dairy cattle,10,upr,5867.07475783535,40,6.5,3.9,76.5147648504024,79.1147648504024,96.3848491120891,231.619639489634,222.037302997815,579.346057284302,347.607634370581,333.226758349
2025,Dairy cattle,15,fit,6033.73975238096,40,6.5,3.9,76.5967137350794,79.1967137350794,95.3191526062767,228.745870551847,219.297958266353,588.411144057611,353.046686434567,338.46476581641
2025,Dairy cattle,15,lwr,5730.92581046606,40,6.5,3.9,76.4726990927775,79.0726990927775,94.2816521925914,226.724710027258,217.336958995719,553.942509184545,332.365505510727,318.60359743802
2025,Dairy cattle,15,upr,6336.55369429585,40,6.5,3.9,76.7207283773812,79.3207283773812,96.356653019962,230.758948911105,221.251507441604,623.379797948586,374.027878769151,358.617650120861
2026,Dairy cattle,5,fit,5596.40739999994,40,6.5,3.9,76.5232229666666,79.1232229666666,95.1244622759377,228.558574404235,219.104481516156,545.315563960333,327.1893383762,313.655484286233
2026,Dairy cattle,5,lwr,5310.66164423049,40,6.5,3.9,76.4488537629853,79.0488537629853,92.314869253378,222.083542329834,212.883558360301,502.812494165556,301.687496499333,289.189856636041
2026,Dairy cattle,5,upr,5882.15315576938,40,6.5,3.9,76.597592170348,79.197592170348,97.9340552984975,235.017645845747,225.310860625505,589.356194082313,353.613716449387,339.008632715552
2026,Dairy cattle,10,fit,5655.15142424245,40,6.5,3.9,76.4561676688384,79.0561676688384,95.7216516287199,230.251153242737,220.714220845814,555.120294338379,333.072176603027,319.276428843143
2026,Dairy cattle,10,lwr,5514.04385078163,40,6.5,3.9,76.3968295152199,78.9968295152199,93.9241166492729,226.151608016798,216.773300133761,531.631796706829,318.979078024097,305.751296766248
2026,Dairy cattle,10,upr,5796.25899770326,40,6.5,3.9,76.5155058224568,79.1155058224568,97.5191866081669,234.342634836276,224.647789420488,579.082104592892,347.449262755735,333.075152408295
2026,Dairy cattle,15,fit,6004.33238809524,40,6.5,3.9,76.6181176523115,79.2181176523115,96.3386499383248,231.110030519568,221.568561768011,591.595106894764,354.957064136858,340.302521761556
2026,Dairy cattle,15,lwr,5671.83700405019,40,6.5,3.9,76.4819472505836,79.0819472505836,95.1994550376087,228.896442042227,219.420528025827,553.482426440672,332.089455864404,318.341530813896
2026,Dairy cattle,15,upr,6336.82777214028,40,6.5,3.9,76.7542880540394,79.3542880540394,97.4778448390409,233.313909866068,223.707643735745,630.30911519271,378.185469115626,362.614386084052
2027,Dairy cattle,5,fit,5493.65109999993,40,6.5,3.9,76.5342101166666,79.1342101166666,95.8392104559489,230.233709437022,220.712424718539,539.22626409675,323.53575845805,310.155979795656
2027,Dairy cattle,5,lwr,5143.6854510994,40,6.5,3.9,76.4431268158684,79.0431268158684,92.3981758108713,222.305233961143,213.09500664153,487.489361882342,292.493617129405,280.375446741349
2027,Dairy cattle,5,upr,5843.61674890047,40,6.5,3.9,76.6252934174648,79.2252934174648,99.2802451010265,238.138262547472,228.308042780575,593.269413233632,355.961647940179,341.267742011721
2027,Dairy cattle,10,fit,5566.4349818182,40,6.5,3.9,76.4493810971212,79.0493810971212,96.6279566968637,232.457565549923,222.82793158716,551.647784594544,330.988670756727,317.277352143935
2027,Dairy cattle,10,lwr,5406.96296310024,40,6.49999999999999,3.89999999999999,76.3823203794542,78.9823203794542,94.5964815261271,227.825848065077,218.375353582581,525.16701728482,315.100210370892,302.029468728386
2027,Dairy cattle,10,upr,5725.90700053615,40,6.5,3.9,76.5164418147882,79.1164418147882,98.6594318676004,237.078987578147,227.271122364035,578.733212347886,347.239927408731,332.874747095735
2027,Dairy cattle,15,fit,5974.92502380953,40,6.5,3.9,76.6395215695437,79.2395215695437,97.3581472703725,233.472513185537,223.837637365449,594.715517777343,356.829310666405,342.103782379028
2027,Dairy cattle,15,lwr,5612.11855215518,40,6.5,3.9,76.4909375429216,79.0909375429216,96.1151005927697,231.063313492331,221.499420908026,552.839271449124,331.703562869474,317.974091075934
2027,Dairy cattle,15,upr,6337.73149546388,40,6.5,3.9,76.7881055961657,79.3881055961657,98.6011939479752,235.870194531779,226.16523163686,637.305921261572,382.383552756943,366.650245721266
2028,Dairy cattle,5,fit,5390.89479999995,40,6.5,3.9,76.5451972666666,79.1451972666666,96.5539586359598,231.908232451672,222.319810819113,532.988790339825,319.793274203895,306.57117891255
2028,Dairy cattle,5,lwr,4975.71584235174,40,6.5,3.9,76.4371413188804,79.0371413188804,92.4717146166883,222.504427388851,213.28483868752,471.992697812287,283.195618687372,271.461258355955
2028,Dairy cattle,5,upr,5806.07375764816,40,6.5,3.9,76.6532532144528,79.2532532144528,100.636202655231,241.278395123156,231.324124017275,597.230579579158,358.338347747495,343.554607747519
2028,Dairy cattle,10,fit,5477.71853939397,40,6.5,3.9,76.442594525404,79.042594525404,97.5342617650074,234.664479240354,224.942097662414,548.009543611879,328.805726167127,315.182979575239
2028,Dairy cattle,10,lwr,5299.56166910998,40,6.49999999999999,3.89999999999999,76.3676765073429,78.9676765073429,95.2647648251199,229.491590229139,219.969193804453,518.498826764783,311.09929605887,298.190714870532
2028,Dairy cattle,10,upr,5655.87540967796,40,6.5,3.9,76.5175125434651,79.1175125434651,99.8037587048949,239.824523428213,229.903289582951,578.27507899187,346.965047395122,332.61154708526
2028,Dairy cattle,15,fit,5945.51765952382,40,6.5,3.9,76.6609254867758,79.2609254867758,98.3776446024206,235.833320572519,226.105186806499,597.772444918007,358.663466950804,343.868584806874
2028,Dairy cattle,15,lwr,5551.91589402081,40,6.5,3.9,76.4997295330837,79.0997295330837,97.0290871616558,233.226320298267,223.574602419403,552.028488735387,331.217093241232,317.510175700651
2028,Dairy cattle,15,upr,6339.11942502683,40,6.5,3.9,76.8221214404679,79.4221214404679,99.7262020431853,238.426813095956,228.623311652393,644.354817692849,386.612890615709,370.716356236726
2029,Dairy cattle,5,fit,5288.13849999994,40,6.5,3.9,76.5561844166666,79.1561844166666,97.268706815971,233.582143828005,223.926640145819,526.603223978992,315.961934387395,302.901126010045
2029,Dairy cattle,5,lwr,4807.15672141504,40,6.5,3.9,76.4310023933596,79.0310023933596,92.5394570482828,222.69028398323,213.46185588229,456.384201965936,273.830521179562,262.482808871023
2029,Dairy cattle,5,upr,5769.12027858484,40,6.5,3.9,76.6813664399735,79.2813664399735,101.997956583659,244.428887058997,234.350307148071,601.178134278878,360.706880567327,345.833789403838
2029,Dairy cattle,10,fit,5389.00209696972,40,6.5,3.9,76.4358079536868,79.0358079536868,98.4405668331513,236.871894506961,227.056719237776,544.205514943591,326.523308966155,312.993280367161
2029,Dairy cattle,10,lwr,5191.93108359074,40,6.49999999999999,3.89999999999999,76.352936214213,78.952936214213,95.9301272352218,231.151488156337,221.55737137124,511.642562426733,306.98553745604,294.243871282136
2029,Dairy cattle,10,upr,5586.0731103487,40,6.5,3.9,76.5186796931607,79.1186796931607,100.951006431081,242.576589466284,232.541741130909,577.692266340164,346.615359804098,332.276661358389
2029,Dairy cattle,15,fit,5916.1102952381,40,6.5,3.9,76.6823294040079,79.2823294040079,99.3971419344687,238.192454699912,228.371211836217,600.765956419486,360.459573851691,345.596966126348
2029,Dairy cattle,15,lwr,5491.334328157,40,6.5,3.9,76.5083663450984,79.1083663450984,97.9417755177728,235.386183199582,225.646770775603,551.061290449531,330.636774269718,316.956243563221
2029,Dairy cattle,15,upr,6340.8862623192,40,6.5,3.9,76.8562924629175,79.4562924629175,100.852508351165,240.9830509114,231.081190837964,651.444638369316,390.866783021589,374.806283421322
2030,Dairy cattle,5,fit,5185.38219999994,40,6.5,3.9,76.5671715666666,79.1671715666666,97.9834549959821,235.255443945513,225.532913026331,520.069646236412,312.041787741847,299.145865426443
2030,Dairy cattle,5,lwr,4638.22073499998,40,6.5,3.9,76.424765383493,79.024765383493,92.6034939528588,222.867626870096,213.630691838987,440.696350608964,264.417810365378,253.458793258615
2030,Dairy cattle,5,upr,5732.54366499989,40,6.5,3.9,76.7095777498401,79.3095777498401,103.363416039105,247.584920074927,237.381962747457,605.079741915386,363.047845149232,348.086668714227
2030,Dairy cattle,10,fit,5300.28565454547,40,6.5,3.9,76.4290213819697,79.0290213819697,99.3468719012951,239.079811542776,229.171796479532,540.235642113935,324.141385268361,310.708223734832
2030,Dairy cattle,10,lwr,5084.13138924294,40,6.49999999999999,3.89999999999999,76.3381248079217,78.9381248079217,96.5933354091815,232.807294776517,223.141571103956,504.608314641556,302.764988784934,290.194752435036
2030,Dairy cattle,10,upr,5516.439919848,40,6.5,3.9,76.5199179560176,79.1199179560176,102.100408393409,245.333433490517,235.18479281312,576.974582985291,346.184749791174,331.864220446116
2030,Dairy cattle,15,fit,5886.70293095239,40,6.5,3.9,76.7037333212401,79.3037333212401,100.416639266516,240.549917583757,230.635714196892,603.696120274819,362.217672164891,347.288963362032
2030,Dairy cattle,15,lwr,5430.45151661806,40,6.5,3.9,76.5168797847398,79.1168797847398,98.8534317466677,237.54343360652,227.716440786052,549.945968655587,329.967581193352,316.317071043931
2030,Dairy cattle,15,upr,6342.95434528671,40,6.50000000000001,3.90000000000001,76.8905868577403,79.4905868577403,101.979846786365,243.538382644203,233.538359642193,658.567137229493,395.140282337696,378.915275546177
2025,Non-dairy cattle,5,fit,3585.29249999995,40,6.5,3.9,70.345770725,72.945770725,62.2098578782002,166.922881898288,159.044313416626,255.141743649752,153.085046189851,145.859607674716
2025,Non-dairy cattle,5,lwr,3320.68401798729,40,6.5,3.9,70.345770725,72.945770725,59.8284431639811,160.53301667997,152.956042504245,227.265216659116,136.35912999547,129.923135531728
2025,Non-dairy cattle,5,upr,3849.90098201262,40,6.5,3.9,70.345770725,72.945770725,64.5912725924193,173.312747116607,165.132584329008,284.459942784471,170.675965670683,162.620255941626
2025,Non-dairy cattle,10,fit,3857.15400000001,40,6.5,3.9,70.345770725,72.945770725,60.8855646204008,163.36950861293,155.658655272842,268.645168279225,161.187100967535,153.579254763998
2025,Non-dairy cattle,10,lwr,3632.64883095224,40,6.5,3.9,70.345770725,72.945770725,59.4902882486358,159.625671848737,152.091523307868,247.21066743463,148.326400460778,141.325564563512
2025,Non-dairy cattle,10,upr,4081.65916904778,40,6.5,3.9,70.345770725,72.945770725,62.2808409921659,167.113345377123,159.225787237816,290.796330992324,174.477798595394,166.242646714893
2025,Non-dairy cattle,15,fit,3746.37,40,6.5,3.9,70.3437596793651,72.9437596793651,59.0622755751768,158.483328612243,151.002755084058,253.125153294961,151.875091976976,144.706433906869
2025,Non-dairy cattle,15,lwr,3577.99839008784,40,6.5,3.9,70.3414761638224,72.9414761638224,57.3078336921653,153.78232171502,146.523263312301,234.578176839523,140.746906103714,134.103164482344
2025,Non-dairy cattle,15,upr,3914.74160991216,40,6.5,3.9,70.3460431949077,72.9460431949077,60.8167174581884,163.183924003739,155.481877791309,272.346329559976,163.407797735986,155.695185005793
2026,Non-dairy cattle,5,fit,3513.58939999994,40,6.5,3.9,70.345770725,72.945770725,63.1469771354157,169.437381246656,161.440131281138,253.805653184945,152.283391910967,145.095790557898
2026,Non-dairy cattle,5,lwr,3175.10109248672,40,6.5,3.9,70.345770725,72.945770725,60.100661197348,161.263438194889,153.651988961818,218.29034372526,130.974206235156,124.792373993703
2026,Non-dairy cattle,5,upr,3852.07770751316,40,6.5,3.9,70.345770725,72.945770725,66.1932930734834,177.611324298424,169.228273600458,291.680062516767,175.00803751006,166.747858961235
2026,Non-dairy cattle,10,fit,3880.10130909092,40,6.5,3.9,70.345770725,72.945770725,61.3940353762605,164.733848716315,156.958600088927,272.500286132486,163.500171679492,155.783151192598
2026,Non-dairy cattle,10,lwr,3622.97786953934,40,6.5,3.9,70.345770725,72.945770725,59.7960398318598,160.446071334565,152.873200879373,247.819696697654,148.691818018592,141.673734831914
2026,Non-dairy cattle,10,upr,4137.22474864249,40,6.5,3.9,70.345770725,72.945770725,62.9920309206612,169.021626098064,161.043999298481,298.120912563668,178.872547538201,170.429968550571
2026,Non-dairy cattle,15,fit,3746.2732,40,6.5,3.9,70.3433561067163,72.9433561067163,59.1673360282307,158.76646841367,151.272461586381,253.570824271008,152.142494562604,144.961148876926
2026,Non-dairy cattle,15,lwr,3561.39801642684,40,6.5,3.9,70.3408487638491,72.9408487638491,57.2409259561324,153.604626266191,146.353852192486,233.220037521195,139.932022512717,133.326651922133
2026,Non-dairy cattle,15,upr,3931.14838357315,40,6.5,3.9,70.3458634495834,72.9458634495834,61.0937461003289,163.927814424096,156.190626013377,274.734460915754,164.840676549453,157.060402184823
2027,Non-dairy cattle,5,fit,3441.88629999996,40,6.5,3.9,70.345770725,72.945770725,64.0840963926312,171.951880595024,163.83594914565,252.315832054448,151.389499232669,144.244088588274
2027,Non-dairy cattle,5,lwr,3027.32448134713,40,6.5,3.9,70.345770725,72.945770725,60.3531365708443,161.940885763325,154.297461782395,209.004932611965,125.402959567179,119.484083775452
2027,Non-dairy cattle,5,upr,3856.44811865278,40,6.5,3.9,70.345770725,72.945770725,67.8150562144181,181.962875426723,173.374436508905,299.165381305135,179.499228783081,171.02707115981
2027,Non-dairy cattle,10,fit,3903.04861818183,40,6.5,3.9,70.345770725,72.945770725,61.9025061321199,166.098188819699,158.258544905011,276.382098711192,165.829259226715,158.00230848022
2027,Non-dairy cattle,10,lwr,3612.46184839105,40,6.49999999999999,3.89999999999999,70.3457707249999,72.9457707249999,60.0965394563579,161.252378647287,153.641451412172,248.342158341656,149.005295004993,141.972416064271
2027,Non-dairy cattle,10,upr,4193.63538797261,40,6.5,3.9,70.3457707250001,72.9457707250001,63.708472807882,170.94399899211,162.87563839785,305.622680392897,183.373608235739,174.71858434815
2027,Non-dairy cattle,15,fit,3746.1764,40,6.5,3.9,70.3429525340675,72.9429525340675,59.2723964812846,159.049612598855,151.542172018876,254.01647887892,152.409887327352,145.215854256695
2027,Non-dairy cattle,15,lwr,3544.44754520321,40,6.5,3.9,70.3402166157284,72.9402166157284,57.1703701833114,153.417150979003,146.175122343939,231.826735366774,139.096041220064,132.530037959597
2027,Non-dairy cattle,15,upr,3947.90525479679,40,6.5,3.9,70.3456884524065,72.9456884524065,61.3744227792577,164.68148349181,156.908691893229,277.174035242026,166.304421145216,158.455028608326
2028,Non-dairy cattle,5,fit,3370.18319999994,40,6.5,3.9,70.345770725,72.945770725,65.0212156498469,174.466379943393,166.231767010162,250.672280258256,150.403368154953,143.304501765841
2028,Non-dairy cattle,5,lwr,2878.37109132654,40,6.5,3.9,70.345770725,72.945770725,60.5950212084688,162.589916032423,154.915858567553,199.517706303881,119.710623782329,114.060419707693
2028,Non-dairy cattle,5,upr,3861.99530867334,40,6.5,3.9,70.345770725,72.945770725,69.447410091225,186.342843854363,177.547675452772,306.807176164918,184.084305698951,175.395737706624
2028,Non-dairy cattle,10,fit,3925.99592727274,40,6.5,3.9,70.345770725,72.945770725,62.4109768879796,167.462528923084,159.558489721096,280.290606015344,168.174363609206,160.236726626864
2028,Non-dairy cattle,10,lwr,3601.36198918093,40,6.49999999999999,3.89999999999999,70.3457707249999,72.9457707249999,60.393410587775,162.048949906228,154.400425421756,248.802104771539,149.281262862923,142.23535855598
2028,Non-dairy cattle,10,upr,4250.62986536454,40,6.5,3.9,70.345770725,72.945770725,64.4285431881842,172.87610793994,164.716554020436,313.277582075112,187.966549245067,179.094743812237
2028,Non-dairy cattle,15,fit,3746.0796,40,6.5,3.9,70.3425489614186,72.9425489614186,59.3774569343384,159.332761167911,151.811886381639,254.462117118339,152.677270271003,145.470550045978
2028,Non-dairy cattle,15,lwr,3527.22784402426,40,6.5,3.9,70.3395808162155,72.9395808162155,57.0970090188331,153.222153497403,145.989225040639,230.407243658757,138.244346195254,131.718452629874
2028,Non-dairy cattle,15,upr,3964.93135597574,40,6.5,3.9,70.3455171066218,72.9455171066218,61.6579048498437,165.442673562733,157.633924156715,279.65607950586,167.793647703516,159.873934375494
2029,Non-dairy cattle,5,fit,3298.48009999993,40,6.5,3.9,70.345770725,72.945770725,65.9583349070624,176.980879291761,168.627584874674,248.87499779637,149.324998677822,142.277030090602
2029,Non-dairy cattle,5,lwr,2728.71937778202,40,6.5,3.9,70.345770725,72.945770725,60.8306210970082,163.222082922225,155.518187905568,189.879833901023,113.927900340614,108.550634176755
2029,Non-dairy cattle,5,upr,3868.24082221783,40,6.5,3.9,70.345770725,72.945770725,71.0860487171166,190.739675661296,181.736981843781,314.554277996102,188.732566797661,179.824606215353
2029,Non-dairy cattle,10,fit,3948.94323636364,40,6.5,3.9,70.345770725,72.945770725,62.9194476438393,168.826869026469,160.858434537181,284.225808044941,170.535484826964,162.486405632529
2029,Non-dairy cattle,10,lwr,3589.84431946541,40,6.49999999999999,3.89999999999999,70.3457707249999,72.9457707249999,60.6876850701771,162.838553778461,155.15276089729,249.214842475615,149.528905485369,142.471312730816
2029,Non-dairy cattle,10,upr,4308.04215326188,40,6.5,3.9,70.3457707250001,72.9457707250001,65.1512102175014,174.815184274476,166.564108177071,321.070311121998,192.642186673198,183.549696519052
2029,Non-dairy cattle,15,fit,3745.9828,40,6.5,3.9,70.3421453887698,72.9421453887698,59.4825173873923,159.615914120954,152.081604674769,254.907738988903,152.944643393342,145.725236244575
2029,Non-dairy cattle,15,lwr,3509.79746131589,40,6.5,3.9,70.3389421593649,72.9389421593649,57.0214525406711,153.02126836491,145.797717813726,228.968060473289,137.380836283973,130.895610888411
2029,Non-dairy cattle,15,upr,3982.16813868411,40,6.5,3.9,70.3453486181748,72.9453486181748,61.9435822341135,166.209750093142,158.364765272523,282.174095880692,169.304457528415,161.313404665216
2030,Non-dairy cattle,5,fit,3226.77699999994,40,6.5,3.9,70.345770725,72.945770725,66.8954541642779,179.495378640128,171.023402739186,246.923984668793,148.154390801276,141.161673562557
2030,Non-dairy cattle,5,lwr,2578.62123745654,40,6.5,3.9,70.345770725,72.945770725,61.0622032484857,163.843469330092,156.110245588024,180.118260063721,108.070956038233,102.970130924605
2030,Non-dairy cattle,5,upr,3874.93276254335,40,6.5,3.9,70.345770725,72.945770725,72.7287050800701,195.147287950165,185.936559890349,322.379742138364,193.427845283018,184.298272944031
2030,Non-dairy cattle,10,fit,3971.89054545455,40,6.5,3.9,70.345770725,72.945770725,63.4279183996987,170.191209129853,162.158379353265,288.187704799982,172.912622879989,164.751345497216
2030,Non-dairy cattle,10,lwr,3578.01850297511,40,6.49999999999999,3.89999999999999,70.3457707249999,72.9457707249999,60.980044452291,163.623019010772,155.900200270809,249.59049140476,149.754294842856,142.686063969264
2030,Non-dairy cattle,10,upr,4365.76258793399,40,6.5,3.9,70.3457707250001,72.9457707250001,65.8757923471063,176.759399248933,168.41655843572,328.990747582677,197.394448549606,188.077657088112
2030,Non-dairy cattle,15,fit,3745.886,40,6.5,3.9,70.341741816121,72.941741816121,59.5875778404462,159.899071458098,152.351326898361,255.353344490254,153.212006694152,145.979912852287
2030,Non-dairy cattle,15,lwr,3492.19957899049,40,6.5,3.9,70.338301230825,72.938301230825,56.9441507068422,152.81570112663,145.601749408366,227.513979269334,136.508387561601,130.064253158216
2030,Non-dairy cattle,15,upr,3999.57242100951,40,6.50000000000001,3.90000000000001,70.3451824014171,72.9451824014171,62.2310049740501,166.981507537729,159.100066495317,284.723291157145,170.833974694287,162.770699188825
2025,Cattle,10,fit,9601.02186666671,40,6.5,3.9,74.0054117837805,76.6054117837805,81.1842564592146,202.062147025555,193.314262861301,827.072297540457,496.243378524274,474.759495191791
2025,Cattle,10,lwr,9253.30980645028,40,6.5,3.9,74.0300097168897,76.6300097168897,79.9941445916521,199.010300174967,190.400088372408,785.079631680935,471.047779008561,450.667823082546
2025,Cattle,10,upr,9948.73392688313,40,6.5,3.9,73.9838165286556,76.5838165286556,82.3930247787616,205.154693421053,196.267672298293,870.142388276626,522.085432965976,499.469405063892
2025,Cattle,15,fit,9780.10975238096,40,6.5,3.9,74.2014564139636,76.8014564139636,81.4305889968618,201.831092915308,193.13678964718,841.536297352572,504.921778411543,483.171199723279
2025,Cattle,15,lwr,9308.9242005539,40,6.5,3.9,74.1160888877266,76.7160888877266,80.0703147469548,198.688414712401,190.118852618146,788.520686024067,473.112411614441,452.706761920365
2025,Cattle,15,upr,10251.295304208,40,6.5,3.9,74.2863779276702,76.8863779276702,82.7847423073556,204.953550281419,196.135549094874,895.726127508562,537.435676505137,514.312835126654
2025,Cattle,5,fit,9284.4561999999,40,6.5,3.9,74.1309890782024,76.7309890782024,81.9753937101519,203.728650062152,194.924241573659,806.398352223545,483.839011334127,462.929255650994
2025,Cattle,5,lwr,8796.46998529329,40,6.5,3.9,74.1481933856072,76.7481933856072,79.9879891733725,198.683973491257,190.104080602149,745.096141642653,447.057684985592,427.752116524139
2025,Cattle,5,upr,9772.44241470652,40,6.5,3.9,74.1181607483151,76.7181607483151,83.9936880498088,208.841093450156,199.80969829066,870.081893094397,522.049135856638,499.472965809339
2026,Cattle,10,fit,9535.25273333337,40,6.5,3.9,73.9697145203056,76.5697145203056,81.7529994614295,203.590739914373,194.770674882327,827.620580470865,496.572348282519,475.059580035741
2026,Cattle,10,lwr,9137.02172032097,40,6.5,3.9,73.9974861892113,76.5974861892113,80.3917785609836,200.098292987842,191.435870438795,779.451493404483,467.67089604269,447.425031598161
2026,Cattle,10,upr,9933.48374634575,40,6.5,3.9,73.9458553967281,76.5458553967281,83.1388738540307,207.136903105206,198.157266929118,877.203017156559,526.321810293936,503.505120958866
2026,Cattle,15,fit,9750.60558809524,40,6.5,3.9,74.2072960061817,76.8072960061817,82.0570860034456,203.314962258295,194.560147388448,845.165931165771,507.099558699463,485.263670638481
2026,Cattle,15,lwr,9233.23502047703,40,6.5,3.9,74.1132329353047,76.7132329353047,80.5582778253486,199.855253037152,191.237609059434,786.702463961868,472.021478377121,451.668182736029
2026,Cattle,15,upr,10267.9761557134,40,6.5,3.9,74.3007891713955,76.9007891713955,83.5480023096671,206.749080263558,197.858400315436,905.043576108465,543.026145665079,519.674788268876
2026,Cattle,5,fit,9109.99679999988,40,6.5,3.9,74.14067210613,76.74067210613,82.791224921958,205.756415176932,196.864204796888,799.121217145278,479.472730287167,458.751274844131
2026,Cattle,5,lwr,8485.76273671721,40,6.5,3.9,74.1652752300153,76.7652752300153,80.2613426151981,199.326604023222,190.720998960298,721.102837890815,432.661702734489,413.982230629745
2026,Cattle,5,upr,9734.23086328254,40,6.5,3.9,74.1235906432405,76.7235906432405,85.3734447783951,212.300533974393,203.117583489072,881.03625659908,528.621753959448,505.756491676788
2027,Cattle,10,fit,9469.48360000003,40,6.5,3.9,73.9336485571939,76.5336485571939,82.3151253358733,205.106140214511,196.214288635541,828.029883305736,496.817929983442,475.279660624155
2027,Cattle,10,lwr,9019.42481149129,40,6.49999999999999,3.89999999999999,73.9645602918208,76.5645602918208,80.7785577556493,201.161828638873,192.448118002088,773.509175626475,464.105505375885,444.001884792658
2027,Cattle,10,upr,9919.54238850876,40,6.5,3.9,73.9076980203514,76.5076980203514,83.8833894842126,209.119428794583,200.046965259867,884.355892740783,530.61353564447,507.593331443885
2027,Cattle,15,fit,9721.10142380953,40,6.5,3.9,74.2130415552628,76.8130415552628,82.6812156592166,204.792500330768,195.977464500159,848.731996656263,509.239197993758,487.319636635723
2027,Cattle,15,lwr,9156.56609735839,40,6.5,3.9,74.1100332323079,76.7100332323079,81.0398472029396,201.006985914003,192.34187185515,784.666006815898,470.799604089539,450.504129035531
2027,Cattle,15,upr,10285.6367502607,40,6.5,3.9,74.3153318522557,76.9153318522558,84.3125534792777,208.546044046902,199.582700693796,914.479956503597,548.687973902158,525.105274329593
2027,Cattle,5,fit,8935.53739999989,40,6.5,3.9,74.1504805426001,76.7504805426001,83.6074344410591,207.784088418121,198.804132771083,791.542096151198,474.925257690719,454.40006838393
2027,Cattle,5,lwr,8171.00993244653,40,6.5,3.9,74.1840822769456,76.7840822769457,80.5256248533893,199.940499294238,191.310765958093,696.494294494306,417.896576696584,399.8595305168
2027,Cattle,5,upr,9700.06486755325,40,6.5,3.9,74.1287478990531,76.728747899053,86.7706515940067,215.804652521723,206.468126713021,892.434794538768,535.460876723261,512.294813171531
2028,Cattle,10,fit,9403.71446666671,40,6.5,3.9,73.897206158442,76.497206158442,82.870495242912,206.608057048294,197.644822803854,828.300149627223,496.980089776334,475.419706202103
2028,Cattle,10,lwr,8900.92365829091,40,6.49999999999999,3.89999999999999,73.9311807660545,76.5311807660545,81.1556257646293,202.203932157531,193.439714483405,767.300931536322,460.380558921793,440.426073426512
2028,Cattle,10,upr,9906.5052750425,40,6.5,3.9,73.8693748433845,76.4693748433845,84.6251519819108,211.098658311055,201.933316588972,891.552661066982,534.931596640189,511.706290897496
2028,Cattle,15,fit,9691.59725952382,40,6.5,3.9,74.218692202319,76.818692202319,83.3029563433717,206.263665819008,197.388700794377,852.234562036345,511.340737221807,489.339134852852
2028,Cattle,15,lwr,9079.14373804507,40,6.5,3.9,74.1065249860053,76.7065249860053,81.515560560584,202.144873311645,193.432849928718,782.435732394143,469.461439436486,449.228628330524
2028,Cattle,15,upr,10304.0507810026,40,6.5,3.9,74.329966447321,76.929966447321,85.0777702353019,210.342993491951,201.307059587519,924.010897198709,554.406538319225,530.59029061222
2028,Cattle,5,fit,8761.07799999989,40,6.5,3.9,74.1604218793959,76.7604218793959,84.4240448671616,209.81168607915,200.744043206293,783.661070598081,470.196642358848,449.875680678391
2028,Cattle,5,lwr,7854.08693367828,40,6.5,3.9,74.2047717039224,76.8047717039224,80.7895224576148,200.546916745595,191.893735377075,671.510404116168,402.906242469701,385.521678063648
2028,Cattle,5,upr,9668.0690663215,40,6.5,3.9,74.1336738013659,76.7336738013659,88.1775648715018,219.333905502315,209.842648176697,904.037755744075,542.422653446445,518.950345454143
2029,Cattle,10,fit,9337.94533333336,40,6.5,3.9,73.8603793701013,76.4603793701013,83.4189664314034,208.096191335923,199.061988138406,828.431322988532,497.058793793119,475.47968599969
2029,Cattle,10,lwr,8781.77540305615,40,6.49999999999999,3.89999999999999,73.8973064676317,76.4973064676317,81.5236006499205,203.226292149037,194.412266565523,760.857404902349,456.514442941409,436.715184012952
2029,Cattle,10,upr,9894.11526361058,40,6.5,3.9,73.8309050579803,76.4309050579803,85.363252795997,213.072284922328,203.814117046828,898.762577462161,539.257546477297,515.826357877441
2029,Cattle,15,fit,9662.0930952381,40,6.5,3.9,74.2242470779721,76.8242470779721,83.9222861710218,207.728416877988,198.793815569316,855.673695408389,513.404217245033,491.322202370922
2029,Cattle,15,lwr,9001.13178947289,40,6.5,3.9,74.1027322702599,76.7027322702599,81.9857769766529,203.2697587599,194.511352482779,780.029350922819,468.017610553692,447.851854451632
2029,Cattle,15,upr,10323.0544010033,40,6.5,3.9,74.3446643997373,76.9446643997373,85.8432020087827,212.138888653205,203.030478151848,933.618734250007,560.171240550004,536.119688086537
2029,Cattle,5,fit,8586.61859999987,40,6.5,3.9,74.1705042171606,76.7705042171606,85.2410806366583,211.839225759228,202.683955235991,775.478221775362,465.286933065217,445.178156100648
2029,Cattle,5,lwr,7535.87609919706,40,6.5,3.9,74.2275572526526,76.8275572526526,81.0577774176459,201.157016920321,192.480617928458,646.264035866959,387.758421520175,371.033443047777
2029,Cattle,5,upr,9637.36110080267,40,6.5,3.9,74.1383871200757,76.7383871200757,89.5905451925847,222.879129083863,213.232387978504,915.73241227498,549.439447364988,525.658395619191
2030,Cattle,10,fit,9272.17620000002,40,6.5,3.9,73.8231600125484,76.4231600125484,83.9603920999717,209.570235504578,200.465487177254,828.423346913917,497.05400814835,475.459569232049
2030,Cattle,10,lwr,8662.14989221805,40,6.49999999999999,3.89999999999999,73.8629016760368,76.4629016760368,81.8827825347655,204.229791283169,195.366610845816,754.198806046316,452.51928362779,432.8808164043
2030,Cattle,10,upr,9882.20250778199,40,6.5,3.9,73.7923012154837,76.3923012154837,86.0970859182134,215.038774687496,205.687900852273,905.965330567967,543.579198340781,519.941877534227
2030,Cattle,15,fit,9632.58893095239,40,6.5,3.9,74.2297053021924,76.8297053021924,84.5391829891481,209.186711123291,200.192767601521,859.049464765073,515.429678859044,493.268876214319
2030,Cattle,15,lwr,8922.65109560855,40,6.5,3.9,74.0986714301219,76.6986714301219,82.4507312448959,204.382196153145,195.577910702855,777.459947924922,466.475968754953,446.381324202147
2030,Cattle,15,upr,10342.5267662962,40,6.50000000000001,3.90000000000001,74.3594047066654,76.9594047066655,86.6085187664389,213.932970617392,204.752227291299,943.290428386638,565.974257031983,541.685974735002
2030,Cattle,5,fit,8412.15919999988,40,6.5,3.9,74.1807363285329,76.7807363285329,86.058568213083,213.866726498759,204.623889564694,766.993630905205,460.196178543123,440.307538989
2030,Cattle,5,lwr,7216.84197245652,40,6.5,3.9,74.2527038656434,76.8527038656434,81.3336002268358,201.777938785402,193.07828888257,620.814610672686,372.488766403611,356.42892418322
2030,Cattle,5,upr,9607.47642754324,40,6.5,3.9,74.1428970485103,76.7428970485103,91.0076797475339,226.435526657951,216.632759924357,927.45948405375,556.47569043225,532.384941658258
2025,Dairy cattle,5,fit,5699.16369999995,50,6.5,3.25,76.5122358166666,79.7622358166666,94.4097140959266,226.882826973167,215.28433902371,551.256608573793,275.628304286897,261.537896438712
2025,Dairy cattle,5,lwr,5475.785967306,50,6.5,3.25,76.4540987358346,79.7040987358346,92.2133541973091,221.819880064409,210.467124137014,517.830924983537,258.915462491768,245.664152236601
2025,Dairy cattle,5,upr,5922.5414326939,50,6.5,3.25,76.5703728974987,79.8203728974987,96.606073994544,231.936012581283,220.092857324234,585.621950309926,292.810975154963,277.859412432408
2025,Dairy cattle,10,fit,5743.8678666667,50,6.5,3.25,76.4629542405555,79.7129542405555,94.815346560576,228.045242125968,216.375923772696,558.427129261232,279.213564630616,264.925908620556
2025,Dairy cattle,10,lwr,5620.66097549804,50,6.5,3.25,76.4111436307086,79.6611436307086,93.2458440090629,224.46469507095,212.966769986342,537.868964246306,268.934482123153,255.158647455066
2025,Dairy cattle,10,upr,5867.07475783535,50,6.5,3.25,76.5147648504024,79.7647648504024,96.3848491120891,231.619639489634,219.779594647491,579.346057284302,289.673028642151,274.865382553764
2025,Dairy cattle,15,fit,6033.73975238096,50,6.5,3.25,76.5967137350794,79.8467137350794,95.3191526062767,228.745870551847,217.071703269978,588.411144057611,294.205572028806,279.190634033045
2025,Dairy cattle,15,lwr,5730.92581046606,50,6.5,3.25,76.4726990927775,79.7226990927775,94.2816521925914,226.724710027258,215.125208902876,553.942509184545,276.971254592273,262.801081527863
2025,Dairy cattle,15,upr,6336.55369429585,50,6.5,3.25,76.7207283773812,79.9707283773812,96.356653019962,230.758948911105,219.010893659781,623.379797948586,311.689898974293,295.821607964525
2026,Dairy cattle,5,fit,5596.40739999994,50,6.5,3.25,76.5232229666666,79.7732229666666,95.1244622759377,228.558574404235,216.876966231932,545.315563960333,272.657781980166,258.722267276666
2026,Dairy cattle,5,lwr,5310.66164423049,50,6.5,3.25,76.4488537629853,79.6988537629853,92.314869253378,222.083542329834,210.716108221729,502.812494165556,251.406247082778,238.53791871365
2026,Dairy cattle,5,upr,5882.15315576938,50,6.5,3.25,76.597592170348,79.847592170348,97.9340552984975,235.017645845747,223.023603806324,589.356194082313,294.678097041156,279.639305076026
2026,Dairy cattle,10,fit,5655.15142424245,50,6.5,3.25,76.4561676688384,79.7061676688384,95.7216516287199,230.251153242737,218.46736832262,555.120294338379,277.560147169189,263.355184325031
2026,Dairy cattle,10,lwr,5514.04385078163,50,6.5,3.25,76.3968295152199,79.6468295152199,93.9241166492729,226.151608016798,214.563976483849,531.631796706829,265.815898353414,252.19593468068
2026,Dairy cattle,10,upr,5796.25899770326,50,6.5,3.25,76.5155058224568,79.7655058224568,97.5191866081669,234.342634836276,222.363570647311,579.082104592892,289.541052296446,274.740370153298
2026,Dairy cattle,15,fit,6004.33238809524,50,6.5,3.25,76.6181176523115,79.8681176523115,96.3386499383248,231.110030519568,219.320204088423,591.595106894764,295.797553447382,280.707763505933
2026,Dairy cattle,15,lwr,5671.83700405019,50,6.5,3.25,76.4819472505836,79.7319472505836,95.1994550376087,228.896442042227,217.187981972133,553.482426440672,276.741213220336,262.585408019388
2026,Dairy cattle,15,upr,6336.82777214028,50,6.5,3.25,76.7542880540394,80.0042880540394,97.4778448390409,233.313909866068,221.443649553866,630.30911519271,315.154557596355,299.120508707486
2027,Dairy cattle,5,fit,5493.65109999993,50,6.5,3.25,76.5342101166666,79.7842101166666,95.8392104559489,230.233709437022,218.469048554817,539.22626409675,269.613132048375,255.836230847876
2027,Dairy cattle,5,lwr,5143.6854510994,50,6.5,3.25,76.4431268158684,79.6931268158684,92.3981758108713,222.305233961143,210.92515818556,487.489361882342,243.744680941171,231.267093753589
2027,Dairy cattle,5,upr,5843.61674890047,50,6.5,3.25,76.6252934174648,79.8752934174648,99.2802451010265,238.138262547472,225.991623764709,593.269413233632,296.634706616816,281.504359258264
2027,Dairy cattle,10,fit,5566.4349818182,50,6.5,3.25,76.4493810971212,79.6993810971212,96.6279566968637,232.457565549923,220.559257558032,551.647784594544,275.823892297272,261.705884934029
2027,Dairy cattle,10,lwr,5406.96296310024,50,6.49999999999999,3.25,76.3823203794542,79.6323203794542,94.5964815261271,227.825848065077,216.149063270068,525.16701728482,262.58350864241,249.125285411041
2027,Dairy cattle,10,upr,5725.90700053615,50,6.5,3.25,76.5164418147882,79.7664418147882,98.6594318676004,237.078987578147,224.960272212288,578.733212347886,289.366606173943,274.575115909751
2027,Dairy cattle,15,fit,5974.92502380953,50,6.5,3.25,76.6395215695437,79.8895215695437,97.3581472703725,233.472513185537,221.567211120626,594.715517777343,297.357758888671,282.194800763055
2027,Dairy cattle,15,lwr,5612.11855215518,50,6.5,3.25,76.4909375429216,79.7409375429216,96.1151005927697,231.063313492331,219.24612258685,552.839271449124,276.419635724562,262.282802161457
2027,Dairy cattle,15,upr,6337.73149546388,50,6.5,3.25,76.7881055961657,80.0381055961657,98.6011939479752,235.870194531779,223.87788473851,637.305921261572,318.652960630786,302.451740175558
2028,Dairy cattle,5,fit,5390.89479999995,50,6.5,3.25,76.5451972666666,79.7951972666666,96.5539586359598,231.908232451672,220.060586309073,532.988790339825,266.494395169913,252.879823321468
2028,Dairy cattle,5,lwr,4975.71584235174,50,6.5,3.25,76.4371413188804,79.6871413188804,92.4717146166883,222.504427388851,211.112800408273,471.992697812287,235.996348906144,223.91397190778
2028,Dairy cattle,5,upr,5806.07375764816,50,6.5,3.25,76.6532532144528,79.9032532144528,100.636202655231,241.278395123156,228.978394878274,597.230579579158,298.615289789579,283.392343136346
2028,Dairy cattle,10,fit,5477.71853939397,50,6.5,3.25,76.442594525404,79.692594525404,97.5342617650074,234.664479240354,222.651591639141,548.009543611879,274.004771805939,259.977985406242
2028,Dairy cattle,10,lwr,5299.56166910998,50,6.49999999999999,3.25,76.3676765073429,79.6176765073429,95.2647648251199,229.491590229139,217.726004863992,518.498826764783,259.249413382392,245.958202576064
2028,Dairy cattle,10,upr,5655.87540967796,50,6.5,3.25,76.5175125434651,79.7675125434651,99.8037587048949,239.824523428213,227.565725425869,578.27507899187,289.137539495935,274.35807223834
2028,Dairy cattle,15,fit,5945.51765952382,50,6.5,3.25,76.6609254867758,79.9109254867758,98.3776446024206,235.833320572519,223.812726053485,597.772444918007,298.886222459003,283.651776033946
2028,Dairy cattle,15,lwr,5551.91589402081,50,6.5,3.25,76.4997295330837,79.7497295330837,97.0290871616558,233.226320298267,221.300588044126,552.028488735387,276.014244367693,261.900605853616
2028,Dairy cattle,15,upr,6339.11942502683,50,6.5,3.25,76.8221214404679,80.0721214404679,99.7262020431853,238.426813095956,226.312647018358,644.354817692849,322.177408846424,305.80798048165
2029,Dairy cattle,5,fit,5288.13849999994,50,6.5,3.25,76.5561844166666,79.8061844166666,97.268706815971,233.582143828005,221.651579811151,526.603223978992,263.301611989496,249.853080838525
2029,Dairy cattle,5,lwr,4807.15672141504,50,6.5,3.25,76.4310023933596,79.6810023933596,92.5394570482828,222.69028398323,211.287751188573,456.384201965936,228.192100982968,216.507855633782
2029,Dairy cattle,5,upr,5769.12027858484,50,6.5,3.25,76.6813664399735,79.9313664399735,101.997956583659,244.428887058997,231.975204898521,601.178134278878,300.589067139439,285.274016827219
2029,Dairy cattle,10,fit,5389.00209696972,50,6.5,3.25,76.4358079536868,79.6858079536868,98.4405668331513,236.871894506961,224.744370726243,544.205514943591,272.102757471796,258.171460688329
2029,Dairy cattle,10,lwr,5191.93108359074,50,6.49999999999999,3.25,76.352936214213,79.602936214213,95.9301272352218,231.151488156337,219.297327457676,511.642562426733,255.821281213367,242.701977496881
2029,Dairy cattle,10,upr,5586.0731103487,50,6.5,3.25,76.5186796931607,79.7686796931607,100.951006431081,242.576589466284,230.177404699098,577.692266340164,288.846133170082,274.08190310838
2029,Dairy cattle,15,fit,5916.1102952381,50,6.5,3.25,76.6823294040079,79.9323294040079,99.3971419344687,238.192454699912,226.056750571251,600.765956419486,300.382978209743,285.078719502506
2029,Dairy cattle,15,lwr,5491.334328157,50,6.5,3.25,76.5083663450984,79.7583663450984,97.9417755177728,235.386183199582,223.352071149655,551.061290449531,275.530645224765,261.44414867364
2029,Dairy cattle,15,upr,6340.8862623192,50,6.5,3.25,76.8562924629175,80.1062924629175,100.852508351165,240.9830509114,228.747248676794,651.444638369316,325.722319184658,309.183920048836
2030,Dairy cattle,5,fit,5185.38219999994,50,6.5,3.25,76.5671715666666,79.8171715666666,97.9834549959821,235.255443945513,223.242029377248,520.069646236412,260.034823118206,246.756039512126
2030,Dairy cattle,5,lwr,4638.22073499998,50,6.5,3.25,76.424765383493,79.674765383493,92.6034939528588,222.867626870096,211.454599346846,440.696350608964,220.348175304482,209.064168628565
2030,Dairy cattle,5,upr,5732.54366499989,50,6.5,3.25,76.7095777498401,79.9595777498401,103.363416039105,247.584920074927,234.977469046834,605.079741915386,302.539870957693,287.13401907467
2030,Dairy cattle,10,fit,5300.28565454547,50,6.5,3.25,76.4290213819697,79.6790213819697,99.3468719012951,239.079811542776,226.837594979707,540.235642113935,270.117821056967,256.286285714921
2030,Dairy cattle,10,lwr,5084.13138924294,50,6.49999999999999,3.25,76.3381248079217,79.5881248079217,96.5933354091815,232.807294776517,220.864699763237,504.608314641556,252.304157320778,239.361408366363
2030,Dairy cattle,10,upr,5516.439919848,50,6.5,3.25,76.5199179560176,79.7699179560176,102.100408393409,245.333433490517,232.793641923614,576.974582985291,288.487291492645,273.741765562696
2030,Dairy cattle,15,fit,5886.70293095239,50,6.5,3.25,76.7037333212401,79.9537333212401,100.416639266516,240.549917583757,228.299286355533,603.696120274819,301.848060137409,286.475661307089
2030,Dairy cattle,15,lwr,5430.45151661806,50,6.5,3.25,76.5168797847398,79.7668797847398,98.8534317466677,237.54343360652,225.401082725495,549.945968655587,274.972984327794,260.917371811722
2030,Dairy cattle,15,upr,6342.95434528671,50,6.50000000000001,3.25000000000001,76.8905868577403,80.1405868577403,101.979846786365,243.538382644203,231.18118396822,658.567137229493,329.283568614747,312.575637676181
2025,Non-dairy cattle,5,fit,3585.29249999995,50,6.5,3.25,70.345770725,73.595770725,62.2098578782002,166.922881898288,157.203366324816,255.141743649752,127.570871824876,120.142728592968
2025,Non-dairy cattle,5,lwr,3320.68401798729,50,6.5,3.25,70.345770725,73.595770725,59.8284431639811,160.53301667997,151.185567499047,227.265216659116,113.632608329558,107.016056459896
2025,Non-dairy cattle,5,upr,3849.90098201262,50,6.5,3.25,70.345770725,73.595770725,64.5912725924193,173.312747116607,163.221165150585,284.459942784471,142.229971392236,133.948264257538
2025,Non-dairy cattle,10,fit,3857.15400000001,50,6.5,3.25,70.345770725,73.595770725,60.8855646204008,163.36950861293,153.856897369125,268.645168279225,134.322584139612,126.501305034154
2025,Non-dairy cattle,10,lwr,3632.64883095224,50,6.5,3.25,70.345770725,73.595770725,59.4902882486358,159.625671848737,150.331055162182,247.21066743463,123.605333717315,116.408094175514
2025,Non-dairy cattle,10,upr,4081.65916904778,50,6.5,3.25,70.345770725,73.595770725,62.2808409921659,167.113345377123,157.382739576069,290.796330992324,145.398165496162,136.93198208366
2025,Non-dairy cattle,15,fit,3746.37,50,6.5,3.25,70.3437596793651,73.5937596793651,59.0622755751768,158.483328612243,149.254810857791,253.125153294961,126.56257664748,119.192811033218
2025,Non-dairy cattle,15,lwr,3577.99839008784,50,6.5,3.25,70.3414761638224,73.5914761638224,57.3078336921653,153.78232171502,144.827085145233,234.578176839523,117.289088419761,110.45896957294
2025,Non-dairy cattle,15,upr,3914.74160991216,50,6.5,3.25,70.3460431949077,73.5960431949077,60.8167174581884,163.183924003739,153.682177066672,272.346329559976,136.173164779988,128.244179377422
2026,Non-dairy cattle,5,fit,3513.58939999994,50,6.5,3.25,70.345770725,73.595770725,63.1469771354157,169.437381246656,159.571452459501,253.805653184945,126.902826592473,119.513582018234
2026,Non-dairy cattle,5,lwr,3175.10109248672,50,6.5,3.25,70.345770725,73.595770725,60.100661197348,161.263438194889,151.873458336274,218.29034372526,109.14517186263,102.789912561903
2026,Non-dairy cattle,5,upr,3852.07770751316,50,6.5,3.25,70.345770725,73.595770725,66.1932930734834,177.611324298424,167.269446582728,291.680062516767,145.840031258384,137.348119071561
2026,Non-dairy cattle,10,fit,3880.10130909092,50,6.5,3.25,70.345770725,73.595770725,61.3940353762605,164.733848716315,155.141795249062,272.500286132486,136.250143066243,128.316626867864
2026,Non-dairy cattle,10,lwr,3622.97786953934,50,6.5,3.25,70.345770725,73.595770725,59.7960398318598,160.446071334565,151.103684770757,247.819696697654,123.909848348827,116.694877656751
2026,Non-dairy cattle,10,upr,4137.22474864249,50,6.5,3.25,70.345770725,73.595770725,62.9920309206612,169.021626098064,159.179905727368,298.120912563668,149.060456281834,140.381026537127
2026,Non-dairy cattle,15,fit,3746.2732,50,6.5,3.25,70.3433561067163,73.5933561067163,59.1673360282307,158.76646841367,149.521379541926,253.570824271008,126.785412135504,119.402603822483
2026,Non-dairy cattle,15,lwr,3561.39801642684,50,6.5,3.25,70.3408487638491,73.5908487638491,57.2409259561324,153.604626266191,144.659611376381,233.220037521195,116.610018760598,109.819348586986
2026,Non-dairy cattle,15,upr,3931.14838357315,50,6.5,3.25,70.3458634495834,73.5958634495834,61.0937461003289,163.927814424096,154.382714267778,274.734460915754,137.367230457877,129.368685625673
2027,Non-dairy cattle,5,fit,3441.88629999996,50,6.5,3.25,70.345770725,73.595770725,64.0840963926312,171.951880595024,161.939538594186,252.315832054448,126.157916027224,118.812045793025
2027,Non-dairy cattle,5,lwr,3027.32448134713,50,6.5,3.25,70.345770725,73.595770725,60.3531365708443,161.940885763325,152.511459771761,209.004932611965,104.502466305982,98.4175405176403
2027,Non-dairy cattle,5,upr,3856.44811865278,50,6.5,3.25,70.345770725,73.595770725,67.8150562144181,181.962875426723,171.367617416611,299.165381305135,149.582690652568,140.872852463904
2027,Non-dairy cattle,10,fit,3903.04861818183,50,6.5,3.25,70.345770725,73.595770725,61.9025061321199,166.098188819699,156.426693128998,276.382098711192,138.191049355596,130.144518879657
2027,Non-dairy cattle,10,lwr,3612.46184839105,50,6.49999999999999,3.25,70.3457707249999,73.5957707249999,60.0965394563579,161.252378647287,151.863042759373,248.342158341656,124.171079170828,116.940897639987
2027,Non-dairy cattle,10,upr,4193.63538797261,50,6.5,3.25,70.3457707250001,73.5957707250001,63.708472807882,170.94399899211,160.990343498624,305.622680392897,152.811340196449,143.913505555973
2027,Non-dairy cattle,15,fit,3746.1764,50,6.5,3.25,70.3429525340675,73.5929525340675,59.2723964812846,159.049612598855,149.787952054087,254.01647887892,127.00823943946,119.612388667766
2027,Non-dairy cattle,15,lwr,3544.44754520321,50,6.5,3.25,70.3402166157284,73.5902166157284,57.1703701833114,153.417150979003,144.482926631659,231.826735366774,115.913367683387,109.163170426228
2027,Non-dairy cattle,15,upr,3947.90525479679,50,6.5,3.25,70.3456884524065,73.5956884524065,61.3744227792577,164.68148349181,155.092461400917,277.174035242026,138.587017621013,130.517415955413
2028,Non-dairy cattle,5,fit,3370.18319999994,50,6.5,3.25,70.345770725,73.595770725,65.0212156498469,174.466379943393,164.307624728871,250.672280258256,125.336140129128,118.038119917338
2028,Non-dairy cattle,5,lwr,2878.37109132654,50,6.5,3.25,70.345770725,73.595770725,60.5950212084688,162.589916032423,153.122698578499,199.517706303881,99.7588531519405,93.9501364812516
2028,Non-dairy cattle,5,upr,3861.99530867334,50,6.5,3.25,70.345770725,73.595770725,69.447410091225,186.342843854363,175.492550879244,306.807176164918,153.403588082459,144.471268280417
2028,Non-dairy cattle,10,fit,3925.99592727274,50,6.5,3.25,70.345770725,73.595770725,62.4109768879796,167.462528923084,157.711591008935,280.290606015344,140.145303007672,131.984981069533
2028,Non-dairy cattle,10,lwr,3601.36198918093,50,6.49999999999999,3.25,70.3457707249999,73.5957707249999,60.393410587775,162.048949906228,152.613231601064,248.802104771539,124.401052385769,117.157480071001
2028,Non-dairy cattle,10,upr,4250.62986536454,50,6.5,3.25,70.345770725,73.595770725,64.4285431881842,172.87610793994,162.809950416806,313.277582075112,156.638791037556,147.518093194422
2028,Non-dairy cattle,15,fit,3746.0796,50,6.5,3.25,70.3425489614186,73.5925489614186,59.3774569343384,159.332761167911,150.054528394365,254.462117118339,127.231058559169,119.822165568904
2028,Non-dairy cattle,15,lwr,3527.22784402426,50,6.5,3.25,70.3395808162155,73.5895808162155,57.0970090188331,153.222153497403,144.299157327168,230.407243658757,115.203621829378,108.494660671237
2028,Non-dairy cattle,15,upr,3964.93135597574,50,6.5,3.25,70.3455171066218,73.5955171066218,61.6579048498437,165.442673562733,155.80929204982,279.65607950586,139.82803975293,131.68614489512
2029,Non-dairy cattle,5,fit,3298.48009999993,50,6.5,3.25,70.345770725,73.595770725,65.9583349070624,176.980879291761,166.675710863556,248.87499779637,124.437498898185,117.191804391174
2029,Non-dairy cattle,5,lwr,2728.71937778202,50,6.5,3.25,70.345770725,73.595770725,60.8306210970082,163.222082922225,153.718055919721,189.879833901023,94.9399169505113,89.4117952762945
2029,Non-dairy cattle,5,upr,3868.24082221783,50,6.5,3.25,70.345770725,73.595770725,71.0860487171166,190.739675661296,179.633365807392,314.554277996102,157.277138998051,148.119271697544
2029,Non-dairy cattle,10,fit,3948.94323636364,50,6.5,3.25,70.345770725,73.595770725,62.9194476438393,168.826869026469,158.996488888872,284.225808044941,142.11290402247,133.838013437491
2029,Non-dairy cattle,10,lwr,3589.84431946541,50,6.49999999999999,3.25,70.3457707249999,73.5957707249999,60.6876850701771,162.838553778461,153.356858750119,249.214842475615,124.607421237808,117.351832564057
2029,Non-dairy cattle,10,upr,4308.04215326188,50,6.5,3.25,70.3457707250001,73.5957707250001,65.1512102175014,174.815184274476,164.636119027624,321.070311121998,160.535155560999,151.187581838208
2029,Non-dairy cattle,15,fit,3745.9828,50,6.5,3.25,70.3421453887698,73.5921453887698,59.4825173873923,159.615914120954,150.321108562855,254.907738988903,127.453869494452,120.031934525734
2029,Non-dairy cattle,15,lwr,3509.79746131589,50,6.5,3.25,70.3389421593649,73.5889421593649,57.0214525406711,153.02126836491,144.109842996828,228.968060473289,114.484030236644,107.816879309243
2029,Non-dairy cattle,15,upr,3982.16813868411,50,6.5,3.25,70.3453486181748,73.5953486181748,61.9435822341135,166.209750093142,156.531666680404,282.174095880692,141.087047940346,132.871812566618
2030,Non-dairy cattle,5,fit,3226.77699999994,50,6.5,3.25,70.345770725,73.595770725,66.8954541642779,179.495378640128,169.043796998241,246.923984668793,123.461992334396,116.273099214535
2030,Non-dairy cattle,5,lwr,2578.62123745654,50,6.5,3.25,70.345770725,73.595770725,61.0622032484857,163.843469330092,154.303260500388,180.118260063721,90.0591300318607,84.8152047717433
2030,Non-dairy cattle,5,upr,3874.93276254335,50,6.5,3.25,70.345770725,73.595770725,72.7287050800701,195.147287950165,183.784333496094,322.379742138364,161.189871069182,151.804174846314
2030,Non-dairy cattle,10,fit,3971.89054545455,50,6.5,3.25,70.345770725,73.595770725,63.4279183996987,170.191209129853,160.281386768808,288.187704799982,144.093852399991,135.703615983532
2030,Non-dairy cattle,10,lwr,3578.01850297511,50,6.49999999999999,3.25,70.3457707249999,73.5957707249999,60.980044452291,163.623019010772,154.095646469823,249.59049140476,124.79524570238,117.528720464464
2030,Non-dairy cattle,10,upr,4365.76258793399,50,6.5,3.25,70.3457707250001,73.5957707250001,65.8757923471063,176.759399248933,166.467127067792,328.990747582677,164.495373791338,154.917206142021
2030,Non-dairy cattle,15,fit,3745.886,50,6.5,3.25,70.341741816121,73.591741816121,59.5875778404462,159.899071458098,150.58769255965,255.353344490254,127.676672245127,120.241695538093
2030,Non-dairy cattle,15,lwr,3492.19957899049,50,6.5,3.25,70.338301230825,73.588301230825,56.9441507068422,152.81570112663,143.91611911208,227.513979269334,113.756989634667,107.132083610494
2030,Non-dairy cattle,15,upr,3999.57242100951,50,6.50000000000001,3.25000000000001,70.3451824014171,73.5951824014171,62.2310049740501,166.981507537729,157.258449821062,284.723291157145,142.361645578572,134.072161808716
2025,Cattle,10,fit,9601.02186666671,50,6.5,3.25,74.0054117837805,77.2554117837805,81.1842564592146,202.062147025555,191.259273053895,827.072297540457,413.536148770229,391.42721365471
2025,Cattle,10,lwr,9253.30980645028,50,6.5,3.25,74.0300097168897,77.2800097168897,79.9941445916521,199.010300174967,188.377346202732,785.079631680935,392.539815840468,371.566741630581
2025,Cattle,10,upr,9948.73392688313,50,6.5,3.25,73.9838165286556,77.2338165286556,82.3930247787616,205.154693421053,194.180086459437,870.142388276626,435.071194138313,411.797364637424
2025,Cattle,15,fit,9780.10975238096,50,6.5,3.25,74.2014564139636,77.4514564139636,81.4305889968618,201.831092915308,191.093756431049,841.536297352572,420.768148676286,398.383445066263
2025,Cattle,15,lwr,9308.9242005539,50,6.5,3.25,74.1160888877266,77.3660888877266,80.0703147469548,198.688414712401,188.105268874137,788.520686024067,394.260343012034,373.260051100803
2025,Cattle,15,upr,10251.295304208,50,6.5,3.25,74.2863779276702,77.5363779276702,82.7847423073556,204.953550281419,194.063310200331,895.726127508562,447.863063754281,424.065787341948
2025,Cattle,5,fit,9284.4561999999,50,6.5,3.25,74.1309890782024,77.3809890782024,81.9753937101519,203.728650062152,192.855747480562,806.398352223545,403.199176111772,381.68062503168
2025,Cattle,5,lwr,8796.46998529329,50,6.5,3.25,74.1481933856072,77.3981933856072,79.9879891733725,198.683973491257,188.088224644578,745.096141642653,372.548070821326,352.680208696497
2025,Cattle,5,upr,9772.44241470652,50,6.5,3.25,74.1181607483151,77.3681607483151,83.9936880498088,208.841093450156,197.687978967667,870.081893094397,435.040946547199,411.807676689946
2026,Cattle,10,fit,9535.25273333337,50,6.5,3.25,73.9697145203056,77.2197145203056,81.7529994614295,203.590739914373,192.698818096081,827.620580470865,413.810290235433,391.671811192895
2026,Cattle,10,lwr,9137.02172032097,50,6.5,3.25,73.9974861892113,77.2474861892113,80.3917785609836,200.098292987842,189.400937639396,779.451493404483,389.725746702241,368.890812337431
2026,Cattle,10,upr,9933.48374634575,50,6.5,3.25,73.9458553967281,77.1958553967281,83.1388738540307,207.136903105206,196.048027289938,877.203017156559,438.60150857828,415.121396690425
2026,Cattle,15,fit,9750.60558809524,50,6.5,3.25,74.2072960061817,77.4572960061817,82.0570860034456,203.314962258295,192.502847625015,845.165931165771,422.582965582886,400.110367328416
2026,Cattle,15,lwr,9233.23502047703,50,6.5,3.25,74.1132329353047,77.3632329353047,80.5582778253486,199.855253037152,189.212695455378,786.702463961868,393.351231980934,372.404756606374
2026,Cattle,15,upr,10267.9761557134,50,6.5,3.25,74.3007891713955,77.5507891713955,83.5480023096671,206.749080263558,195.769019680079,905.043576108465,452.521788054232,428.489194333159
2026,Cattle,5,fit,9109.99679999988,50,6.5,3.25,74.14067210613,77.39067210613,82.791224921958,205.756415176932,194.775087364931,799.121217145278,399.560608572639,378.2358492949
2026,Cattle,5,lwr,8485.76273671721,50,6.5,3.25,74.1652752300153,77.4152752300153,80.2613426151981,199.326604023222,188.699070068197,721.102837890815,360.551418945408,341.327831275554
2026,Cattle,5,upr,9734.23086328254,50,6.5,3.25,74.1235906432405,77.3735906432405,85.3734447783951,212.300533974393,200.960294526049,881.03625659908,440.51812829954,416.987424147587
2027,Cattle,10,fit,9469.48360000003,50,6.5,3.25,73.9336485571939,77.1836485571939,82.3151253358733,205.106140214511,194.125660167864,828.029883305736,414.014941652868,391.850403813686
2027,Cattle,10,lwr,9019.42481149129,50,6.49999999999999,3.25,73.9645602918208,77.2145602918208,80.7785577556493,201.161828638873,190.401213342444,773.509175626475,386.754587813238,366.066183051028
2027,Cattle,10,upr,9919.54238850876,50,6.5,3.25,73.9076980203514,77.1576980203514,83.8833894842126,209.119428794583,197.916024976601,884.355892740783,442.177946370392,418.488621465724
2027,Cattle,15,fit,9721.10142380953,50,6.5,3.25,74.2130415552628,77.4630415552628,82.6812156592166,204.792500330768,193.905966308803,848.731996656263,424.365998328131,401.807189430821
2027,Cattle,15,lwr,9156.56609735839,50,6.5,3.25,74.1100332323079,77.3600332323079,81.0398472029396,201.006985914003,190.305772726724,784.666006815898,392.333003407949,371.445972587685
2027,Cattle,15,upr,10285.6367502607,50,6.5,3.25,74.3153318522557,77.5653318522558,84.3125534792777,208.546044046902,197.476180999456,914.479956503597,457.239978251799,432.969156130972
2027,Cattle,5,fit,8935.53739999989,50,6.5,3.25,74.1504805426001,77.4004805426001,83.6074344410591,207.784088418121,196.694404549723,791.542096151198,395.771048075599,374.648276640901
2027,Cattle,5,lwr,8171.00993244653,50,6.5,3.25,74.1840822769456,77.4340822769457,80.5256248533893,199.940499294238,189.283130980096,696.494294494306,348.247147247153,329.68463427123
2027,Cattle,5,upr,9700.06486755325,50,6.5,3.25,74.1287478990531,77.3787478990531,86.7706515940067,215.804652521723,204.274795125857,892.434794538768,446.217397269384,422.377211722167
2028,Cattle,10,fit,9403.71446666671,50,6.5,3.25,73.897206158442,77.147206158442,82.870495242912,206.608057048294,195.539520244905,828.300149627223,414.150074813611,391.962966475774
2028,Cattle,10,lwr,8900.92365829091,50,6.49999999999999,3.25,73.9311807660545,77.1811807660545,81.1556257646293,202.203932157531,191.38102364164,767.300931536322,383.650465768161,363.115682647065
2028,Cattle,10,upr,9906.5052750425,50,6.5,3.25,73.8693748433845,77.1193748433845,84.6251519819108,211.098658311055,199.780666662331,891.552661066982,445.776330533491,421.876165432762
2028,Cattle,15,fit,9691.59725952382,50,6.5,3.25,74.218692202319,77.468692202319,83.3029563433717,206.263665819008,195.303072568651,852.234562036345,426.117281018173,403.47394160285
2028,Cattle,15,lwr,9079.14373804507,50,6.5,3.25,74.1065249860053,77.3565249860053,81.515560560584,202.144873311645,191.385697577479,782.435732394143,391.217866197072,370.395266524853
2028,Cattle,15,upr,10304.0507810026,50,6.5,3.25,74.329966447321,77.579966447321,85.0777702353019,210.342993491951,199.183417091461,924.010897198709,462.005448599355,437.49412537677
2028,Cattle,5,fit,8761.07799999989,50,6.5,3.25,74.1604218793959,77.4104218793959,84.4240448671616,209.81168607915,198.613717046199,783.661070598081,391.83053529904,370.917943238805
2028,Cattle,5,lwr,7854.08693367828,50,6.5,3.25,74.2047717039224,77.4547717039224,80.7895224576148,200.546916745595,189.860548669861,671.510404116168,335.755202058084,317.864108389031
2028,Cattle,5,upr,9668.0690663215,50,6.5,3.25,74.1336738013659,77.3836738013659,88.1775648715018,219.333905502315,207.61300358993,904.037755744075,452.018877872038,427.863611416763
2029,Cattle,10,fit,9337.94533333336,50,6.5,3.25,73.8603793701013,77.1103793701013,83.4189664314034,208.096191335923,196.940111435913,828.431322988532,414.215661494266,392.00947412582
2029,Cattle,10,lwr,8781.77540305615,50,6.49999999999999,3.25,73.8973064676317,77.1473064676317,81.5236006499205,203.226292149037,192.341956117807,760.857404902349,380.428702451174,360.053810060938
2029,Cattle,10,upr,9894.11526361058,50,6.5,3.25,73.8309050579803,77.0809050579803,85.363252795997,213.072284922328,201.639772588609,898.762577462161,449.381288731081,425.269484946588
2029,Cattle,15,fit,9662.0930952381,50,6.5,3.25,74.2242470779721,77.4742470779721,83.9222861710218,207.728416877988,196.694125981117,855.673695408389,427.836847704195,405.11065402824
2029,Cattle,15,lwr,9001.13178947289,50,6.5,3.25,74.1027322702599,77.3527322702599,81.9857769766529,203.2697587599,192.453271120409,780.029350922819,390.01467546141,369.261027982883
2029,Cattle,15,upr,10323.0544010033,50,6.5,3.25,74.3446643997373,77.5946643997373,85.8432020087827,212.138888653205,200.889738818606,933.618734250007,466.809367125004,442.055732615454
2029,Cattle,5,fit,8586.61859999987,50,6.5,3.25,74.1705042171606,77.4205042171606,85.2410806366583,211.839225759228,200.533044314087,775.478221775362,387.739110887681,367.044885229699
2029,Cattle,5,lwr,7535.87609919706,50,6.5,3.25,74.2275572526526,77.4775572526526,81.0577774176459,201.157016920321,190.441927692369,646.264035866959,323.132017933479,305.919650910076
2029,Cattle,5,upr,9637.36110080267,50,6.5,3.25,74.1383871200757,77.3883871200757,89.5905451925847,222.879129083863,210.966254775712,915.73241227498,457.86620613749,433.393288524763
2030,Cattle,10,fit,9272.17620000002,50,6.5,3.25,73.8231600125484,77.0731600125484,83.9603920999717,209.570235504578,198.327138703631,828.423346913917,414.211673456959,391.989901698453
2030,Cattle,10,lwr,8662.14989221805,50,6.49999999999999,3.24999999999999,73.8629016760368,77.1129016760368,81.8827825347655,204.229791283169,193.284836671213,754.198806046316,377.099403023158,356.890128830827
2030,Cattle,10,upr,9882.20250778199,50,6.5,3.25,73.7923012154837,77.0423012154837,86.0970859182134,215.038774687496,203.491892954438,905.965330567967,452.982665283984,428.658971704716
2030,Cattle,15,fit,9632.58893095239,50,6.5,3.25,74.2297053021924,77.4797053021925,84.5391829891481,209.186711123291,198.079085605318,859.049464765073,429.524732382536,406.717356845182
2030,Cattle,15,lwr,8922.65109560855,50,6.5,3.25,74.0986714301219,77.3486714301219,82.4507312448959,204.382196153145,193.509019192396,777.459947924922,388.729973962461,368.049455422216
2030,Cattle,15,upr,10342.5267662962,50,6.50000000000001,3.25,74.3594047066654,77.6094047066655,86.6085187664389,213.932970617392,202.594424130762,943.290428386638,471.645214193319,446.647799484897
2030,Cattle,5,fit,8412.15919999988,50,6.5,3.25,74.1807363285329,77.4307363285329,86.058568213083,213.866726498759,202.452407411792,766.993630905205,383.496815452602,363.029138726661
2030,Cattle,5,lwr,7216.84197245652,50,6.5,3.25,74.2527038656434,77.5027038656434,81.3336002268358,201.777938785402,191.034080696029,620.814610672686,310.407305336343,293.879373400308
2030,Cattle,5,upr,9607.47642754324,50,6.5,3.25,74.1428970485103,77.3928970485103,91.0076797475339,226.435526657951,214.330011865031,927.45948405375,463.729742026875,438.938193920984
