"Animal","Year","Population_size_1000s","Red_in_perc","Ym_org_in_perc","Ym_upd_in_perc","DE_org_in_perc","DE_upd_in_perc","GE_org_in_MJ_per_head_per_day","GE_upd_in_MJ_per_head_per_day","Ch4_emission_org_in_kt_CRT","Ch4_emission_org_in_kt","Ch4_emission_upd_in_kt_Ym","CH4_Ym_in_kt_diff","CH4_emis_upd_in_kt_Ym_DE","CH4_Ym_De_in_kt_diff","CH4_Ym_and_Ym_DE_in_kt_diff"
"Cattle",1990,101088.450771948,10,6.2296122790063,5.60665105110567,65.3167707714529,65.9397319993535,155.777263847172,153.693448738969,6288.64083424356,6455.51769171236,5809.96592254113,645.551769171235,5732.23242750948,723.285264202878,77.7334950316435
"Dairy cattle",1990,19512.3505454128,10,6.53676278883145,5.88308650994831,66.6397611542452,67.2934374331283,199.547879004794,196.846094821959,1546.96093902158,1669.34894367322,1502.4140493059,166.934894367322,1482.07207155737,187.276872115858,20.3419777485358
"Non-dairy cattle",1990,81576.1002265352,10,6.1561443343354,5.54052990090186,65.0003220561359,65.6159364895694,145.307682877107,143.371681027651,4741.67989522198,4786.16874803914,4307.55187323523,478.616874803913,4250.16035595212,536.00839208702,57.3915172831075
"Cattle",1991,101143.694941027,10,6.21096523844984,5.58986871460486,65.3877886024258,66.0088851262708,156.479319704843,154.396505113719,6296.64485018056,6466.74396777503,5820.06957099752,646.674396777502,5742.59133637186,724.152631403167,77.4782346256652
"Dairy cattle",1991,19411.0245340661,10,6.48859478784027,5.83973530905624,66.6401948292278,67.2890543080118,200.773366298765,198.074749350374,1531.83634605865,1658.5665732689,1492.70991594201,165.85665732689,1472.64623741505,185.920335853844,20.0636785269544
"Non-dairy cattle",1991,81732.6704069609,10,6.1450298668565,5.53052688017085,65.0903495505262,65.7048525372118,145.959746309448,144.02318112637,4764.80850412191,4808.17739450613,4327.35965505551,480.817739450612,4269.9450989568,538.232295549323,57.4145560987108
"Cattle",1992,103348.090791999,10,6.20525081934016,5.58472573740614,65.4094945080481,66.0300195899821,157.76754909266,155.671341625069,6487.8899704977,6652.70899016617,5987.43809114955,665.270899016616,5907.88037471417,744.828615451999,79.5577164353836
"Dairy cattle",1992,19076.825883357,10,6.44420700799858,5.79978630719872,66.6298436064301,67.27426430723,203.303974739647,200.589034939775,1510.75086168457,1639.26499115531,1475.33849203978,163.926499115531,1455.63668741225,183.628303743065,19.7018046275336
"Non-dairy cattle",1992,84271.2649086419,10,6.15115734382713,5.53604160944442,65.1332391641656,65.7483548985483,147.459284889438,145.503142353637,4977.13910881313,5013.44399901085,4512.09959910977,501.344399901084,4452.24368730192,561.200311708934,59.8559118078501
"Cattle",1993,104512.885166898,10,6.21274325645525,5.59146893080973,65.3906459822527,66.0119203078982,158.088326370047,155.985073523435,6586.5314305599,6746.61263357067,6071.9513702136,674.661263357067,5991.1689816075,755.443651963171,80.7823886061042
"Dairy cattle",1993,18990.6367644308,10,6.41380335884158,5.77242302295742,66.6257129377613,67.2670932736455,203.979600752399,201.268010720569,1498.62131140788,1629.55716816461,1466.60145134815,162.955716816461,1447.10527691956,182.451891245053,19.4961744285918
"Non-dairy cattle",1993,85522.2484024669,10,6.16809686977153,5.55128718279438,65.1163932776063,65.7332029645835,147.897942712794,145.929774136422,5087.91011915202,5117.05546540605,4605.34991886545,511.705546540606,4544.06370468794,572.991760718118,61.2862141775122
"Cattle",1994,106543.661997847,10,6.18558737552707,5.56702863797436,65.5629160718764,66.1814748094291,158.556696684988,156.466215405486,6705.50262826811,6867.42443663437,6180.68199297094,686.742443663437,6099.1959449852,768.228491649168,81.4860479857307
"Dairy cattle",1994,18713.976504305,10,6.38492808591511,5.7464352773236,66.9240510155643,67.5625438241558,205.022188892918,202.329507735644,1474.79300944536,1606.7586687463,1446.08280187167,160.67586687463,1427.09051653181,179.668152214495,18.9922853398646
"Non-dairy cattle",1994,87829.6854935424,10,6.14311361110914,5.52880224999823,65.2728974157441,65.887208776855,148.65623849077,146.694068662005,5230.70961882275,5260.66576788807,4734.59919109926,526.066576788807,4672.1054284534,588.560339434673,62.4937626458659
"Cattle",1995,109041.908025086,10,6.17584754321448,5.55826278889303,65.6295844805073,66.2471692348287,158.880860827559,156.793069923087,6866.45314408403,7030.49090884521,6327.44181796069,703.04909088452,6244.29822405193,786.192684793277,83.1435939087569
"Dairy cattle",1995,18680.6537635394,10,6.360590374151,5.7245313367359,66.9227226617768,67.5587816991919,206.034516147186,203.338611271951,1470.75200892023,1605.67326626246,1445.10593963621,160.567326626246,1426.19712658513,179.476139677325,18.9088130510795
"Non-dairy cattle",1995,90361.254261547,10,6.13765510234782,5.52388959211304,65.3622501364887,65.9760156467235,149.132643896422,147.170570221413,5395.7011351638,5424.81764258275,4882.33587832447,542.481764258275,4818.1010974668,606.716545115953,64.2347808576778
"Cattle",1996,108147.990911336,10,6.17018133099826,5.55316319789843,65.681681082795,66.2986992158948,159.431256725896,157.341125114806,6828.01310499576,6989.42519218052,6290.48267296247,698.942519218052,6208.01813483262,781.407057347903,82.4645381298506
"Dairy cattle",1996,18555.5217474709,10,6.33863142570585,5.70476828313527,66.9229835536451,67.5568466962157,206.470706991451,203.778303289071,1456.2338267961,1592.77639404889,1433.498754644,159.277639404889,1414.80575256831,177.970641480577,18.6930020756881
"Non-dairy cattle",1996,89592.4691638649,10,6.13529358401594,5.52176422561435,65.4245945753239,66.0381239337255,149.688902814485,147.723507947366,5371.77927819966,5396.64879813163,4856.98391831847,539.664879813164,4793.21238226431,603.436415867326,63.7715360541624
"Cattle",1997,105709.28014629,10,6.15627406826703,5.54064666144033,65.7835119138491,66.3991393206758,160.119792121542,158.030669058507,6686.56994728129,6846.04497787196,6161.44048008477,684.604497787196,6081.05255237887,764.992425493087,80.3879277058913
"Dairy cattle",1997,18366.7448038228,10,6.32082061344984,5.68873855210486,66.921976496813,67.554058558158,208.438324506443,205.727719237459,1448.61776316089,1587.12424554684,1428.41182099215,158.712424554683,1409.83625137256,177.287994174272,18.5755696195888
"Non-dairy cattle",1997,87342.5353424668,10,6.12167254918044,5.5095052942624,65.544110934916,66.1562781898341,149.95917392871,148.000738680404,5237.9521841204,5258.92073232513,4733.02865909261,525.892073232513,4671.21630100631,587.704431318815,61.8123580863021
"Cattle",1998,104264.808441053,10,6.14455170086042,5.53009653077438,65.8670676408868,66.4815228109729,160.655590256487,158.567854346184,6603.47367924195,6761.92611561993,6085.73350405794,676.192611561994,6006.64998326874,755.27613235119,79.083520789196
"Dairy cattle",1998,18137.4489423687,10,6.30226034585344,5.6720343112681,66.9215509819682,67.5517770165535,209.900095070272,207.178349557551,1434.85796630615,1573.66713095037,1416.30041785533,157.366713095037,1397.93544614976,175.731684800608,18.3649717055712
"Non-dairy cattle",1998,86127.3594986844,10,6.11134004183615,5.50020603765253,65.6450053615976,66.2561393657812,150.285253850599,148.331033200252,5168.6157129358,5188.25898466956,4669.43308620261,518.825898466956,4608.71453711898,579.544447550582,60.7185490836255
"Cattle",1999,104257.101933663,10,6.10394088638448,5.49354679774603,65.9441935371493,66.5545876257878,162.05035942319,159.957692104507,6613.06502953084,6778.05941333843,6100.25347200459,677.805941333843,6021.45893639103,756.600476947408,78.7945356135651
"Dairy cattle",1999,18072.0209694026,10,6.28270477574962,5.65443429817466,65.915271431758,66.543541909333,217.504493264615,214.618622891993,1475.23942130491,1619.75490391206,1457.77941352085,161.975490391206,1438.4374571495,181.317446762564,19.3419563713576
"Non-dairy cattle",1999,86185.0809642603,10,6.06645615328411,5.4598105379557,65.9502581702536,66.556903785582,150.422264880495,148.49592312609,5137.82560822593,5158.30450942637,4642.47405848374,515.830450942637,4583.02147924153,575.283030184845,59.4525792422082
"Cattle",2000,102952.359145949,10,6.10759448582199,5.49683503723979,66.100473380663,66.7112328292452,162.402822470114,160.312369927255,6541.348263555,6711.27462177716,6040.14715959944,671.127462177717,5962.3809934721,748.893628305063,77.766166127346
"Dairy cattle",2000,18142.2024967036,10,6.27078310282253,5.64370479254028,65.9184714877048,66.5455497979871,219.855040677752,216.943680087475,1491.76409919687,1640.49878301367,1476.44890471231,164.049878301368,1456.89749874278,183.601284270894,19.5514059695261
"Non-dairy cattle",2000,84810.1566492453,10,6.07268592001159,5.46541732801043,66.1394063967932,66.7466749887944,150.112905580578,148.198057948921,5049.58416435813,5070.77583876349,4563.69825488714,507.077583876349,4505.48349472932,565.292344034169,58.2147601578199
"Cattle",2001,102163.813848344,10,6.11682096078901,5.5051388647101,66.0560436945364,66.6677257906153,162.309078046068,160.215687881257,6497.00316143459,6662.47897234049,5996.23107510645,666.247897234049,5918.88573417022,743.593238170276,77.3453409362273
"Dairy cattle",2001,17926.5809741059,10,6.23312559170227,5.60981303253204,65.9348781429328,66.558190702103,221.693688840796,218.776603206034,1480.85902009824,1624.74186212298,1462.26767591068,162.474186212298,1443.02689348751,181.714968635472,19.2407824231736
"Non-dairy cattle",2001,84237.2328742385,10,6.092070095731,5.4828630861579,66.081829015326,66.6910360248991,149.671399935051,147.753300945368,5016.14414133635,5037.73711021751,4533.96339919576,503.773711021751,4475.85884068271,561.878269534805,58.1045585130532
"Cattle",2002,102092.757209596,10,6.10730194878845,5.49657175390961,66.0935261630431,66.7042563579219,162.968343477122,160.871566834133,6505.37042609382,6674.34926666016,6006.91433999414,667.434926666014,5929.61992929786,744.729337362292,77.2944106962786
"Dairy cattle",2002,17832.9470134924,10,6.21951933766818,5.59756740390136,65.931817323697,66.5537692574638,224.157832978635,221.214431874478,1485.19255651506,1630.65301159585,1467.58771043626,163.065301159585,1448.31691704063,182.336094555222,19.2707933956372
"Non-dairy cattle",2002,84259.8101961033,10,6.08355199320195,5.47519679388176,66.12775060714,66.7361058064602,150.018054109943,148.100459085346,5020.17786957876,5043.69625506431,4539.32662955788,504.369625506429,4481.30301225724,562.39324280707,58.0236173006415
"Cattle",2003,101279.540370337,10,6.09217000965229,5.48295300868706,66.1645073675868,66.7737243685521,164.670526323127,162.560491024077,6511.03927219147,6674.10227223009,6006.69204500708,667.410227223009,5929.71412450548,744.38814772461,76.9779205016011
"Dairy cattle",2003,17918.7594908953,10,6.20976560929247,5.58878904836322,65.9305254384641,66.5515019993934,224.622187965698,221.677147590472,1491.24956740905,1639.31909326925,1475.38718394232,163.931909326925,1456.04325863756,183.275834631687,19.3439253047623
"Non-dairy cattle",2003,83360.780879442,10,6.06689232817055,5.46020309535349,66.2148027927128,66.8214920255299,151.783658005442,149.853110649953,5019.78970478242,5034.78317896084,4531.30486106476,503.478317896084,4473.67086586792,561.112313092923,57.6339951968384
"Cattle",2004,99314.7946386389,10,6.09777372231153,5.48799635008038,66.2355009650105,66.8452783372416,164.443045025455,162.341269944274,6383.36108679988,6539.65419584168,5885.68877625751,653.965419584168,5810.4609846572,729.193211184484,75.2277916003159
"Dairy cattle",2004,17642.3099397161,10,6.1952651694507,5.57573865250563,66.6282841743538,67.2478106912989,222.182615474878,219.328423384637,1447.94339822536,1592.77018624911,1433.4931676242,159.277018624911,1415.07829366251,177.691892586598,18.4148739616867
"Non-dairy cattle",2004,81672.4846989228,10,6.07671431248408,5.46904288123567,66.1506547264774,66.7583261577258,151.970553201434,150.031309897346,4935.41768857452,4946.88400959257,4452.19560863331,494.688400959257,4395.38269099468,551.501318597886,56.8129176386292
"Cattle",2005,99986.237863469,10,6.09344813170701,5.48410331853631,66.2446643368426,66.8540091500133,165.425924557227,163.313667055065,6459.55846100624,6618.04125147222,5956.237126325,661.804125147221,5880.18287679472,737.858374677495,76.0542495302734
"Dairy cattle",2005,17793.4431946766,10,6.18302889486947,5.56472600538252,66.6180008882528,67.2363037777397,224.686879262109,221.805373216132,1473.37747145681,1621.3123105544,1459.18107949896,162.131231055439,1440.46775223855,180.844558315844,18.7133272604049
"Non-dairy cattle",2005,82192.7946687924,10,6.07405530990201,5.46664977891181,66.1638428640264,66.7712483950166,152.596862892483,150.651135562729,4986.18098954943,4996.72894091782,4497.05604682604,499.672894091782,4439.71512455617,557.01381636165,57.3409222698683
"Cattle",2006,101341.021654928,10,6.06988683451968,5.46289815106771,66.383232098098,66.99022078155,166.554595439123,164.442705658836,6566.90448771353,6728.40449922836,6055.56404930553,672.840449922836,5978.77673374845,749.627765479914,76.7873155570778
"Dairy cattle",2006,18077.6693365023,10,6.17035264708805,5.55331738237925,66.6107955198104,67.2278307845192,226.559870854871,223.659677897673,1505.64604871539,1657.53652833912,1491.78287550521,165.753652833912,1472.68656258411,184.84996575501,19.0963129210984
"Non-dairy cattle",2006,83263.3523184256,10,6.04807426405905,5.44326683765315,66.3338248117439,66.9386322381498,153.526588552453,151.585850710832,5061.25843899814,5070.86797088924,4563.78117380032,507.086797088924,4506.09017116434,564.777799724904,57.6910026359801
"Cattle",2007,100990.442357579,10,6.10697266288617,5.49627539659756,66.0516462496747,66.6623435159633,169.007099565819,166.827570050258,6673.87007375831,6841.63323608224,6157.46991247402,684.163323608224,6078.0563003283,763.576935753948,79.4136121457232
"Dairy cattle",2007,18189.9240790303,10,6.15920269736417,5.54328242762775,65.1081694380682,65.7240897078046,235.496235765883,232.36610803842,1570.84493181794,1730.48185024024,1557.43366521622,173.048185024024,1536.73284049465,193.749009745587,20.7008247215629
"Non-dairy cattle",2007,82800.5182785487,10,6.09549857574817,5.48594871817335,66.2589127249365,66.8684625825113,154.400520226656,152.429821641911,5103.02514194037,5111.151385842,4600.0362472578,511.1151385842,4541.32345983364,569.827926008361,58.7127874241605
"Cattle",2008,99954.0161817038,10,6.11681038776273,5.50512934898646,66.0232733664355,66.6349544052118,169.972783931759,167.776871681295,6649.43340155368,6819.57819649174,6137.62037684257,681.957819649173,6058.3235535777,761.254642914038,79.2968232648655
"Dairy cattle",2008,18422.4170494047,10,6.15293579493991,5.53764221544592,65.2074579107589,65.8227514902529,236.026369550866,232.90062383178,1591.6500194689,1754.7579356085,1579.28214204765,175.47579356085,1558.36738407324,196.39055153526,20.9147579744097
"Non-dairy cattle",2008,81531.5991322991,10,6.10864769594532,5.49778292635079,66.207610393058,66.8184751626525,155.047690902378,153.061878541132,5057.78338208478,5064.82026088324,4558.33823479492,506.482026088323,4499.95616950446,564.864091378779,58.382065290456
"Cattle",2009,99553.900095252,10,6.11607386059455,5.5044664745351,66.0215672625492,66.6331746486087,170.05430077951,167.857627856421,6619.81429478063,6794.06759495241,6114.66083545717,679.406759495239,6035.67200846286,758.395586489548,78.9888269943085
"Dairy cattle",2009,18560.4843814227,10,6.14478641685998,5.53030777517398,65.2084961071029,65.8229747487889,236.874091192307,233.74129893509,1606.3865538871,1771.90875892677,1594.71788303409,177.190875892677,1573.62684766054,198.281911266226,21.0910353735492
"Non-dairy cattle",2009,80993.4157138293,10,6.10949407941829,5.49854467147646,66.207890982183,66.8188403901248,154.741850188358,152.759698756023,5013.42774089353,5022.15883602564,4519.94295242307,502.215883602563,4462.04516080231,560.113675223322,57.8977916207596
"Cattle",2010,98781.7885555922,10,6.10543100509652,5.49488790458687,66.0781382392135,66.6886813397231,170.021200438929,167.831538950325,6556.86978348551,6727.97888860543,6055.18099974489,672.797888860543,5977.1953014416,750.783587163833,77.9856983032896
"Dairy cattle",2010,18297.4462969609,10,6.12997512036377,5.51697760832739,65.1897990712969,65.8027965833333,238.842609608564,235.689714815519,1593.52309064916,1757.06851423495,1581.36166281146,175.706851423495,1560.48654776909,196.581966465868,20.8751150423725
"Non-dairy cattle",2010,80484.3422586313,10,6.09985110447976,5.48986599403178,66.2800947659402,66.8900798763882,154.375225047641,152.404546645247,4963.34669283635,4970.91037437048,4473.81933693343,497.091037437048,4416.70875367252,554.201620697965,57.1105832609173
"Cattle",2011,97379.0193057095,10,6.08796911424628,5.47917220282165,66.189130752612,66.7979276640366,170.786212319153,168.597828835203,6471.15471380478,6644.73894166749,5980.26504750074,664.47389416675,5903.63174796587,741.107193701626,76.6332995348757
"Dairy cattle",2011,18441.8621811029,10,6.12610957048768,5.51349861343891,65.1893733823673,65.8019843394161,240.551353454711,237.377838937952,1615.63588902632,1782.4815077172,1604.23335694548,178.24815077172,1583.06923638071,199.412271336495,21.164120564775
"Non-dairy cattle",2011,78937.1571246066,10,6.07905846857382,5.47115262171644,66.4227012067327,67.0306070535901,154.487181992583,152.528951853384,4855.51882477846,4862.25743395029,4376.03169055526,486.22574339503,4320.56251158516,541.694922365131,55.469178970101
"Cattle",2012,95444.2795843382,10,6.08348966216156,5.4751406959454,66.195901857235,66.8042508234512,172.315165678413,170.108903685526,6386.99612278976,6566.27271725739,5909.64544553165,656.627271725738,5833.97575728568,732.296959971702,75.6696882459637
"Dairy cattle",2012,18586.7148155314,10,6.12104243023662,5.50893818721296,65.1906625002034,65.8027667432271,242.780890478708,239.580682549991,1640.54764975756,1811.63299232576,1630.46969309318,181.163299232576,1608.97771310628,202.655279219476,21.4919799869003
"Non-dairy cattle",2012,76857.5647688068,10,6.07440815414287,5.46696733872858,66.4390021598103,67.0464429752246,155.274210307623,153.308317492538,4746.4484730322,4754.63972493163,4279.17575243847,475.463972493162,4224.9980441794,529.641680752226,54.1777082590634
"Cattle",2013,94514.9760518977,10,6.07919408813677,5.47127467932309,66.2177137414369,66.8256331502506,173.1013292052,170.887634678046,6346.12796325711,6527.3796688559,5874.64170197031,652.737966885588,5799.50956174862,727.870107107281,75.1321402216927
"Dairy cattle",2013,18505.3118069965,10,6.11625785333924,5.50463206800532,65.1949015130877,65.8065272984216,244.050629039719,240.836524569331,1639.4524390003,1811.71475260828,1630.54327734745,181.171475260828,1609.06930509217,202.645447516111,21.4739722552831
"Non-dairy cattle",2013,76009.6642449012,10,6.07017054437261,5.46315348993535,66.4667275924207,67.073744646858,155.828013647646,153.857878911452,4706.67552425681,4715.66491624762,4244.09842462286,471.566491624761,4190.44025665645,525.22465959117,53.6581679664096
"Cattle",2014,93482.2964865342,10,6.07447265480763,5.46702538932686,66.249660540907,66.8571078063878,173.33876199283,171.125146285011,6275.23486640749,6459.79232072915,5813.81308865623,645.979232072916,5739.56352324859,720.228797480559,74.2495654076438
"Dairy cattle",2014,18516.5807545852,10,6.10928171563081,5.49835354406773,65.1919503254968,65.8028784970599,245.891758302958,242.656791527686,1650.98472244309,1824.41071360962,1641.96964224866,182.441071360962,1620.3677907863,204.042922823324,21.6018514623618
"Non-dairy cattle",2014,74965.715731949,10,6.06587479404647,5.45928731464182,66.5109156550264,67.117503134431,155.418124511461,153.456783184466,4624.2501439644,4635.38160711953,4171.84344640757,463.538160711953,4119.19573246229,516.185874657235,52.6477139452818
"Cattle",2015,94961.506629302,10,6.0841453442135,5.47573080979215,66.1728185349661,66.7812330693875,173.616054682153,171.392256204673,6391.01168972081,6580.6924316468,5922.62318848212,658.069243164679,5846.76038728294,733.932044363858,75.8628011991786
"Dairy cattle",2015,18812.1359575811,10,6.09858096323359,5.48872286691023,65.1849839045439,65.7948420008673,246.490649841053,243.252799843384,1679.05310985985,1854.79129137876,1669.31216224088,185.479129137876,1647.38442427554,207.406867103216,21.9277379653397
"Non-dairy cattle",2015,76149.3706717209,10,6.08057913184375,5.47252121865938,66.4168557372067,67.0249136503911,155.612927671518,153.639643084008,4711.95857986096,4725.90114026804,4253.31102624124,472.590114026804,4199.3759630074,526.525177260643,53.9350632338383
"Cattle",2016,98180.0073519939,10,6.08278774349092,5.47450896914183,66.185627293802,66.7939060681511,173.542583063845,171.321103010652,6604.01263134302,6798.61984467138,6118.75786020424,679.861984467138,6040.43208990164,758.187754769738,78.3257703026002
"Dairy cattle",2016,18856.9768601127,10,6.09106362915002,5.48195726623502,65.1815322425204,65.7906386054354,249.260863208128,245.990300277443,1699.50198098195,1877.78988312458,1690.01089481212,187.778988312457,1667.83618630037,209.953696824204,22.1747085117468
"Non-dairy cattle",2016,79323.0304918812,10,6.08082036802124,5.47273833121912,66.4243246434867,67.0324066802888,155.54254136455,153.570453340665,4904.51065036107,4920.8299615468,4428.74696539212,492.08299615468,4372.59590360127,548.234057945533,56.1510617908534
"Cattle",2017,100308.508229505,10,6.06965213438088,5.4626869209428,66.274151413189,66.8811166266271,173.834815180511,171.618437822131,6748.2358232211,6944.04175706783,6249.63758136105,694.404175706783,6169.95278760604,774.088969461785,79.6847937550028
"Dairy cattle",2017,18923.0662188034,10,6.0894664017275,5.48051976155475,65.1852518555902,65.7941984957629,250.995338437931,247.703194591266,1715.43197955844,1896.9858841976,1707.28729577784,189.69858841976,1684.89391030597,212.091973891634,22.3933854718737
"Non-dairy cattle",2017,81385.4420107013,10,6.06504508570223,5.45854057713201,66.5273332836193,67.1338377921895,155.894091938071,153.927842858052,5032.80384366266,5047.05587287023,4542.35028558321,504.705587287022,4485.05887730008,561.996995570152,57.2914082831294
"Cattle",2018,100727.429337528,10,6.06186090984745,5.45567481886271,66.3244930381898,66.9306791291745,174.163891565165,171.948298314887,6778.82987190121,6977.99587174338,6280.19628456904,697.79958717434,6200.30050675078,777.695364992607,79.8957778182676
"Dairy cattle",2018,19005.9191123963,10,6.08711819226108,5.47840637303497,65.1888161454926,65.7975279647187,253.298489469328,249.977714413853,1737.0607812619,1922.03329565769,1729.82996609192,192.203329565769,1707.15167766767,214.881617990017,22.678288424248
"Non-dairy cattle",2018,81721.5102251316,10,6.05598683990883,5.45038815591795,66.5886166832492,67.1942153672401,155.759608988703,153.801047160584,5041.76909063931,5055.9625760857,4550.36631847712,505.59625760857,4493.14882908311,562.813747002589,57.2174893940191
"Cattle",2019,100581.185860223,10,6.05624763733413,5.45062287360072,66.3667707567126,66.972395520446,174.946330107178,172.724760324264,6793.88178527845,6993.31869739939,6293.98682765945,699.33186973994,6214.05774077005,779.260956629341,79.9290868894013
"Dairy cattle",2019,18882.1466860419,10,6.08682402554048,5.47814162298643,65.1860714528485,65.7947538554025,254.511374684738,251.174613457274,1732.19908164197,1918.56715726236,1726.71044153613,191.856715726236,1704.07247315647,214.494684105886,22.6379683796501
"Non-dairy cattle",2019,81699.0391741811,10,6.04918087310927,5.44426278579834,66.6396520252443,67.2445701125552,156.557388719606,154.593560137223,5061.68270363648,5074.75154013703,4567.27638612333,507.475154013704,4509.98526761358,564.766272523455,57.291118509751
"Cattle",2020,99851.3706829068,10,6.0506571538332,5.44559143844988,66.4011343531485,67.0062000685318,175.6762303462,173.448852944438,6761.01484334618,6965.48626952045,6268.9376425684,696.548626952044,6189.44968153223,776.036587988217,79.4879610361731
"Dairy cattle",2020,18791.7124481271,10,6.08339361722834,5.47505425550551,65.19149892789,65.7998382896128,257.669853208438,254.294047009018,1743.40269977244,1931.98425091535,1738.78582582382,193.198425091535,1716.00549705353,215.978753861818,22.7803287702832
"Non-dairy cattle",2020,81059.6582347797,10,6.04306800011498,5.43876120010348,66.6815589388615,67.285865738873,156.668000889512,154.706858803846,5017.61214357374,5033.5020186051,4530.15181674459,503.35020186051,4473.4441844787,560.057834126399,56.7076322658895
"Cattle",2021,99961.2305633913,10,6.03570790686236,5.43213711617612,66.5243365440543,67.1279073347406,176.390845352467,174.165222239581,6774.31029824951,6986.38138363322,6287.7432452699,698.638138363321,6208.39879286544,777.982590767778,79.3444524044571
"Dairy cattle",2021,18859.4659206171,10,6.08467611261459,5.47620850135313,65.2020159620676,65.8104835733291,260.117784292023,256.710153818586,1764.28422845022,1957.78319927982,1762.00487935184,195.778319927982,1738.92202272377,218.861176556055,23.0828566280732
"Non-dairy cattle",2021,81101.7646427742,10,6.0243208031212,5.42188872280908,66.8318299760648,67.4342620563769,156.920919407905,154.970161183994,5010.02606979929,5028.5981843534,4525.73836591806,502.859818435339,4469.47677014168,559.121414211722,56.2615957763837
"Cattle",2022,98015.2850473235,10,6.02904622419714,5.42614160177742,66.5752063535481,67.1781109759678,176.621060526727,174.397104474868,6639.27939375694,6852.56070327076,6167.30463294368,685.256070327076,6089.63819934361,762.922503927144,77.6664336000686
"Dairy cattle",2022,18626.1558140982,10,6.08340995565975,5.47506896009378,65.2102965286737,65.8186375242397,261.303036841057,257.881335647726,1748.14995735105,1941.96978608094,1747.77280747285,194.196978608094,1724.8861377529,217.083648328043,22.8866697199487
"Non-dairy cattle",2022,79389.1292332253,10,6.01629148884938,5.41466233996444,66.8954394045445,67.4970685534294,156.753105043265,154.81016212061,4891.12943640589,4910.59091718981,4419.53182547083,491.059091718982,4364.75206159071,545.838855599101,54.7797638801194
"Cattle",1990,101088.450771948,20,6.2296122790063,4.98368982320504,65.3167707714529,66.5626932272541,155.777263847172,151.671021658181,6288.64083424356,6455.51769171236,5164.41415336989,1291.10353834247,5028.25723831459,1427.26045339777,136.1569150553
"Dairy cattle",1990,19512.3505454128,20,6.53676278883145,5.22941023106516,66.6397611542452,67.9471137120115,199.547879004794,194.224987966754,1546.96093902158,1669.34894367322,1335.47915493858,333.869788734645,1299.85557396762,369.493369705609,35.6235809709638
"Non-dairy cattle",1990,81576.1002265352,20,6.1561443343354,4.92491546746832,65.0003220561359,66.231550923003,145.307682877107,141.492453359319,4741.67989522198,4786.16874803914,3828.93499843131,957.233749607827,3728.40166434698,1057.76708369216,100.533334084336
"Cattle",1991,101143.694941027,20,6.21096523844984,4.96877219075987,65.3877886024258,66.6299816501158,156.479319704843,152.374753783701,6296.64485018056,6466.74396777503,5173.39517422002,1293.348793555,5037.67549571384,1429.06847206119,135.719678506181
"Dairy cattle",1991,19411.0245340661,20,6.48859478784027,5.19087583027222,66.6401948292278,67.9379137867958,200.773366298765,195.456138577919,1531.83634605865,1658.5665732689,1326.85325861512,331.713314653779,1291.71323452595,366.853338742953,35.1400240891737
"Non-dairy cattle",1991,81732.6704069609,20,6.1450298668565,4.9160238934852,65.0903495505262,66.3193555238975,145.959746309448,142.143180374461,4764.80850412191,4808.17739450613,3846.5419156049,961.635478901225,3745.96226118789,1062.21513331823,100.579654417007
"Cattle",1992,103348.090791999,20,6.20525081934016,4.96420065547213,65.4094945080481,66.6505446719161,157.76754909266,153.636481775395,6487.8899704977,6652.70899016617,5322.16719213293,1330.54179803323,5182.80103695931,1469.90795320685,139.36615517362
"Dairy cattle",1992,19076.825883357,20,6.44420700799858,5.15536560639886,66.6298436064301,67.9186850080298,203.303974739647,197.954071138161,1510.75086168457,1639.26499115531,1311.41199292425,327.852998231063,1276.90244753557,362.362543619746,34.5095453886827
"Non-dairy cattle",1992,84271.2649086419,20,6.15115734382713,4.9209258750617,65.1332391641656,66.363470632931,147.459284889438,143.604130454216,4977.13910881313,5013.44399901085,4010.75519920868,1002.68879980217,3905.89858942375,1107.54540958711,104.856609784937
"Cattle",1993,104512.885166898,20,6.21274325645525,4.9701946051642,65.3906459822527,66.6331946335437,158.088326370047,153.943452336886,6586.5314305599,6746.61263357067,5397.29010685653,1349.32252671413,5255.78113599757,1490.83149757309,141.50897085896
"Dairy cattle",1993,18990.6367644308,20,6.41380335884158,5.13104268707326,66.6257129377613,67.9084736095296,203.979600752399,198.635940378387,1498.62131140788,1629.55716816461,1303.64573453169,325.911433632923,1269.49408393687,360.06308422774,34.1516505948177
"Non-dairy cattle",1993,85522.2484024669,20,6.16809686977153,4.93447749581722,65.1163932776063,66.3500126515606,147.897942712794,144.01926509498,5087.91011915202,5117.05546540605,4093.64437232484,1023.41109308121,3986.2870520607,1130.76841334535,107.357320264142
"Cattle",1994,106543.661997847,20,6.18558737552707,4.94846990042165,65.5629160718764,66.8000335469819,158.556696684988,154.436463062243,6705.50262826811,6867.42443663437,5493.9395493075,1373.48488732687,5351.17959194286,1516.24484469152,142.75995736464
"Dairy cattle",1994,18713.976504305,20,6.38492808591511,5.10794246873209,66.9240510155643,68.2010366327473,205.022188892918,199.714886719935,1474.79300944536,1606.7586687463,1285.40693499704,321.351733749261,1252.13227796546,354.626390780846,33.2746570315849
"Non-dairy cattle",1994,87829.6854935424,20,6.14311361110914,4.91449088888731,65.2728974157441,66.5015201379659,148.65623849077,144.788934988784,5230.70961882275,5260.66576788807,4208.53261431045,1052.13315357761,4099.0473139774,1161.61845391067,109.485300333055
"Cattle",1995,109041.908025086,20,6.17584754321448,4.94067803457158,65.6295844805073,66.8647539891502,158.880860827559,154.765736540311,6866.45314408403,7030.49090884521,5624.39272707617,1406.09818176904,5478.72197705347,1551.76893179174,145.670750022699
"Dairy cattle",1995,18680.6537635394,20,6.360590374151,5.0884722993208,66.9227226617768,68.194840736607,206.034516147186,200.720573392227,1470.75200892023,1605.67326626246,1284.53861300997,321.134653252492,1251.40841335355,354.264852908907,33.130199656415
"Non-dairy cattle",1995,90361.254261547,20,6.13765510234782,4.91012408187826,65.3622501364887,66.5897811569583,149.132643896422,145.265354955238,5395.7011351638,5424.81764258275,4339.8541140662,1084.96352851655,4227.31356369992,1197.50407888283,112.540550366284
"Cattle",1996,108147.990911336,20,6.17018133099826,4.93614506479861,65.681681082795,66.9157173489946,159.431256725896,155.311383898384,6828.01310499576,6989.42519218052,5591.54015374441,1397.8850384361,5447.05439060234,1542.37080157818,144.485763142077
"Dairy cattle",1996,18555.5217474709,20,6.33863142570585,5.07090514056468,66.9229835536451,68.1907098387863,206.470706991451,201.16340442868,1456.2338267961,1592.77639404889,1274.22111523911,318.555278809777,1241.46742785659,351.308966192294,32.7536873825165
"Non-dairy cattle",1996,89592.4691638649,20,6.13529358401594,4.90823486721275,65.4245945753239,66.6516532921271,149.688902814485,145.814958896867,5371.77927819966,5396.64879813163,4317.31903850531,1079.32975962633,4205.58696274575,1191.06183538589,111.732075759561
"Cattle",1997,105709.28014629,20,6.15627406826703,4.92501925461362,65.7835119138491,67.0147667275025,160.119792121542,156.001631145264,6686.56994728129,6846.04497787196,5476.83598229757,1369.20899557439,5335.97922373862,1510.06575413335,140.856758558954
"Dairy cattle",1997,18366.7448038228,20,6.32082061344984,5.05665649075987,66.921976496813,68.186140619503,208.438324506443,203.094931849553,1448.61776316089,1587.12424554684,1269.69939643747,317.424849109367,1237.15018818871,349.974057358123,32.5492082487563
"Non-dairy cattle",1997,87342.5353424668,20,6.12167254918044,4.89733803934435,65.544110934916,66.7684454447521,149.95917392871,146.098659670783,5237.9521841204,5258.92073232513,4207.1365858601,1051.78414646503,4098.8290355499,1160.09169677522,108.307550310197
"Cattle",1998,104264.808441053,20,6.14455170086042,4.91564136068834,65.8670676408868,67.0959779810589,160.655590256487,156.539933887154,6603.47367924195,6761.92611561993,5409.54089249594,1352.38522312399,5270.96200977186,1490.96410584807,138.578882724086
"Dairy cattle",1998,18137.4489423687,20,6.30226034585344,5.04180827668275,66.9215509819682,68.1820030511389,209.900095070272,204.53451983846,1434.85796630615,1573.66713095037,1258.93370476029,314.733426190073,1226.7521876319,346.914943318466,32.1815171283927
"Non-dairy cattle",1998,86127.3594986844,20,6.11134004183615,4.88907203346892,65.6450053615976,66.8672733699648,150.285253850599,146.432816273555,5168.6157129358,5188.25898466956,4150.60718773565,1037.65179693391,4044.20982213996,1144.04916252961,106.397365595693
"Cattle",1999,104257.101933663,20,6.10394088638448,4.88315270910758,65.9441935371493,67.1649817144262,162.05035942319,157.924626030635,6613.06502953084,6778.05941333843,5422.44753067075,1355.61188266769,5284.36360429805,1493.69580904039,138.083926372701
"Dairy cattle",1999,18072.0209694026,20,6.28270477574962,5.0261638205997,65.915271431758,67.1718123869079,217.504493264615,211.817144378035,1475.23942130491,1619.75490391206,1295.80392312965,323.950980782412,1261.92099552285,357.833908389206,33.8829276067934
"Non-dairy cattle",1999,86185.0809642603,20,6.06645615328411,4.85316492262729,65.9502581702536,67.1635494009104,150.422264880495,146.623984309686,5137.82560822593,5158.30450942637,4126.6436075411,1031.66090188527,4022.44260877519,1135.86190065118,104.200998765908
"Cattle",2000,102952.359145949,20,6.10759448582199,4.8860755886576,66.100473380663,67.3219922778274,162.402822470114,158.281279519954,6541.348263555,6711.27462177716,5369.01969742173,1342.25492435543,5232.73211081933,1478.54251095784,136.287586602404
"Dairy cattle",2000,18142.2024967036,20,6.27078310282253,5.01662648225802,65.9184714877048,67.1726281082693,219.855040677752,214.117293410952,1491.76409919687,1640.49878301367,1312.39902641094,328.099756602735,1278.14821322273,362.350569790946,34.2508131882107
"Non-dairy cattle",2000,84810.1566492453,20,6.07268592001159,4.85814873600927,66.1394063967932,67.3539435807955,150.112905580578,146.337093697863,5049.58416435813,5070.77583876349,4056.62067101079,1014.1551677527,3954.5838975966,1116.19194116689,102.036773414193
"Cattle",2001,102163.813848344,20,6.11682096078901,4.8934567686312,66.0560436945364,67.2794078866942,162.309078046068,158.181848806967,6497.00316143459,6662.47897234049,5329.9831778724,1332.4957944681,5194.43635084745,1468.04262149304,135.546827024945
"Dairy cattle",2001,17926.5809741059,20,6.23312559170227,4.98650047336182,65.9348781429328,67.1815032612733,221.693688840796,215.94412859977,1480.85902009824,1624.74186212298,1299.79348969839,324.948372424597,1266.08373003409,358.658132088891,33.7097596642948
"Non-dairy cattle",2001,84237.2328742385,20,6.092070095731,4.8736560765848,66.081829015326,67.3002430344722,149.671399935051,145.88942002431,5016.14414133635,5037.73711021751,4030.18968817401,1007.5474220435,3928.35262081336,1109.38448940415,101.83706736065
"Cattle",2002,102092.757209596,20,6.10730194878845,4.88584155903076,66.0935261630431,67.3149865528008,162.968343477122,158.834297582177,6505.37042609382,6674.34926666016,5339.47941332812,1334.86985333203,5204.01724830238,1470.33201835777,135.46216502574
"Dairy cattle",2002,17832.9470134924,20,6.21951933766818,4.97561547013454,65.931817323697,67.1757211912306,224.157832978635,218.356230612713,1485.19255651506,1630.65301159585,1304.52240927668,326.13060231917,1270.75905514585,359.893956450001,33.7633541308312
"Non-dairy cattle",2002,84259.8101961033,20,6.08355199320195,4.86684159456156,66.12775060714,67.3444610057804,150.018054109943,146.236933840153,5020.17786957876,5043.69625506431,4034.95700405145,1008.73925101286,3933.25819315654,1110.43806190777,101.698810894909
"Cattle",2003,101279.540370337,20,6.09217000965229,4.87373600772183,66.1645073675868,67.3829413695173,164.670526323127,160.510106086385,6511.03927219147,6674.10227223009,5339.28181778407,1334.82045444602,5204.36679048444,1469.73548174565,134.915027299629
"Dairy cattle",2003,17918.7594908953,20,6.20976560929247,4.96781248743398,65.9305254384641,67.1724785603226,224.622187965698,218.817227460434,1491.24956740905,1639.31909326925,1311.4552746154,327.863818653849,1277.56304810604,361.756045163211,33.892226509362
"Non-dairy cattle",2003,83360.780879442,20,6.06689232817055,4.85351386253644,66.2148027927128,67.4281812583469,151.783658005442,147.976738794408,5019.78970478242,5034.78317896084,4027.82654316868,1006.95663579217,3926.80374237841,1107.97943658244,101.022800790268
"Cattle",2004,99314.7946386389,20,6.09777372231153,4.87821897784922,66.2355009650105,67.4550557094728,164.443045025455,160.298763554399,6383.36108679988,6539.65419584168,5231.72335667335,1307.93083916834,5099.87077543114,1439.78342041055,131.85258124221
"Dairy cattle",2004,17642.3099397161,20,6.1952651694507,4.95621213556056,66.6282841743538,67.8673372082439,222.182615474878,216.555158863744,1447.94339822536,1592.77018624911,1274.21614899929,318.554037249823,1241.94271448069,350.82747176842,32.2734345185977
"Non-dairy cattle",2004,81672.4846989228,20,6.07671431248408,4.86137144998726,66.1506547264774,67.3659975889742,151.970553201434,148.146656687596,4935.41768857452,4946.88400959257,3957.50720767406,989.376801918514,3857.92806095044,1088.95594864213,99.5791467236118
"Cattle",2005,99986.237863469,20,6.09344813170701,4.87475850536561,66.2446643368426,67.463353963184,165.425924557227,161.260916651602,6459.55846100624,6618.04125147222,5294.43300117778,1323.60825029444,5161.13003801545,1456.91121345677,133.302963162328
"Dairy cattle",2005,17793.4431946766,20,6.18302889486947,4.94642311589558,66.6180008882528,67.8546066672267,224.686879262109,219.005432691203,1473.37747145681,1621.3123105544,1297.04984844352,324.262462110879,1264.25256433893,357.059746215469,32.7972841045901
"Non-dairy cattle",2005,82192.7946687924,20,6.07405530990201,4.85924424792161,66.1638428640264,67.3786539260068,152.596862892483,148.760140031278,4986.18098954943,4996.72894091782,3997.38315273426,999.345788183565,3896.87747367652,1099.8514672413,100.505679057738
"Cattle",2006,101341.021654928,20,6.06988683451968,4.85590946761574,66.383232098098,67.597209465002,166.554595439123,162.389916643124,6566.90448771353,6728.40449922836,5382.72359938269,1345.68089984567,5248.12301901892,1480.28148020944,134.600580363767
"Dairy cattle",2006,18077.6693365023,20,6.17035264708805,4.93628211767044,66.6107955198104,67.844866049228,226.559870854871,220.841430201786,1505.64604871539,1657.53652833912,1326.0292226713,331.507305667824,1292.55983824108,364.976690098043,33.4693844302187
"Non-dairy cattle",2006,83263.3523184256,20,6.04807426405905,4.83845941124724,66.3338248117439,67.5434396645557,153.526588552453,149.699253765529,5061.25843899814,5070.86797088924,4056.69437671139,1014.17359417785,3955.56318077785,1115.3047901114,101.131195933548
"Cattle",2007,100990.442357579,20,6.10697266288617,4.88557813030894,66.0516462496747,67.2730407822519,169.007099565819,164.710037781007,6673.87007375831,6841.63323608224,5473.3065888658,1368.32664721645,5334.13493540386,1507.49830067838,139.171653461935
"Dairy cattle",2007,18189.9240790303,20,6.15920269736417,4.92736215789134,65.1081694380682,66.340009977541,235.496235765883,229.327571074638,1570.84493181794,1730.48185024024,1384.38548019219,346.096370048048,1348.12243843715,382.359411803093,36.2630417550449
"Non-dairy cattle",2007,82800.5182785487,20,6.09549857574817,4.87639886059854,66.2589127249365,67.4780124400861,154.400520226656,150.514619090133,5103.02514194037,5111.151385842,4088.9211086736,1022.2302771684,3986.01249696671,1125.13888887529,102.90861170689
"Cattle",2008,99954.0161817038,20,6.11681038776273,4.89344831021018,66.0232733664355,67.2466354439881,169.972783931759,165.643525991508,6649.43340155368,6819.57819649174,5455.66255719339,1363.91563929835,5316.69882547665,1502.87937101509,138.963731716744
"Dairy cattle",2008,18422.4170494047,20,6.15293579493991,4.92234863595193,65.2074579107589,66.4380450697469,236.026369550866,229.866025543214,1591.6500194689,1754.7579356085,1403.8063484868,350.9515871217,1367.16667113524,387.591264473261,36.6396773515605
"Non-dairy cattle",2008,81531.5991322991,20,6.10864769594532,4.88691815675626,66.207610393058,67.4293399322471,155.047690902378,151.13217476955,5057.78338208478,5064.82026088324,4051.85620870659,1012.96405217665,3949.53215434141,1115.28810654183,102.324054365184
"Cattle",2009,99553.900095252,20,6.11607386059455,4.89285908847564,66.0215672625492,67.2447820346681,170.05430077951,165.72353369441,6619.81429478063,6794.06759495241,5435.25407596193,1358.81351899048,5296.82976881748,1497.23782613493,138.424307144448
"Dairy cattle",2009,18560.4843814227,20,6.14478641685998,4.91582913348798,65.2084961071029,66.4374533904749,236.874091192307,230.699739849176,1606.3865538871,1771.90875892677,1417.52700714142,354.381751785354,1380.57780034377,391.330958582995,36.9492067976414
"Non-dairy cattle",2009,80993.4157138293,20,6.10949407941829,4.88759526353463,66.207890982183,67.4297897980667,154.741850188358,150.833559628361,5013.42774089353,5022.15883602564,4017.72706882051,1004.43176720513,3916.2519684737,1105.90686755193,101.475100346806
"Cattle",2010,98781.7885555922,20,6.10543100509652,4.88434480407722,66.0781382392135,67.2992244402328,170.021200438929,165.704077308167,6556.86978348551,6727.97888860543,5382.38311088435,1345.59577772109,5245.71106150235,1482.26782710308,136.672049381995
"Dairy cattle",2010,18297.4462969609,20,6.12997512036377,4.90398009629102,65.1897990712969,66.4157940953697,238.842609608564,232.62846635312,1593.52309064916,1757.06851423495,1405.65481138796,351.413702846991,1369.08285975846,387.985654476494,36.5719516295032
"Non-dairy cattle",2010,80484.3422586313,20,6.09985110447976,4.87988088358381,66.2800947659402,67.5000649868362,154.375225047641,150.489373675852,4963.34669283635,4970.91037437048,3976.72829949639,994.182074874095,3876.62820174389,1094.28217262659,100.100097752492
"Cattle",2011,97379.0193057095,20,6.08796911424628,4.87037529139702,66.189130752612,67.4067245754612,170.786212319153,166.471312434807,6471.15471380478,6644.73894166749,5315.791153334,1328.9477883335,5181.48004478338,1463.25889688411,134.311108550616
"Dairy cattle",2011,18441.8621811029,20,6.12610957048768,4.90088765639014,65.1893733823673,66.4145952964648,240.551353454711,234.296514644424,1615.63588902632,1782.4815077172,1425.98520617376,356.496301543441,1388.90660535787,393.574902359334,37.078600815893
"Non-dairy cattle",2011,78937.1571246066,20,6.07905846857382,4.86324677485906,66.4227012067327,67.6385129004475,154.487181992583,150.625504489371,4855.51882477846,4862.25743395029,3889.80594716023,972.451486790058,3792.57343942551,1069.68399452478,97.2325077347227
"Cattle",2012,95444.2795843382,20,6.08348966216156,4.86679172972925,66.195901857235,67.4125997896673,172.315165678413,167.964967337055,6386.99612278976,6566.27271725739,5253.01817380591,1313.25454345148,5120.3945081968,1445.87820906059,132.623665609111
"Dairy cattle",2012,18586.7148155314,20,6.12104243023662,4.8968339441893,65.1906625002034,66.4148709862507,242.780890478708,236.473362702817,1640.54764975756,1811.63299232576,1449.30639386061,362.326598465151,1411.65293473939,399.980057586367,37.6534591212162
"Non-dairy cattle",2012,76857.5647688068,20,6.07440815414287,4.8595265233143,66.4390021598103,67.6538837906389,155.274210307623,151.397359308315,4746.4484730322,4754.63972493163,3803.7117799453,950.927944986325,3708.74157345741,1045.89815147422,94.9702064878948
"Cattle",2013,94514.9760518977,20,6.07919408813677,4.86335527050942,66.2177137414369,67.4335525590642,173.1013292052,168.73640467979,6346.12796325711,6527.3796688559,5221.90373508472,1305.47593377118,5090.22006753634,1437.15960131955,131.683667548376
"Dairy cattle",2013,18505.3118069965,20,6.11625785333924,4.89300628267139,65.1949015130877,66.4181530837555,244.050629039719,237.715630978571,1639.4524390003,1811.71475260828,1449.37180208662,362.342950521656,1411.7494136821,399.965338926185,37.6223884045289
"Non-dairy cattle",2013,76009.6642449012,20,6.07017054437261,4.85613643549809,66.4667275924207,67.6807617012952,155.828013647646,151.942723198032,4706.67552425681,4715.66491624762,3772.5319329981,943.132983249523,3678.47065385425,1037.19426239337,94.0612791438461
"Cattle",2014,93482.2964865342,20,6.07447265480763,4.8595781238461,66.249660540907,67.4645550718685,173.33876199283,168.973909313588,6275.23486640749,6459.79232072915,5167.83385658332,1291.95846414583,5037.69457777409,1422.09774295506,130.139278809228
"Dairy cattle",2014,18516.5807545852,20,6.10928171563081,4.88742537250465,65.1919503254968,66.413806668623,245.891758302958,239.515543674704,1650.98472244309,1824.41071360962,1459.5285708877,364.882142721925,1421.68156256063,402.729151048993,37.8470083270684
"Non-dairy cattle",2014,74965.715731949,20,6.06587479404647,4.85269983523718,66.5109156550264,67.7240906138357,155.418124511461,151.550079547479,4624.2501439644,4635.38160711953,3708.30528569562,927.076321423906,3616.01301521346,1019.36859190607,92.2922704821599
"Cattle",2015,94961.506629302,20,6.0841453442135,4.8673162753708,66.1728185349661,67.3896476038088,173.616054682153,169.23129676635,6391.01168972081,6580.6924316468,5264.55394531744,1316.13848632936,5131.59228827629,1449.10014337051,132.961657041147
"Dairy cattle",2015,18812.1359575811,20,6.09858096323359,4.87886477058687,65.1849839045439,66.4047000971906,246.490649841053,240.108609038223,1679.05310985985,1854.79129137876,1483.83303310301,370.958258275752,1445.4142007134,409.377090665363,38.4188323896108
"Non-dairy cattle",2015,76149.3706717209,20,6.08057913184375,4.864463305475,66.4168557372067,67.6329715635755,155.612927671518,151.721583645877,4711.95857986096,4725.90114026804,3780.72091221443,945.180228053608,3686.1780875629,1039.72305270514,94.5428246515371
"Cattle",2016,98180.0073519939,20,6.08278774349092,4.86623019479274,66.185627293802,67.4021848425002,173.542583063845,169.16235812997,6604.01263134302,6798.61984467138,5438.8958757371,1359.72396893428,5301.61625248131,1497.00359219007,137.279623255797
"Dairy cattle",2016,18856.9768601127,20,6.09106362915002,4.87285090332002,65.1815322425204,66.3997449683504,249.260863208128,242.814237728051,1699.50198098195,1877.78988312458,1502.23190649966,375.557976624915,1463.3797322723,414.41015085228,38.8521742273654
"Non-dairy cattle",2016,79323.0304918812,20,6.08082036802124,4.86465629441699,66.4243246434867,67.6404887170909,155.54254136455,151.6535491413,4904.51065036107,4920.8299615468,3936.66396923744,984.16599230936,3838.23652020901,1082.59344133779,98.4274490284311
"Cattle",2017,100308.508229505,20,6.06965213438088,4.85572170750471,66.274151413189,67.4880818400652,173.834815180511,169.464417032986,6748.2358232211,6944.04175706783,5555.23340565426,1388.80835141357,5415.56439949735,1528.47735757048,139.669006156911
"Dairy cattle",2017,18923.0662188034,20,6.0894664017275,4.871573121382,65.1852518555902,66.4031451359357,250.995338437931,244.506141708364,1715.43197955844,1896.9858841976,1517.58870735808,379.39717683952,1478.35319112139,418.632693076211,39.2355162366907
"Non-dairy cattle",2017,81385.4420107013,20,6.06504508570223,4.85203606856178,66.5273332836193,67.7403423007597,155.894091938071,152.016339218053,5032.80384366266,5047.05587287023,4037.64469829618,1009.41117457405,3937.21120837596,1109.84466449427,100.43348992022
"Cattle",2018,100727.429337528,20,6.06186090984745,4.84948872787796,66.3244930381898,67.5368652201593,174.163891565165,169.794907773904,6778.82987190121,6977.99587174338,5582.39669739471,1395.59917434868,5442.35368234278,1535.64218940061,140.043015051931
"Dairy cattle",2018,19005.9191123963,20,6.08711819226108,4.86969455380886,65.1888161454926,66.4062397839448,253.298489469328,246.752812939786,1737.0607812619,1922.03329565769,1537.62663652615,384.406659131538,1497.89167163554,424.141624022145,39.7349648906074
"Non-dairy cattle",2018,81721.5102251316,20,6.05598683990883,4.84478947192706,66.5886166832492,67.799814051231,155.759608988703,151.89685722867,5041.76909063931,5055.9625760857,4044.77006086856,1011.19251521714,3944.46201070723,1111.50056537846,100.308050161324
"Cattle",2019,100581.185860223,20,6.05624763733413,4.8449981098673,66.3667707567126,67.5780202841794,174.946330107178,170.565456672715,6793.88178527845,6993.31869739939,5594.65495791951,1398.66373947988,5454.55024307646,1538.76845432293,140.104714843053
"Dairy cattle",2019,18882.1466860419,20,6.08682402554048,4.86945922043238,65.1860714528485,66.4034362579566,254.511374684738,247.934189385991,1732.19908164197,1918.56715726236,1534.85372580989,383.713431452472,1495.18941857164,423.37773869072,39.6643072382478
"Non-dairy cattle",2019,81699.0391741811,20,6.04918087310927,4.83934469848742,66.6396520252443,67.8494881998662,156.557388719606,152.684123247353,5061.68270363648,5074.75154013703,4059.80123210962,1014.95030802741,3959.36082450482,1115.39071563221,100.440407604805
"Cattle",2020,99851.3706829068,20,6.0506571538332,4.84052572306656,66.4011343531485,67.6112657839151,175.6762303462,171.28381279957,6761.01484334618,6965.48626952045,5572.38901561636,1393.09725390409,5433.05463824339,1532.43163127706,139.334377372967
"Dairy cattle",2020,18791.7124481271,20,6.08339361722834,4.86671489378267,65.19149892789,66.4081776513357,257.669853208438,251.015638830122,1743.40269977244,1931.98425091535,1545.58740073228,386.39685018307,1505.67326340952,426.310987505829,39.914137322759
"Non-dairy cattle",2020,81059.6582347797,20,6.04306800011498,4.83445440009198,66.6815589388615,67.8901725388845,156.668000889512,152.799925988814,5017.61214357374,5033.5020186051,4026.80161488408,1006.70040372102,3927.38137483387,1106.12064377123,99.4202400502077
"Cattle",2021,99961.2305633913,20,6.03570790686236,4.82856632548988,66.5243365440543,67.7314781254268,176.390845352467,172.001607042185,6774.31029824951,6986.38138363322,5589.10510690658,1397.27627672664,5450.01349038762,1536.3678932456,139.091616518956
"Dairy cattle",2021,18859.4659206171,20,6.08467611261459,4.86774089009167,65.2020159620676,66.4189511845905,260.117784292023,253.4008340229,1764.28422845022,1957.78319927982,1566.22655942386,391.556639855964,1525.78232014024,432.000879139576,40.4442392836122
"Non-dairy cattle",2021,81101.7646427742,20,6.0243208031212,4.81945664249696,66.8318299760648,68.036694136689,156.920919407905,153.072969003676,5010.02606979929,5028.5981843534,4022.87854748272,1005.71963687068,3924.23117024738,1104.36701410602,98.6473772353443
"Cattle",2022,98015.2850473235,20,6.02904622419714,4.82323697935771,66.5752063535481,67.7810155983875,176.621060526727,172.234991408993,6639.27939375694,6852.56070327076,5482.04856261661,1370.51214065415,5345.89488607137,1506.66581719938,136.153676545235
"Dairy cattle",2022,18626.1558140982,20,6.08340995565975,4.8667279645278,65.2102965286737,66.4269785198056,261.303036841057,254.558310876723,1748.14995735105,1941.96978608094,1553.57582886476,388.393957216188,1513.47509617836,428.494689902579,40.1007326863908
"Non-dairy cattle",2022,79389.1292332253,20,6.01629148884938,4.81303319107951,66.8954394045445,68.0986977023144,156.753105043265,152.920420379564,4891.12943640589,4910.59091718981,3928.47273375185,982.118183437962,3832.41978989301,1078.17112729681,96.0529438588437
"Cattle",1990,101088.450771948,30,6.2296122790063,4.36072859530441,65.3167707714529,67.1856544551547,155.777263847172,149.707268217841,6288.64083424356,6455.51769171236,4518.86238419865,1936.65530751371,4342.7498481486,2112.76784356376,176.112536050053
"Dairy cattle",1990,19512.3505454128,30,6.53676278883145,4.57573395218201,66.6397611542452,68.6007899908946,199.547879004794,191.680938091309,1546.96093902158,1669.34894367322,1168.54426057126,500.804683101967,1122.47577465924,546.873169013988,46.0684859120206
"Non-dairy cattle",1990,81576.1002265352,30,6.1561443343354,4.30930103403478,65.0003220561359,66.8471653564365,145.307682877107,139.667502183743,4741.67989522198,4786.16874803914,3350.3181236274,1435.85062441174,3220.27407348937,1565.89467454977,130.044050138032
"Cattle",1991,101143.694941027,30,6.21096523844984,4.34767566691489,65.3877886024258,67.2510781739608,156.479319704843,150.411378357116,6296.64485018056,6466.74396777503,4526.72077744252,1940.02319033251,4351.16139166935,2115.58257610567,175.559385773165
"Dairy cattle",1991,19411.0245340661,30,6.48859478784027,4.54201635148819,66.6401948292278,68.5867732655799,200.773366298765,192.913969074701,1531.83634605865,1658.5665732689,1160.99660128823,497.569971980669,1115.5486734404,543.017899828502,45.4479278478327
"Non-dairy cattle",1991,81732.6704069609,30,6.1450298668565,4.30152090679955,65.0903495505262,66.9338585105831,145.959746309448,140.317265108736,4764.80850412191,4808.17739450613,3365.72417615429,1442.45321835184,3235.61271822896,1572.56467627717,130.111457925333
"Cattle",1992,103348.090791999,30,6.20525081934016,4.34367557353811,65.4094945080481,67.2710697538501,157.76754909266,151.66027440423,6487.8899704977,6652.70899016617,4656.89629311632,1995.81269704985,4476.61523635304,2176.09375381312,180.281056763274
"Dairy cattle",1992,19076.825883357,30,6.44420700799858,4.51094490559901,66.6298436064301,68.5631057088297,203.303974739647,195.395542260933,1510.75086168457,1639.26499115531,1147.48549380872,491.779497346594,1102.84882814731,536.416163008008,44.6366656614139
"Non-dairy cattle",1992,84271.2649086419,30,6.15115734382713,4.30581014067899,65.1332391641656,66.9785863673137,147.459284889438,141.759745549361,4977.13910881313,5013.44399901085,3509.4107993076,1504.03319970326,3373.76640820574,1639.67759080512,135.64439110186
"Cattle",1993,104512.885166898,30,6.21274325645525,4.34892027951868,65.3906459822527,67.2544689591893,158.088326370047,151.960751932817,6586.5314305599,6746.61263357067,4722.62884349947,2023.9837900712,4539.57905045942,2207.03358311124,183.049793040042
"Dairy cattle",1993,18990.6367644308,30,6.41380335884158,4.48966235118911,66.6257129377613,68.5498539454138,203.979600752399,196.079884417823,1498.62131140788,1629.55716816461,1140.69001771523,488.867150449384,1096.51340626784,533.043761896775,44.1766114473908
"Non-dairy cattle",1993,85522.2484024669,30,6.16809686977153,4.31766780884007,65.1163932776063,66.9668223385378,147.897942712794,142.163881118083,5087.91011915202,5117.05546540605,3581.93882578424,1535.11663962182,3443.06564419159,1673.98982121447,138.873181592651
"Cattle",1994,106543.661997847,30,6.18558737552707,4.32991116286895,65.5629160718764,67.4185922845346,158.556696684988,152.464790645966,6705.50262826811,6867.42443663437,4807.19710564406,2060.22733099031,4622.50602016586,2244.91841646851,184.691085478199
"Dairy cattle",1994,18713.976504305,30,6.38492808591511,4.46944966014058,66.9240510155643,68.8395294413388,205.022188892918,197.174922470217,1474.79300944536,1606.7586687463,1124.73106812241,482.027600623892,1081.68175529874,525.076913447563,43.0493128236715
"Non-dairy cattle",1994,87829.6854935424,30,6.14311361110914,4.3001795277764,65.2728974157441,67.1158314990768,148.65623849077,142.938349195542,5230.70961882275,5260.66576788807,3682.46603752165,1578.19973036642,3540.82426486712,1719.84150302095,141.641772654527
"Cattle",1995,109041.908025086,30,6.17584754321448,4.32309328025013,65.6295844805073,67.4823387434716,158.880860827559,152.796231606619,6866.45314408403,7030.49090884521,4921.34363619164,2109.14727265356,4732.87820593021,2297.612702915,188.465430261433
"Dairy cattle",1995,18680.6537635394,30,6.360590374151,4.4524132619057,66.9227226617768,68.8308997740221,206.034516147186,198.177019837843,1470.75200892023,1605.67326626246,1123.97128638372,481.701979878738,1081.10662273553,524.566643526932,42.864663648194
"Non-dairy cattle",1995,90361.254261547,30,6.13765510234782,4.29635857164347,65.3622501364887,67.203546667193,149.132643896422,143.414524818772,5395.7011351638,5424.81764258275,3797.37234980792,1627.44529277483,3651.77158319469,1773.04605938806,145.600766613239
"Cattle",1996,108147.990911336,30,6.17018133099826,4.31912693169878,65.681681082795,67.5327354820945,159.431256725896,153.339412542648,6828.01310499576,6989.42519218052,4892.59763452636,2096.82755765416,4705.65935000927,2283.76584217125,186.938284517092
"Dairy cattle",1996,18555.5217474709,30,6.33863142570585,4.43704199799409,66.9229835536451,68.8245729813569,206.470706991451,198.622654617992,1456.2338267961,1592.77639404889,1114.94347583422,477.832918214666,1072.5639299931,520.21246405579,42.3795458411239
"Non-dairy cattle",1996,89592.4691638649,30,6.13529358401594,4.29470550881116,65.4245945753239,67.2651826505287,149.688902814485,143.960787408563,5371.77927819966,5396.64879813163,3777.65415869214,1618.99463943949,3633.09542001617,1763.55337811546,144.558738675968
"Cattle",1997,105709.28014629,30,6.15627406826703,4.30939184778692,65.7835119138491,67.6303941343292,160.119792121542,154.030082551467,6686.56994728129,6846.04497787196,4792.23148451037,2053.81349336159,4609.97663705698,2236.06834081499,182.254847453397
"Dairy cattle",1997,18366.7448038228,30,6.32082061344984,4.42457442941489,66.921976496813,68.818222680848,208.438324506443,200.536601984049,1448.61776316089,1587.12424554684,1110.98697188278,476.137273664051,1068.87038512457,518.253860422264,42.1165867582135
"Non-dairy cattle",1997,87342.5353424668,30,6.12167254918044,4.28517078442631,65.544110934916,67.3806126996701,149.95917392871,144.250501837636,5237.9521841204,5258.92073232513,3681.24451262759,1577.67621969754,3541.1062519324,1717.81448039272,140.138260695184
"Cattle",1998,104264.808441053,30,6.14455170086042,4.30118619060229,65.8670676408868,67.710433151145,160.655590256487,154.569254208436,6603.47367924195,6761.92611561993,4733.34828093395,2028.57783468598,4554.03107357065,2207.89504204928,179.317207363295
"Dairy cattle",1998,18137.4489423687,30,6.30226034585344,4.41158224209741,66.9215509819682,68.8122290857242,209.900095070272,201.965250753124,1434.85796630615,1573.66713095037,1101.56699166526,472.10013928511,1059.92450179003,513.742629160338,41.642489875228
"Non-dairy cattle",1998,86127.3594986844,30,6.11134004183615,4.2779380292853,65.6450053615976,67.4784073741484,150.285253850599,144.588192761695,5168.6157129358,5188.25898466956,3631.78128926869,1556.47769540087,3494.10657178063,1694.15241288894,137.674717488067
"Cattle",1999,104257.101933663,30,6.10394088638448,4.27275862046913,65.9441935371493,67.7753758030647,162.05035942319,155.94861019866,6613.06502953084,6778.05941333843,4744.6415893369,2033.41782400153,4565.95045802716,2212.10895531127,178.69113130974
"Dairy cattle",1999,18072.0209694026,30,6.28270477574962,4.39789334302473,65.915271431758,67.8000828644829,217.504493264615,209.096351275576,1475.23942130491,1619.75490391206,1133.82843273844,485.926471173618,1089.99765797796,529.757245934102,43.8307747604831
"Non-dairy cattle",1999,86185.0809642603,30,6.06645615328411,4.24651930729888,65.9502581702536,67.7701950162388,150.422264880495,144.804139711748,5137.82560822593,5158.30450942637,3610.81315659846,1547.49135282791,3475.9528000492,1682.35170937717,134.860356549257
"Cattle",2000,102952.359145949,30,6.10759448582199,4.27531614007539,66.100473380663,67.9327517264096,162.402822470114,156.307017384728,6541.348263555,6711.27462177716,4697.89223524401,2013.38238653315,4521.51836131916,2189.756260458,176.373873924849
"Dairy cattle",2000,18142.2024967036,30,6.27078310282253,4.38954817197577,65.9184714877048,67.7997064185516,219.855040677752,211.37215568396,1491.76409919687,1640.49878301367,1148.34914810957,492.149634904102,1104.04125448065,536.457528533025,44.3078936289228
"Non-dairy cattle",2000,84810.1566492453,30,6.07268592001159,4.25088014400811,66.1394063967932,67.9612121727967,150.112905580578,144.527733758767,5049.58416435813,5070.77583876349,3549.54308713444,1521.23275162905,3417.47710683851,1653.29873192497,132.065980295926
"Cattle",2001,102163.813848344,30,6.11682096078901,4.2817746725523,66.0560436945364,67.8910899827731,162.309078046068,156.205014876415,6497.00316143459,6662.47897234049,4663.73528063835,1998.74369170215,4488.3241432363,2174.15482910419,175.411137402041
"Dairy cattle",2001,17926.5809741059,30,6.23312559170227,4.36318791419159,65.9348781429328,67.8048158204435,221.693688840796,213.192578659703,1480.85902009824,1624.74186212298,1137.31930348609,487.422558636895,1093.70743180596,531.034430317021,43.6118716801261
"Non-dairy cattle",2001,84237.2328742385,30,6.092070095731,4.2644490670117,66.081829015326,67.9094500440453,149.671399935051,144.077453917673,5016.14414133635,5037.73711021751,3526.41597715226,1511.32113306525,3394.61671143034,1643.12039878717,131.799265721915
"Cattle",2002,102092.757209596,30,6.10730194878845,4.27511136415192,66.0935261630431,67.9257167476796,162.968343477122,156.853997419208,6505.37042609382,6674.34926666016,4672.04448666211,2002.30477999805,4496.73713559486,2177.6121310653,175.307351067248
"Dairy cattle",2002,17832.9470134924,30,6.21951933766818,4.35366353636773,65.931817323697,67.7976731249975,224.157832978635,215.57952467248,1485.19255651506,1630.65301159585,1141.45710811709,489.195903478755,1097.77462394259,532.878387653258,43.6824841745024
"Non-dairy cattle",2002,84259.8101961033,30,6.08355199320195,4.25848639524136,66.12775060714,67.9528162051006,150.018054109943,144.425186893648,5020.17786957876,5043.69625506431,3530.58737854501,1513.10887651929,3398.96251165227,1644.73374341204,131.624866892746
"Cattle",2003,101279.540370337,30,6.09217000965229,4.2645190067566,66.1645073675868,67.9921583704825,164.670526323127,158.516836601984,6511.03927219147,6674.10227223009,4671.87159056106,2002.23068166903,4497.26284584347,2176.83942638662,174.608744717595
"Dairy cattle",2003,17918.7594908953,30,6.20976560929247,4.34683592650473,65.9305254384641,67.7934551212518,224.622187965698,216.038731961211,1491.24956740905,1639.31909326925,1147.52336528847,491.795727980774,1103.67321669328,535.64587657597,43.8501485951961
"Non-dairy cattle",2003,83360.780879442,30,6.06689232817055,4.24682462971938,66.2148027927128,68.034870491164,151.783658005442,146.15225702957,5019.78970478242,5034.78317896084,3524.34822527259,1510.43495368825,3393.58962915019,1641.19354981065,130.758596122399
"Cattle",2004,99314.7946386389,30,6.09777372231153,4.26844160561807,66.2355009650105,68.0648330817039,164.443045025455,158.313013347535,6383.36108679988,6539.65419584168,4577.75793708918,1961.8962587525,4407.10647659036,2132.54771925132,170.651460498816
"Dairy cattle",2004,17642.3099397161,30,6.1952651694507,4.33668561861549,66.6282841743538,68.486863725189,222.182615474878,213.859371164157,1447.94339822536,1592.77018624911,1114.93913037438,477.831055874734,1073.17208773761,519.598098511506,41.767042636772
"Non-dairy cattle",2004,81672.4846989228,30,6.07671431248408,4.25370001873886,66.1506547264774,67.9736690202226,151.970553201434,146.314283735772,4935.41768857452,4946.88400959257,3462.8188067148,1484.06520287777,3333.93438885276,1612.94962073981,128.884417862043
"Cattle",2005,99986.237863469,30,6.09344813170701,4.26541369219491,66.2446643368426,68.0726987763547,165.425924557227,159.265153102292,6459.55846100624,6618.04125147222,4632.62887603055,1985.41237544167,4460.09793137223,2157.94332009999,172.530944658324
"Dairy cattle",2005,17793.4431946766,30,6.18302889486947,4.32812022640863,66.6180008882528,68.4729095567136,224.686879262109,216.283585514803,1473.37747145681,1621.3123105544,1134.91861738808,486.393693166319,1092.47263855514,528.839671999257,42.445978832938
"Non-dairy cattle",2005,82192.7946687924,30,6.07405530990201,4.25183871693141,66.1638428640264,67.986059456997,152.596862892483,146.921562130969,4986.18098954943,4996.72894091782,3497.71025864248,1499.01868227535,3367.62529281709,1629.10364810073,130.084965825386
"Cattle",2006,101341.021654928,30,6.06988683451968,4.24892078416378,66.383232098098,68.2041981484539,166.554595439123,160.393741341962,6566.90448771353,6728.40449922836,4709.88314945985,2018.52134976851,4535.65668934442,2192.74780988395,174.226460115436
"Dairy cattle",2006,18077.6693365023,30,6.17035264708805,4.31924685296163,66.6107955198104,68.4619013139368,226.559870854871,218.101645716559,1505.64604871539,1657.53652833912,1160.27556983738,497.260958501736,1116.95866664911,540.577861690011,43.3169031882742
"Non-dairy cattle",2006,83263.3523184256,30,6.04807426405905,4.23365198484133,66.3338248117439,68.1482470909616,153.526588552453,147.864526695441,5061.25843899814,5070.86797088924,3549.60757962247,1521.26039126677,3418.69802269531,1652.16994819394,130.909556927162
"Cattle",2007,100990.442357579,30,6.10697266288617,4.27488086402032,66.0516462496747,67.8837380485405,169.007099565819,162.651852298128,6673.87007375831,6841.63323608224,4789.14326525757,2052.48997082467,4609.04097989865,2232.59225618359,180.102285358917
"Dairy cattle",2007,18189.9240790303,30,6.15920269736417,4.31144188815492,65.1081694380682,66.9559302472775,235.496235765883,226.376603711945,1570.84493181794,1730.48185024024,1211.33729516817,519.144555072073,1164.4280509961,566.053799244146,46.9092441720732
"Non-dairy cattle",2007,82800.5182785487,30,6.09549857574817,4.26684900302372,66.2589127249365,68.087562297661,154.400520226656,148.652563232413,5103.02514194037,5111.151385842,3577.8059700894,1533.3454157526,3444.61292890256,1666.53845693945,133.193041186843
"Cattle",2008,99954.0161817038,30,6.11681038776273,4.28176727143391,66.0232733664355,67.8583164827643,169.972783931759,163.57006798083,6649.43340155368,6819.57819649174,4773.70473754422,2045.87345894752,4593.87561598614,2225.7025805056,179.829121558079
"Dairy cattle",2008,18422.4170494047,30,6.15293579493991,4.30705505645794,65.2074579107589,67.0533386492409,236.026369550866,226.91858611616,1591.6500194689,1754.7579356085,1228.33055492595,526.427380682551,1180.93174647168,573.826189136819,47.3988084542677
"Non-dairy cattle",2008,81531.5991322991,30,6.10864769594532,4.27605338716172,66.207610393058,68.0402047018416,155.047690902378,149.256196635598,5057.78338208478,5064.82026088324,3545.37418261827,1519.44607826497,3412.94386951446,1651.87639136878,132.430313103812
"Cattle",2009,99553.900095252,30,6.11607386059455,4.28125170241619,66.0215672625492,67.8563894207276,170.05430077951,163.649339339687,6619.81429478063,6794.06759495241,4755.84731646669,2038.22027848572,4576.71584417852,2217.35175077389,179.131472288163
"Dairy cattle",2009,18560.4843814227,30,6.14478641685998,4.30135049180199,65.2084961071029,67.0519320321609,236.874091192307,227.74542676863,1606.3865538871,1771.90875892677,1240.33613124874,531.572627678031,1192.53600140871,579.372757518062,47.8001298400313
"Non-dairy cattle",2009,80993.4157138293,30,6.10949407941829,4.2766458555928,66.207890982183,68.0407392060085,154.741850188358,148.961053642013,5013.42774089353,5022.15883602564,3515.51118521795,1506.64765080769,3384.17984276981,1637.97899325582,131.331342448133
"Cattle",2010,98781.7885555922,30,6.10543100509652,4.27380170356757,66.0781382392135,67.9097675407424,170.021200438929,163.636160127545,6556.86978348551,6727.97888860543,4709.5852220238,2018.39366658163,4532.71416087089,2195.26472773454,176.871061152914
"Dairy cattle",2010,18297.4462969609,30,6.12997512036377,4.29098258425464,65.1897990712969,67.028791607406,238.842609608564,229.654866497041,1593.52309064916,1757.06851423495,1229.94795996447,527.120554270486,1182.63460195345,574.433912281501,47.313358011015
"Non-dairy cattle",2010,80484.3422586313,30,6.09985110447976,4.26989577313583,66.2800947659402,68.1100500972841,154.375225047641,148.627355924252,4963.34669283635,4970.91037437048,3479.63726205934,1491.27311231114,3350.07955891744,1620.83081545304,129.557703141899
"Cattle",2011,97379.0193057095,30,6.08796911424628,4.26157837997239,66.189130752612,68.0155214868858,170.786212319153,164.404033837843,6471.15471380478,6644.73894166749,4651.31725916724,1993.42168250025,4477.49001114374,2167.24893052375,173.827248023503
"Dairy cattle",2011,18441.8621811029,30,6.12610957048768,4.28827669934138,65.1893733823673,67.0272062535136,240.551353454711,231.303361511103,1615.63588902632,1782.4815077172,1247.73705540204,534.744452315161,1199.76782941192,582.713678305288,47.9692259901267
"Non-dairy cattle",2011,78937.1571246066,30,6.07905846857382,4.25534092800167,66.4227012067327,68.2464187473048,154.487181992583,148.774535311424,4855.51882477846,4862.25743395029,3403.5802037652,1458.67723018509,3277.72218173183,1584.53525221846,125.858022033376
"Cattle",2012,95444.2795843382,30,6.08348966216156,4.25844276351309,66.195901857235,68.0209487558835,172.315165678413,165.880709797086,6386.99612278976,6566.27271725739,4596.39090208017,1969.88181517722,4424.74577058672,2141.52694667067,171.645131493454
"Dairy cattle",2012,18586.7148155314,30,6.12104243023662,4.28472970116563,65.1906625002034,67.0269752292744,242.780890478708,233.454884777148,1640.54764975756,1811.63299232576,1268.14309462803,543.489897697727,1219.42958300207,592.203409323685,48.7135116259578
"Non-dairy cattle",2012,76857.5647688068,30,6.07440815414287,4.25208570790001,66.4390021598103,68.2613246060532,155.274210307623,149.539027322142,4746.4484730322,4754.63972493163,3328.24780745214,1426.39191747949,3205.31618758464,1549.32353734699,122.931619867496
"Cattle",2013,94514.9760518977,30,6.07919408813677,4.25543586169574,66.2177137414369,68.0414719678779,173.1013292052,166.644989367938,6346.12796325711,6527.3796688559,4569.16576819913,1958.21390065677,4398.73451052185,2128.64515833405,170.431257677282
"Dairy cattle",2013,18505.3118069965,30,6.11625785333924,4.28138049733747,65.1949015130877,67.0297788690895,244.050629039719,234.68389148365,1639.4524390003,1811.71475260828,1268.2003268258,543.514425782484,1219.52641159501,592.188341013267,48.6739152307825
"Non-dairy cattle",2013,76009.6642449012,30,6.07017054437261,4.24911938106083,66.4667275924207,68.2877787557325,155.828013647646,150.080239198799,4706.67552425681,4715.66491624762,3300.96544137333,1414.69947487429,3179.20809892683,1536.45681732079,121.757342446499
"Cattle",2014,93482.2964865342,30,6.07447265480763,4.25213085836534,66.249660540907,68.0720023373493,173.33876199283,166.88240825355,6275.23486640749,6459.79232072915,4521.8546245104,1937.93769621875,4353.41904870516,2106.37327202399,168.435575805247
"Dairy cattle",2014,18516.5807545852,30,6.10928171563081,4.27649720094157,65.1919503254968,67.024734840186,245.891758302958,236.463940020879,1650.98472244309,1824.41071360962,1277.08749952674,547.323214082887,1228.12225986621,596.288453743415,48.9652396605281
"Non-dairy cattle",2014,74965.715731949,30,6.06587479404647,4.24611235583253,66.5109156550264,68.3306780932403,155.418124511461,149.69572445526,4624.2501439644,4635.38160711953,3244.76712498367,1390.61448213586,3125.29678883895,1510.08481828058,119.470336144719
"Cattle",2015,94961.506629302,30,6.0841453442135,4.25890174094945,66.1728185349661,67.9980621382302,173.616054682153,167.130507229858,6391.01168972081,6580.6924316468,4606.48470215276,1974.20772949404,4434.40273177594,2146.28969987086,172.081970376825
"Dairy cattle",2015,18812.1359575811,30,6.09858096323359,4.26900667426351,65.1849839045439,67.014558193514,246.490649841053,237.054011465729,1679.05310985985,1854.79129137876,1298.35390396513,556.437387413628,1248.64777400519,606.143517373569,49.7061299599411
"Non-dairy cattle",2015,76149.3706717209,30,6.08057913184375,4.25640539229062,66.4168557372067,68.2410294767598,155.612927671518,149.856425294415,4711.95857986096,4725.90114026804,3308.13079818763,1417.77034208041,3185.75495777075,1540.1461824973,122.375840416884
"Cattle",2016,98180.0073519939,30,6.08278774349092,4.25795142044365,66.185627293802,68.0104636168493,173.542583063845,167.063685303823,6604.01263134302,6798.61984467138,4759.03389126996,2039.58595340141,4581.36197819897,2217.25786647241,177.671913070995
"Dairy cattle",2016,18856.9768601127,30,6.09106362915002,4.26374454040501,65.1815322425204,67.0088513312654,249.260863208128,239.728577592395,1699.50198098195,1877.78988312458,1314.4529181872,563.336964937373,1264.18533713445,613.604545990127,50.2675810527537
"Non-dairy cattle",2016,79323.0304918812,30,6.08082036802124,4.25657425761487,66.4243246434867,68.2485707538931,155.54254136455,149.789506746457,4904.51065036107,4920.8299615468,3444.58097308276,1476.24898846404,3317.17664106452,1603.65332048228,127.404332018242
"Cattle",2017,100308.508229505,30,6.06965213438088,4.24875649406662,66.274151413189,68.0950470535032,173.834815180511,167.37011513698,6748.2358232211,6944.04175706783,4860.82922994748,2083.21252712035,4680.05551194644,2263.98624512139,180.773718001036
"Dairy cattle",2017,18923.0662188034,30,6.0894664017275,4.26262648120925,65.1852518555902,67.0120917761084,250.995338437931,241.400057603273,1715.43197955844,1896.9858841976,1327.89011893832,569.095765259281,1277.12631317174,619.859571025862,50.7638057665811
"Non-dairy cattle",2017,81385.4420107013,30,6.06504508570223,4.24553155999156,66.5273332836193,68.34684680933,155.894091938071,150.157288507867,5032.80384366266,5047.05587287023,3532.93911100916,1514.11676186107,3402.92919877471,1644.12667409552,130.009912234455
"Cattle",2018,100727.429337528,30,6.06186090984745,4.24330263689322,66.3244930381898,68.143051311144,174.163891565165,167.701094029906,6778.82987190121,6977.99587174338,4884.59711022037,2093.39876152302,4703.33402189409,2274.6618498493,181.263088326283
"Dairy cattle",2018,19005.9191123963,30,6.08711819226108,4.26098273458276,65.1888161454926,67.0149516031709,253.298489469328,243.619630813442,1737.0607812619,1922.03329565769,1345.42330696038,576.609988697307,1294.01296476811,628.020330889581,51.4103421922737
"Non-dairy cattle",2018,81721.5102251316,30,6.05598683990883,4.23919078793618,66.5886166832492,68.4054127352218,155.759608988703,150.044768721375,5041.76909063931,5055.9625760857,3539.17380325999,1516.78877282571,3409.32105712598,1646.64151895972,129.852746134009
"Cattle",2019,100581.185860223,30,6.05624763733413,4.23937334613389,66.3667707567126,68.1836450479129,174.946330107178,168.465794687692,6793.88178527845,6993.31869739939,4895.32308817957,2097.99560921982,4713.97596543191,2279.34273196748,181.347122747665
"Dairy cattle",2019,18882.1466860419,30,6.08682402554048,4.26077681787834,65.1860714528485,67.0121186605106,254.511374684738,244.785928076627,1732.19908164197,1918.56715726236,1342.99701008365,575.570147178709,1291.67810250005,626.889054762311,51.3189075836019
"Non-dairy cattle",2019,81699.0391741811,30,6.04918087310927,4.23442661117649,66.6396520252443,68.4544062871771,156.557388719606,150.826811802279,5061.68270363648,5074.75154013703,3552.32607809592,1522.42546204111,3422.29786293186,1652.45367720517,130.028215164063
"Cattle",2020,99851.3706829068,30,6.0506571538332,4.23546000768324,66.4011343531485,68.2163314992985,175.6762303462,169.178486105388,6761.01484334618,6965.48626952045,4875.84038866431,2089.64588085614,4695.48672135794,2269.99954816251,180.353667306371
"Dairy cattle",2020,18791.7124481271,30,6.08339361722834,4.25837553205984,65.19149892789,67.0165170130585,257.669853208438,247.830411118601,1743.40269977244,1931.98425091535,1352.38897564075,579.595275274606,1300.74632966157,631.237921253785,51.6426459791794
"Non-dairy cattle",2020,81059.6582347797,30,6.04306800011498,4.23014760008049,66.6815589388615,68.494479338896,156.668000889512,150.944948109717,5017.61214357374,5033.5020186051,3523.45141302357,1510.05060558153,3394.74039169638,1638.76162690872,128.711021327191
"Cattle",2021,99961.2305633913,30,6.03570790686236,4.22499553480365,66.5243365440543,68.3350489161131,176.390845352467,169.897400748414,6774.31029824951,6986.38138363322,4890.46696854326,2095.91441508997,4710.41645056447,2275.96493306875,180.050517978788
"Dairy cattle",2021,18859.4659206171,30,6.08467611261459,4.25927327883021,65.2020159620676,67.027418795852,260.117784292023,250.185568015193,1764.28422845022,1957.78319927982,1370.44823949587,587.334959783946,1318.11968246191,639.663516817915,52.3285570339683
"Non-dairy cattle",2021,81101.7646427742,30,6.0243208031212,4.21702456218484,66.8318299760648,68.6391262170012,156.920919407905,151.227129379275,5010.02606979929,5028.5981843534,3520.01872904738,1508.57945530602,3392.29676810256,1636.30141625084,127.721960944819
"Cattle",2022,98015.2850473235,30,6.02904622419714,4.22033235693799,66.5752063535481,68.3839202208073,176.621060526727,170.132133852451,6639.27939375694,6852.56070327076,4796.79249228953,2055.76821098123,4620.54047191606,2232.0202313547,176.252020373471
"Dairy cattle",2022,18626.1558140982,30,6.08340995565975,4.25838696896182,65.2102965286737,67.0353195153716,261.303036841057,251.329691475657,1748.14995735105,1941.96978608094,1359.37885025666,582.590935824283,1307.49443697188,634.475349109063,51.8844132847801
"Non-dairy cattle",2022,79389.1292332253,30,6.01629148884938,4.21140404219457,66.8954394045445,68.7003268511993,156.753105043265,151.08168734143,4891.12943640589,4910.59091718981,3437.41364203287,1473.17727515694,3313.04603494418,1597.54488224564,124.367607088691
"Cattle",1990,101088.450771948,40,6.2296122790063,3.73776736740378,65.3167707714529,67.8086156830554,155.777263847172,147.799631022834,6288.64083424356,6455.51769171236,3873.31061502742,2582.20707668494,3674.91691017417,2780.60078153819,198.393704853246
"Dairy cattle",1990,19512.3505454128,40,6.53676278883145,3.92205767329887,66.6397611542452,69.2544662697778,199.547879004794,189.210537194897,1546.96093902158,1669.34894367322,1001.60936620393,667.73957746929,949.722177875587,719.626765797637,51.8871883283472
"Non-dairy cattle",1990,81576.1002265352,40,6.1561443343354,3.69368660060124,65.0003220561359,67.4627797898701,145.307682877107,137.894473563864,4741.67989522198,4786.16874803914,2871.70124882348,1914.46749921566,2725.19473229858,2060.97401574055,146.506516524898
"Cattle",1991,101143.694941027,40,6.21096523844984,3.72657914306991,65.3877886024258,67.8721746978057,156.479319704843,148.503846179435,6296.64485018056,6466.74396777503,3880.04638066502,2586.69758711001,3682.26225260036,2784.48171517467,197.78412806466
"Dairy cattle",1991,19411.0245340661,40,6.48859478784027,3.89315687270416,66.6401948292278,69.2356327443639,200.773366298765,190.444883576311,1531.83634605865,1658.5665732689,995.139943961339,663.426629307559,943.946471903231,714.620101365667,51.193472058108
"Non-dairy cattle",1991,81732.6704069609,40,6.1450298668565,3.6870179201139,65.0903495505262,67.5483614972688,145.959746309448,138.543098514624,4764.80850412191,4808.17739450613,2884.90643670368,1923.27095780245,2738.31578069712,2069.861613809,146.590656006552
"Cattle",1992,103348.090791999,40,6.20525081934016,3.72315049160409,65.4094945080481,67.8915948357841,157.76754909266,149.740179249925,6487.8899704977,6652.70899016617,3991.6253940997,2661.08359606647,3788.51662125353,2864.19236891263,203.108772846167
"Dairy cattle",1992,19076.825883357,40,6.44420700799858,3.86652420479915,66.6298436064301,69.2075264096295,203.303974739647,192.910112206748,1510.75086168457,1639.26499115531,983.558994693189,655.705996462126,933.274798346666,705.990192808649,50.2841963465229
"Non-dairy cattle",1992,84271.2649086419,40,6.15115734382713,3.69069440629628,65.1332391641656,67.5937021016965,147.459284889438,139.967627534861,4977.13910881313,5013.44399901085,3008.06639940651,2005.37759960434,2855.24182290687,2158.20217610398,152.824576499644
"Cattle",1993,104512.885166898,40,6.21274325645525,3.72764595387315,65.3906459822527,67.8757432848348,158.088326370047,150.034417399416,6586.5314305599,6746.61263357067,4047.9675801424,2698.64505342827,3841.74294939597,2904.8696841747,206.22463074643
"Dairy cattle",1993,18990.6367644308,40,6.41380335884158,3.84828201530495,66.6257129377613,69.1912342812979,203.979600752399,193.596539549755,1498.62131140788,1629.55716816461,977.734300898768,651.822867265845,927.965230615712,701.591937548901,49.7690702830558
"Non-dairy cattle",1993,85522.2484024669,40,6.16809686977153,3.70085812186292,65.1163932776063,67.5836320255149,147.897942712794,140.361233474788,5087.91011915202,5117.05546540605,3070.23327924363,2046.82218616242,2913.77771878026,2203.2777466258,156.455560463375
"Cattle",1994,106543.661997847,40,6.18558737552707,3.71135242531624,65.5629160718764,68.0371510220873,158.556696684988,150.548700297718,6705.50262826811,6867.42443663437,4120.45466198062,2746.96977465375,3912.35569110576,2955.06874552862,208.098970874868
"Dairy cattle",1994,18713.976504305,40,6.38492808591511,3.83095685154907,66.9240510155643,69.4780222499303,205.022188892918,194.706405621091,1474.79300944536,1606.7586687463,964.055201247782,642.703467498522,915.548331957925,691.21033678838,48.5068692898576
"Non-dairy cattle",1994,87829.6854935424,40,6.14311361110914,3.68586816666548,65.2728974157441,67.7301428601878,148.65623849077,141.139965024877,5230.70961882275,5260.66576788807,3156.39946073284,2104.26630715523,2996.80735914783,2263.85840874024,159.59210158501
"Cattle",1995,109041.908025086,40,6.17584754321448,3.70550852592869,65.6295844805073,68.0999234977931,158.880860827559,150.882075605041,6866.45314408403,7030.49090884521,4218.29454530712,2812.19636353808,4005.93345093279,3024.55745791242,212.361094374338
"Dairy cattle",1995,18680.6537635394,40,6.360590374151,3.8163542244906,66.9227226617768,69.4669588114372,206.034516147186,195.704760080939,1470.75200892023,1605.67326626246,963.403959757474,642.269306504983,915.1026941072,690.570572155257,48.3012656502743
"Non-dairy cattle",1995,90361.254261547,40,6.13765510234782,3.68259306140869,65.3622501364887,67.8173121774278,149.132643896422,141.615747284464,5395.7011351638,5424.81764258275,3254.89058554965,2169.9270570331,3090.83075682559,2333.98688575716,164.059828724064
"Cattle",1996,108147.990911336,40,6.17018133099826,3.70210879859896,65.681681082795,68.1497536151943,159.431256725896,151.422739266789,6828.01310499576,6989.42519218052,4193.65511530831,2795.77007687221,3983.00826562046,3006.41692656006,210.646849687853
"Dairy cattle",1996,18555.5217474709,40,6.33863142570585,3.80317885542351,66.9229835536451,69.4584361239274,206.470706991451,196.152888058414,1456.2338267961,1592.77639404889,955.665836429331,637.110557619554,907.909003489465,684.867390559421,47.7568329398667
"Non-dairy cattle",1996,89592.4691638649,40,6.13529358401594,3.68117615040956,65.4245945753239,67.8787120089303,149.688902814485,142.158665439863,5371.77927819966,5396.64879813163,3237.98927887898,2158.65951925265,3075.09926213099,2321.54953600064,162.890016747986
"Cattle",1997,105709.28014629,40,6.15627406826703,3.69376444096022,65.7835119138491,68.246021541156,160.119792121542,152.113574153867,6686.56994728129,6846.04497787196,4107.62698672318,2738.41799114878,3902.2445936939,2943.80038417806,205.382393029278
"Dairy cattle",1997,18366.7448038228,40,6.32082061344984,3.7924923680699,66.921976496813,69.4503047421929,208.438324506443,198.049559034387,1448.61776316089,1587.12424554684,952.274547328101,634.849698218734,904.812273004868,682.311972541968,47.4622743232334
"Non-dairy cattle",1997,87342.5353424668,40,6.12167254918044,3.67300352950826,65.544110934916,67.9927799545882,149.95917392871,142.453967774173,5237.9521841204,5258.92073232513,3155.35243939508,2103.56829293005,2997.43232068903,2261.4884116361,157.920118706045
"Cattle",1998,104264.808441053,40,6.14455170086042,3.68673102051625,65.8670676408868,68.324888321231,160.655590256487,152.653385618367,6603.47367924195,6761.92611561993,4057.15566937196,2704.77044624797,3855.07306024681,2906.85305537312,202.082609125143
"Dairy cattle",1998,18137.4489423687,40,6.30226034585344,3.78135620751206,66.9215509819682,69.4424551203096,209.900095070272,199.467376077034,1434.85796630615,1573.66713095037,944.20027857022,629.466852380147,897.27044665965,676.396684290716,46.9298319105692
"Non-dairy cattle",1998,86127.3594986844,40,6.11134004183615,3.66680402510169,65.6450053615976,68.0895413783321,150.285253850599,142.794888078505,5168.6157129358,5188.25898466956,3112.95539080174,2075.30359386783,2957.80261358716,2230.4563710824,155.152777214574
"Cattle",1999,104257.101933663,40,6.10394088638448,3.66236453183069,65.9441935371493,68.3857698917031,162.05035942319,154.027236485597,6613.06502953084,6778.05941333843,4066.83564800306,2711.22376533537,3865.4428366771,2912.61657666134,201.392811325964
"Dairy cattle",1999,18072.0209694026,40,6.28270477574962,3.76962286544977,65.915271431758,68.4283533420578,217.504493264615,206.452750033998,1475.23942130491,1619.75490391206,971.852942347236,647.901961564824,922.471575481982,697.283328430078,49.3813668652535
"Non-dairy cattle",1999,86185.0809642603,40,6.06645615328411,3.63987369197047,65.9502581702536,68.3768406315672,150.422264880495,143.034208810989,5137.82560822593,5158.30450942637,3094.98270565582,2063.32180377055,2942.97126119511,2215.33324823126,152.011444460711
"Cattle",2000,102952.359145949,40,6.10759448582199,3.6645566914932,66.100473380663,68.5435111749918,162.402822470114,154.387191193743,6541.348263555,6711.27462177716,4026.7647730663,2684.50984871087,3827.97555735581,2883.29906442135,198.789215710484
"Dairy cattle",2000,18142.2024967036,40,6.27078310282253,3.76246986169352,65.9184714877048,68.4267847288338,219.855040677752,208.704755504089,1491.76409919687,1640.49878301367,984.299269808205,656.19951320547,934.379024537703,706.119758475971,49.9202452705014
"Non-dairy cattle",2000,84810.1566492453,40,6.07268592001159,3.64361155200695,66.1394063967932,68.5684807647978,150.112905580578,142.767825191136,5049.58416435813,5070.77583876349,3042.46550325809,2028.31033550539,2893.59653281811,2177.17930594538,148.868970439983
"Cattle",2001,102163.813848344,40,6.11682096078901,3.6700925764734,66.0560436945364,68.502772078852,162.309078046068,154.282782559712,6497.00316143459,6662.47897234049,3997.4873834043,2664.9915889362,3799.78775768297,2862.69121465753,197.69962572133
"Dairy cattle",2001,17926.5809741059,40,6.23312559170227,3.73987535502136,65.9348781429328,68.4281283796137,221.693688840796,210.518477096508,1480.85902009824,1624.74186212298,974.845117273789,649.896744849193,925.704789191456,699.037072931526,49.1403280823334
"Non-dairy cattle",2001,84237.2328742385,40,6.092070095731,3.6552420574386,66.081829015326,68.5186570536184,149.671399935051,142.315227390206,5016.14414133635,5037.73711021751,3022.64226613051,2015.094844087,2874.08296849151,2163.654141726,148.559297638996
"Cattle",2002,102092.757209596,40,6.10730194878845,3.66438116927307,66.0935261630431,68.5364469425585,162.968343477122,154.928269713397,6505.37042609382,6674.34926666016,4004.60955999609,2669.73970666406,3807.02058176306,2867.3286848971,197.588978233036
"Dairy cattle",2002,17832.9470134924,40,6.21951933766818,3.73171160260091,65.931817323697,68.4196250587643,224.157832978635,212.880820220838,1485.19255651506,1630.65301159585,978.39180695751,652.26120463834,929.170520587223,701.482491008627,49.2212863702869
"Non-dairy cattle",2002,84259.8101961033,40,6.08355199320195,3.65013119592117,66.12775060714,68.5611714044208,150.018054109943,142.66305382826,5020.17786957876,5043.69625506431,3026.21775303858,2017.47850202572,2877.85006117583,2165.84619388847,148.367691862749
"Cattle",2003,101279.540370337,40,6.09217000965229,3.65530200579138,66.1645073675868,68.6013753714477,164.670526323127,156.578288624525,6511.03927219147,6674.10227223009,4004.46136333805,2669.64090889204,3807.64940788067,2866.45286434942,196.811955457384
"Dairy cattle",2003,17918.7594908953,40,6.20976560929247,3.72585936557548,65.9305254384641,68.4144316821811,224.622187965698,213.338175355123,1491.24956740905,1639.31909326925,983.591455961548,655.727637307699,934.180226851721,705.138866417526,49.4112291098272
"Non-dairy cattle",2003,83360.780879442,40,6.06689232817055,3.64013539690233,66.2148027927128,68.641559723981,151.783658005442,144.377506094345,5019.78970478242,5034.78317896084,3020.86990737651,2013.91327158434,2873.46918102895,2161.31399793189,147.400726347556
"Cattle",2004,99314.7946386389,40,6.09777372231153,3.65866423338692,66.2355009650105,68.6746104539351,164.443045025455,156.381646166833,6383.36108679988,6539.65419584168,3923.79251750501,2615.86167833667,3731.43429254089,2808.21990330079,192.358224964116
"Dairy cattle",2004,17642.3099397161,40,6.1952651694507,3.71715910167042,66.6282841743538,69.1063902421341,222.182615474878,211.237802003043,1447.94339822536,1592.77018624911,955.662111749467,637.108074499645,908.585775318542,684.18441093057,47.0763364309254
"Non-dairy cattle",2004,81672.4846989228,40,6.07671431248408,3.64602858749045,66.1506547264774,68.581340451471,151.970553201434,144.532009083654,4935.41768857452,4946.88400959257,2968.13040575554,1978.75360383703,2822.84851722235,2124.03549237022,145.28188853319
"Cattle",2005,99986.237863469,40,6.09344813170701,3.65606887902421,66.2446643368426,68.6820435895254,165.425924557227,157.323995812874,6459.55846100624,6618.04125147222,3970.82475088333,2647.21650058889,3776.34543802846,2841.69581344376,194.479312854873
"Dairy cattle",2005,17793.4431946766,40,6.18302889486947,3.70981733692168,66.6180008882528,69.0912124462006,224.686879262109,213.636552858172,1473.37747145681,1621.3123105544,972.787386332637,648.524924221759,924.944725577765,696.367584976631,47.8426607548723
"Non-dairy cattle",2005,82192.7946687924,40,6.07405530990201,3.64443318594121,66.1638428640264,68.5934649879872,152.596862892483,145.133215721138,4986.18098954943,4996.72894091782,2998.03736455069,1998.69157636713,2851.40071245069,2145.32822846713,146.6366521
"Cattle",2006,101341.021654928,40,6.06988683451968,3.64193210071181,66.383232098098,68.8111868319059,166.554595439123,158.451829644948,6566.90448771353,6728.40449922836,4037.04269953702,2691.36179969135,3840.63459295355,2887.76990627482,196.40810658347
"Dairy cattle",2006,18077.6693365023,40,6.17035264708805,3.70221158825283,66.6107955198104,69.0789365786456,226.559870854871,215.437035941173,1505.64604871539,1657.53652833912,994.521917003472,663.014611335648,945.69639878992,711.840129549201,48.8255182135523
"Non-dairy cattle",2006,83263.3523184256,40,6.04807426405905,3.62884455843543,66.3338248117439,68.7530545173675,153.526588552453,146.079523128201,5061.25843899814,5070.86797088924,3042.52078253355,2028.3471883557,2894.93819416363,2175.92977672562,147.582588369918
"Cattle",2007,100990.442357579,40,6.10697266288617,3.6641835977317,66.0516462496747,68.4944353148291,169.007099565819,160.650511427357,6673.87007375831,6841.63323608224,4104.97994164935,2736.6532944329,3901.99280282855,2939.6404332537,202.987138820801
"Dairy cattle",2007,18189.9240790303,40,6.15920269736417,3.6955216184185,65.1081694380682,67.5718505170139,235.496235765883,223.509415746381,1570.84493181794,1730.48185024024,1038.28911014414,692.192740096097,985.439922763165,745.041927477076,52.8491873809795
"Non-dairy cattle",2007,82800.5182785487,40,6.09549857574817,3.6572991454489,66.2589127249365,68.6971121552358,154.400520226656,146.841434853614,5103.02514194037,5111.151385842,3066.6908315052,2044.4605543368,2916.55288006538,2194.59850577662,150.137951439822
"Cattle",2008,99954.0161817038,40,6.11681038776273,3.67008623265764,66.0232733664355,68.4699975215406,169.972783931759,161.553968857116,6649.43340155368,6819.57819649174,4091.74691789505,2727.8312785967,3889.07214078368,2930.50605570806,202.674777111364
"Dairy cattle",2008,18422.4170494047,40,6.15293579493991,3.69176147696395,65.2074579107589,67.6686322287349,236.026369550866,224.054545319441,1591.6500194689,1754.7579356085,1052.8547613651,701.903174243401,999.451439658857,755.306495949644,53.4033217062436
"Non-dairy cattle",2008,81531.5991322991,40,6.10864769594532,3.66518861756719,66.207610393058,68.6510694714361,155.047690902378,147.4316935961,5057.78338208478,5064.82026088324,3038.89215652994,2025.9281043533,2889.62070112482,2175.19955975842,149.27145540512
"Cattle",2009,99553.900095252,40,6.11607386059455,3.66964431635673,66.0215672625492,68.467996806787,170.05430077951,161.63251590496,6619.81429478063,6794.06759495241,4076.44055697144,2717.62703798096,3874.55161708447,2919.51597786793,201.888939886971
"Dairy cattle",2009,18560.4843814227,40,6.14478641685998,3.68687185011599,65.2084961071029,67.6664106738469,236.874091192307,224.874600494491,1606.3865538871,1771.90875892677,1063.14525535606,708.763503570708,1009.28878866585,762.61997026092,53.8564666902122
"Non-dairy cattle",2009,80993.4157138293,40,6.10949407941829,3.66569644765097,66.207890982183,68.6516886139503,154.741850188358,147.139933848414,5013.42774089353,5022.15883602564,3013.29530161538,2008.86353441025,2865.26282841862,2156.89600760701,148.032473196759
"Cattle",2010,98781.7885555922,40,6.10543100509652,3.66325860305791,66.0781382392135,68.5203106412521,170.021200438929,161.625280364892,6556.86978348551,6727.97888860543,4036.78733316326,2691.19155544217,3837.43814890468,2890.54073970076,199.349184258584
"Dairy cattle",2010,18297.4462969609,40,6.12997512036377,3.67798507221826,65.1897990712969,67.6417891194424,238.842609608564,226.765145673439,1593.52309064916,1757.06851423495,1054.24110854097,702.827405693982,1000.93169700759,756.136817227363,53.3094115333818
"Non-dairy cattle",2010,80484.3422586313,40,6.09985110447976,3.65991066268786,66.2800947659402,68.7200352077321,154.375225047641,146.816273372646,4963.34669283635,4970.91037437048,2982.54622462229,1988.36414974819,2836.50645189709,2134.40392247339,146.039772725202
"Cattle",2011,97379.0193057095,40,6.08796911424628,3.65278146854776,66.189130752612,68.6243183983105,170.786212319153,162.393510001903,6471.15471380478,6644.73894166749,3986.8433650005,2657.895576667,3790.91216654736,2853.82677512014,195.931198453139
"Dairy cattle",2011,18441.8621811029,40,6.12610957048768,3.67566574229261,65.1893733823673,67.6398172105624,240.551353454711,228.394589709133,1615.63588902632,1782.4815077172,1069.48890463032,712.992603086882,1015.44005495484,767.041452762366,54.0488496754842
"Non-dairy cattle",2011,78937.1571246066,40,6.07905846857382,3.64743508114429,66.4227012067327,68.8543245941622,154.487181992583,146.973866577915,4855.51882477846,4862.25743395029,2917.35446037017,1944.90297358012,2775.47211159252,2086.78532235777,141.882348777654
"Cattle",2012,95444.2795843382,40,6.08348966216156,3.65009379729694,66.195901857235,68.6292977220997,172.315165678413,163.853631339088,6386.99612278976,6566.27271725739,3939.76363035443,2626.50908690295,3746.29006084265,2819.98265641474,193.473569511785
"Dairy cattle",2012,18586.7148155314,40,6.12104243023662,3.67262545814197,65.1906625002034,67.6390794722981,242.780890478708,230.521433205714,1640.54764975756,1811.63299232576,1086.97979539545,724.653196930303,1032.09169307413,779.541299251629,54.8881023213257
"Non-dairy cattle",2012,76857.5647688068,40,6.07440815414287,3.64464489248572,66.4390021598103,68.8687654214674,155.274210307623,147.731140021535,4746.4484730322,4754.63972493163,2852.78383495898,1901.85588997265,2714.19836776852,2040.44135716311,138.585467190459
"Cattle",2013,94514.9760518977,40,6.07919408813677,3.64751645288206,66.2177137414369,68.6493913766916,173.1013292052,164.610886018349,6346.12796325711,6527.3796688559,3916.42780131354,2610.95186754236,3724.31952010203,2803.06014875387,192.108281211509
"Dairy cattle",2013,18505.3118069965,40,6.11625785333924,3.66975471200354,65.1949015130877,67.6414046544234,244.050629039719,231.737480305766,1639.4524390003,1811.71475260828,1087.02885156497,724.685901043312,1032.18470721638,779.530045391899,54.8441443485863
"Non-dairy cattle",2013,76009.6642449012,40,6.07017054437261,3.64210232662357,66.4667275924207,68.8947958101697,155.828013647646,148.268246300482,4706.67552425681,4715.66491624762,2829.39894974857,1886.26596649905,2692.13481288565,2023.53010336197,137.264136862923
"Cattle",2014,93482.2964865342,40,6.07447265480763,3.64468359288458,66.249660540907,68.6794496028301,173.33876199283,164.848146824598,6275.23486640749,6459.79232072915,3875.87539243749,2583.91692829166,3686.01318074468,2773.77913998447,189.862211692809
"Dairy cattle",2014,18516.5807545852,40,6.10928171563081,3.66556902937849,65.1919503254968,67.6356630117491,245.891758302958,233.498137635933,1650.98472244309,1824.41071360962,1094.64642816577,729.76428544385,1039.47323859313,784.937475016494,55.1731895726446
"Non-dairy cattle",2014,74965.715731949,40,6.06587479404647,3.63952487642788,66.5109156550264,68.937265572645,155.418124511461,147.891554250936,4624.2501439644,4635.38160711953,2781.22896427171,1854.15264284781,2646.53994215155,1988.84166496798,134.689022120164
"Cattle",2015,94961.506629302,40,6.0841453442135,3.6504872065281,66.1728185349661,68.6064766726515,173.616054682153,165.087366825648,6391.01168972081,6580.6924316468,3948.41545898808,2632.27697265872,3754.45015995331,2826.24227169349,193.965299034773
"Dairy cattle",2015,18812.1359575811,40,6.09858096323359,3.65914857794015,65.1849839045439,67.6244162898373,246.490649841053,234.085172115787,1679.05310985985,1854.79129137876,1112.87477482726,741.916516551504,1056.86557837688,797.925713001884,56.0091964503802
"Non-dairy cattle",2015,76149.3706717209,40,6.08057913184375,3.64834747910625,66.4168557372067,68.8490873899442,155.612927671518,148.041971933437,4711.95857986096,4725.90114026804,2835.54068416083,1890.36045610722,2697.58458157643,2028.31655869161,137.956102584393
"Cattle",2016,98180.0073519939,40,6.08278774349092,3.64967264609455,66.185627293802,68.6187423911984,173.542583063845,165.022569356583,6604.01263134302,6798.61984467138,4079.17190680283,2719.44793786855,3878.90412341488,2919.7157212565,200.267783387947
"Dairy cattle",2016,18856.9768601127,40,6.09106362915002,3.65463817749001,65.1815322425204,67.6179576941804,249.260863208128,236.729454418787,1699.50198098195,1877.78988312458,1126.67392987475,751.115953249831,1070.03121667125,807.758666453327,56.6427132034958
"Non-dairy cattle",2016,79323.0304918812,40,6.08082036802124,3.64849222081274,66.4243246434867,68.8566527906952,155.54254136455,147.976131973342,4904.51065036107,4920.8299615468,2952.49797692808,1968.33198461872,2808.87290674363,2111.95705480317,143.625070184451
"Cattle",2017,100308.508229505,40,6.06965213438088,3.64179128062853,66.274151413189,68.7020122669413,173.834815180511,165.333040480118,6748.2358232211,6944.04175706783,4166.4250542407,2777.61670282713,3962.65069426048,2981.39106280735,203.774359980214
"Dairy cattle",2017,18923.0662188034,40,6.0894664017275,3.6536798410365,65.1852518555902,67.6210384162812,250.995338437931,238.381053901919,1715.43197955844,1896.9858841976,1138.19153051856,758.794353679041,1080.98938520465,815.996498992949,57.202145313908
"Non-dairy cattle",2017,81385.4420107013,40,6.06504508570223,3.63902705142134,66.5273332836193,68.9533513179002,155.894091938071,148.348523827237,5032.80384366266,5047.05587287023,3028.23352372214,2018.82234914809,2881.66130905583,2165.3945638144,146.572214666307
"Cattle",2018,100727.429337528,40,6.06186090984745,3.63711654590847,66.3244930381898,68.7492374021288,174.163891565165,165.664376258299,6778.82987190121,6977.99587174338,4186.79752304603,2791.19834869735,3982.4657259683,2995.53014577508,204.331797077726
"Dairy cattle",2018,19005.9191123963,40,6.08711819226108,3.65227091535665,65.1888161454926,67.623663422397,253.298489469328,240.574249325498,1737.0607812619,1922.03329565769,1153.21997739461,768.813318263076,1095.2889255286,826.744370129092,57.9310518660163
"Non-dairy cattle",2018,81721.5102251316,40,6.05598683990883,3.6335921039453,66.5886166832492,69.0110114192127,155.759608988703,148.24263522203,5041.76909063931,5055.9625760857,3033.57754565142,2022.38503043428,2887.17680043971,2168.78577564599,146.40074521171
"Cattle",2019,100581.185860223,40,6.05624763733413,3.63374858240048,66.3667707567126,68.7892698116463,174.946330107178,166.423294690915,6793.88178527845,6993.31869739939,4195.99121843963,2797.32747895976,3991.56011317603,3001.75858422336,204.431105263604
"Dairy cattle",2019,18882.1466860419,40,6.08682402554048,3.65209441532429,65.1860714528485,67.6208010630647,254.511374684738,241.72589180664,1732.19908164197,1918.56715726236,1151.14029435742,767.426862904945,1093.31229141639,825.254865845976,57.8280029410312
"Non-dairy cattle",2019,81699.0391741811,40,6.04918087310927,3.62950852386556,66.6396520252443,69.059324374488,156.557388719606,149.019483104495,5061.68270363648,5074.75154013703,3044.85092408222,2029.90061605481,2898.24782175964,2176.50371837739,146.603102322574
"Cattle",2020,99851.3706829068,40,6.0506571538332,3.63039429229992,66.4011343531485,68.8213972146818,175.6762303462,167.130393609211,6761.01484334618,6965.48626952045,4179.29176171227,2786.19450780818,3975.97657272367,2989.50969679678,203.315188988603
"Dairy cattle",2020,18791.7124481271,40,6.08339361722834,3.650036170337,65.19149892789,67.6248563747813,257.669853208438,244.734385282615,1743.40269977244,1931.98425091535,1159.19055054921,772.793700366141,1100.99719963976,830.987051275596,58.1933509094549
"Non-dairy cattle",2020,81059.6582347797,40,6.04306800011498,3.62584080006899,66.6815589388615,69.0987861389075,156.668000889512,149.139793499232,5017.61214357374,5033.5020186051,3020.10121116306,2013.40080744204,2874.97937308391,2158.52264552119,145.121838079148
"Cattle",2021,99961.2305633913,40,6.03570790686236,3.62142474411741,66.5243365440543,68.9386197067993,176.390845352467,167.850146954245,6774.31029824951,6986.38138363322,4191.82883017993,2794.55255345329,3988.84322683991,2997.53815679331,202.985603340021
"Dairy cattle",2021,18859.4659206171,40,6.08467611261459,3.65080566756875,65.2020159620676,67.6358864071134,260.117784292023,247.06034008461,1764.28422845022,1957.78319927982,1174.66991956789,783.113279711928,1115.7036056012,842.079593678619,58.9663139666909
"Non-dairy cattle",2021,81101.7646427742,40,6.0243208031212,3.61459248187272,66.8318299760648,69.2415582973133,156.920919407905,149.430548509161,5010.02606979929,5028.5981843534,3017.15891061204,2011.43927374136,2873.13962123871,2155.45856311469,144.01928937333
"Cattle",2022,98015.2850473235,40,6.02904622419714,3.61742773451828,66.5752063535481,68.986824843227,176.621060526727,168.086086058906,6639.27939375694,6852.56070327076,4111.53642196245,2741.0242813083,3912.82813643953,2939.73256683123,198.708285522923
"Dairy cattle",2022,18626.1558140982,40,6.08340995565975,3.65004597339585,65.2102965286737,67.6436605109376,261.303036841057,248.19144827929,1748.14995735105,1941.96978608094,1165.18187164857,776.787914432377,1106.71571111183,835.254074969112,58.4661605367344
"Non-dairy cattle",2022,79389.1292332253,40,6.01629148884938,3.60977489330963,66.8954394045445,69.3019560000843,156.753105043265,149.291888759193,4891.12943640589,4910.59091718981,2946.35455031389,1964.23636687592,2806.1124253277,2104.47849186211,140.242124986189
"Cattle",1990,101088.450771948,50,6.2296122790063,3.11480613950315,65.3167707714529,68.431576910956,155.777263847172,145.945698479112,6288.64083424356,6455.51769171236,3227.75884585618,3227.75884585618,3024.01051890848,3431.50717280388,203.748326947698
"Dairy cattle",1990,19512.3505454128,50,6.53676278883145,3.26838139441573,66.6397611542452,69.9081425486609,199.547879004794,186.810574277584,1546.96093902158,1669.34894367322,834.674471836612,834.674471836612,781.396515945383,887.952427727841,53.2779558912288
"Non-dairy cattle",1990,81576.1002265352,50,6.1561443343354,3.0780721671677,65.0003220561359,68.0783942233036,145.307682877107,136.171147117129,4741.67989522198,4786.16874803914,2393.08437401957,2393.08437401957,2242.6140029631,2543.55474507604,150.47037105647
"Cattle",1991,101143.694941027,50,6.21096523844984,3.10548261922492,65.3877886024258,68.4932712216507,156.479319704843,146.649768322604,6296.64485018056,6466.74396777503,3233.37198388751,3233.37198388751,3030.23616369808,3436.50780407694,203.135820189432
"Dairy cattle",1991,19411.0245340661,50,6.48859478784027,3.24429739392014,66.6401948292278,69.8844922231479,200.773366298765,188.045717557087,1531.83634605865,1658.5665732689,829.283286634449,829.283286634449,776.712437351972,881.854135916926,52.5708492824772
"Non-dairy cattle",1991,81732.6704069609,50,6.1450298668565,3.07251493342825,65.0903495505262,68.1628644839545,145.959746309448,136.818475863903,4764.80850412191,4808.17739450613,2404.08869725306,2404.08869725306,2253.52372634611,2554.65366816002,150.564970906954
"Cattle",1992,103348.090791999,50,6.20525081934016,3.10262540967008,65.4094945080481,68.5121199177181,157.76754909266,147.873799958936,6487.8899704977,6652.70899016617,3326.35449508308,3326.35449508308,3117.74473113847,3534.9642590277,208.609763944617
"Dairy cattle",1992,19076.825883357,50,6.44420700799858,3.22210350399929,66.6298436064301,69.8519471104294,203.303974739647,190.494635224974,1510.75086168457,1639.26499115531,819.632495577657,819.632495577657,767.990854401885,871.274136753429,51.6416411757716
"Non-dairy cattle",1992,84271.2649086419,50,6.15115734382713,3.07557867191356,65.1332391641656,68.2088178360792,147.459284889438,138.225549701213,4977.13910881313,5013.44399901085,2506.72199950543,2506.72199950543,2349.75387673658,2663.69012227427,156.968122768846
"Cattle",1993,104512.885166898,50,6.21274325645525,3.10637162822763,65.3906459822527,68.4970176104803,158.088326370047,148.162038731267,6586.5314305599,6746.61263357067,3373.30631678533,3373.30631678533,3161.4997637621,3585.11286980856,211.806553023231
"Dairy cattle",1993,18990.6367644308,50,6.41380335884158,3.20690167942079,66.6257129377613,69.8326146171821,203.979600752399,191.182790154701,1498.62131140788,1629.55716816461,814.778584082307,814.778584082307,763.662849072029,865.894319092585,51.1157350102781
"Non-dairy cattle",1993,85522.2484024669,50,6.16809686977153,3.08404843488576,65.1163932776063,68.2004417124921,147.897942712794,138.609068844758,5087.91011915202,5117.05546540605,2558.52773270303,2558.52773270303,2397.83691469007,2719.21855071598,160.690818012953
"Cattle",1994,106543.661997847,50,6.18558737552707,3.09279368776353,65.5629160718764,68.65570975964,158.556696684988,148.685834678083,6705.50262826811,6867.42443663437,3433.71221831719,3433.71221831719,3219.95538169479,3647.46905493958,213.756836622392
"Dairy cattle",1994,18713.976504305,50,6.38492808591511,3.19246404295756,66.9240510155643,70.1165150585219,205.022188892918,192.306307184745,1474.79300944536,1606.7586687463,803.379334373152,803.379334373152,753.552158895988,853.206509850316,49.8271754771642
"Non-dairy cattle",1994,87829.6854935424,50,6.14311361110914,3.07155680555457,65.2728974157441,68.3444542212987,148.65623849077,139.391568246304,5230.70961882275,5260.66576788807,2630.33288394403,2630.33288394403,2466.40322279881,2794.26254508926,163.929661145227
"Cattle",1995,109041.908025086,50,6.17584754321448,3.08792377160724,65.6295844805073,68.7175082521145,158.880860827559,149.020928087168,6866.45314408403,7030.49090884521,3515.2454544226,3515.2454544226,3297.10121379604,3733.38969504917,218.144240626563
"Dairy cattle",1995,18680.6537635394,50,6.360590374151,3.1802951870755,66.9227226617768,70.1030178488523,206.034516147186,193.300782282095,1470.75200892023,1605.67326626246,802.836633131229,802.836633131229,753.218208924406,852.455057338051,49.6184242068226
"Non-dairy cattle",1995,90361.254261547,50,6.13765510234782,3.06882755117391,65.3622501364887,68.4310776876626,149.132643896422,139.866820702589,5395.7011351638,5424.81764258275,2712.40882129137,2712.40882129137,2543.88300487163,2880.93463771112,168.525816419741
"Cattle",1996,108147.990911336,50,6.17018133099826,3.08509066549913,65.681681082795,68.7667717482941,159.431256725896,149.559030634199,6828.01310499576,6989.42519218052,3494.71259609026,3494.71259609026,3278.3227635916,3711.10242858892,216.389832498658
"Dairy cattle",1996,18555.5217474709,50,6.33863142570585,3.16931571285292,66.9229835536451,70.092299266498,206.470706991451,193.751115684418,1456.2338267961,1592.77639404889,796.388197024443,796.388197024443,747.326843307496,845.44955074139,49.0613537169472
"Non-dairy cattle",1996,89592.4691638649,50,6.13529358401594,3.06764679200797,65.4245945753239,68.4922413673319,149.688902814485,140.406395341654,5371.77927819966,5396.64879813163,2698.32439906582,2698.32439906582,2530.99592028411,2865.65287784753,167.328478781711
"Cattle",1997,105709.28014629,50,6.15627406826703,3.07813703413351,65.7835119138491,68.8616489479827,160.119792121542,150.249793314761,6686.56994728129,6846.04497787196,3423.02248893598,3423.02248893598,3212.0276966194,3634.01728125256,210.994792316577
"Dairy cattle",1997,18366.7448038228,50,6.32082061344984,3.16041030672492,66.921976496813,70.0823868035379,208.438324506443,195.630808936676,1448.61776316089,1587.12424554684,793.562122773418,793.562122773418,744.801611638701,842.322633908135,48.7605111347169
"Non-dairy cattle",1997,87342.5353424668,50,6.12167254918044,3.06083627459022,65.544110934916,68.6049472095062,149.95917392871,140.706888135768,5237.9521841204,5258.92073232513,2629.46036616256,2629.46036616256,2467.2260849807,2791.69464734442,162.23428118186
"Cattle",1998,104264.808441053,50,6.14455170086042,3.07227585043021,65.8670676408868,68.939343491317,160.655590256487,150.790033339821,6603.47367924195,6761.92611561993,3380.96305780996,3380.96305780996,3173.34759971145,3588.57851590848,207.61545809852
"Dairy cattle",1998,18137.4489423687,50,6.30226034585344,3.15113017292672,66.9215509819682,70.0726811548949,209.900095070272,197.037905404279,1434.85796630615,1573.66713095037,786.833565475183,786.833565475183,738.618234503928,835.048896446438,48.2153309712548
"Non-dairy cattle",1998,86127.3594986844,50,6.11134004183615,3.05567002091807,65.6450053615976,68.7006753825157,150.285253850599,141.050753938423,5168.6157129358,5188.25898466956,2594.12949233478,2594.12949233478,2434.72936520752,2753.52961946205,159.400127127265
"Cattle",1999,104257.101933663,50,6.10394088638448,3.05197044319224,65.9441935371493,68.9961639803416,162.05035942319,152.158229779467,6613.06502953084,6778.05941333843,3389.02970666922,3389.02970666922,3182.10718003325,3595.95223330518,206.922526635962
"Dairy cattle",1999,18072.0209694026,50,6.28270477574962,3.14135238787481,65.915271431758,69.0566238196328,217.504493264615,203.883044927204,1475.23942130491,1619.75490391206,809.87745195603,809.87745195603,759.158022183,860.59688172906,50.7194297730299
"Non-dairy cattle",1999,86185.0809642603,50,6.06645615328411,3.03322807664206,65.9502581702536,68.9834862468957,150.422264880495,141.312130506484,5137.82560822593,5158.30450942637,2579.15225471319,2579.15225471319,2422.94915785025,2735.35535157612,156.203096862932
"Cattle",2000,102952.359145949,50,6.10759448582199,3.053797242911,66.100473380663,69.154270623574,162.402822470114,152.519540404619,6541.348263555,6711.27462177716,3355.63731088858,3355.63731088858,3151.38180745318,3559.89281432398,204.255503435401
"Dairy cattle",2000,18142.2024967036,50,6.27078310282253,3.13539155141126,65.9184714877048,69.0538630391161,219.855040677752,206.111779939369,1491.76409919687,1640.49878301367,820.249391506837,820.249391506837,768.975146334985,871.52363667869,51.2742451718527
"Non-dairy cattle",2000,84810.1566492453,50,6.07268592001159,3.0363429600058,66.1394063967932,69.175749356799,150.112905580578,141.055332574979,5049.58416435813,5070.77583876349,2535.38791938174,2535.38791938174,2382.4066611182,2688.36917764529,152.981258263548
"Cattle",2001,102163.813848344,50,6.11682096078901,3.0584104803945,66.0560436945364,69.1144541749309,162.309078046068,152.412880920109,6497.00316143459,6662.47897234049,3331.23948617025,3331.23948617025,3128.10804002082,3534.37093231968,203.131446149431
"Dairy cattle",2001,17926.5809741059,50,6.23312559170227,3.11656279585113,65.9348781429328,69.0514409387839,221.693688840796,207.918542937343,1480.85902009824,1624.74186212298,812.370931061491,812.370931061491,761.893499062368,862.848363060615,50.4774319991235
"Non-dairy cattle",2001,84237.2328742385,50,6.092070095731,3.0460350478655,66.081829015326,69.1278640631915,149.671399935051,140.600684451608,5016.14414133635,5037.73711021751,2518.86855510876,2518.86855510876,2366.21454095845,2671.52256925906,152.654014150307
"Cattle",2002,102092.757209596,50,6.10730194878845,3.05365097439423,66.0935261630431,69.1471771374373,162.968343477122,153.054849752506,6505.37042609382,6674.34926666016,3337.17463333008,3337.17463333008,3134.15055398349,3540.19871267667,203.024079346589
"Dairy cattle",2002,17832.9470134924,50,6.21951933766818,3.10975966883409,65.931817323697,69.0415769925311,224.157832978635,210.256819342091,1485.19255651506,1630.65301159585,815.326505797925,815.326505797925,764.764521303663,865.888490292187,50.5619844942621
"Non-dairy cattle",2002,84259.8101961033,50,6.08355199320195,3.04177599660097,66.12775060714,69.169526603741,150.018054109943,140.948488601391,5020.17786957876,5043.69625506431,2521.84812753215,2521.84812753215,2369.38603267983,2674.31022238448,152.462094852327
"Cattle",2003,101279.540370337,50,6.09217000965229,3.04608500482615,66.1645073675868,69.210592372413,164.670526323127,154.692199502298,6511.03927219147,6674.10227223009,3337.05113611505,3337.05113611505,3134.81508141693,3539.28719081316,202.236054698117
"Dairy cattle",2003,17918.7594908953,50,6.20976560929247,3.10488280464623,65.9305254384641,69.0354082431103,224.622187965698,210.712267088416,1491.24956740905,1639.31909326925,819.659546634623,819.659546634623,768.901429000504,870.417664268742,50.758117634119
"Non-dairy cattle",2003,83360.780879442,50,6.06689232817055,3.03344616408527,66.2148027927128,69.2482489567981,151.783658005442,142.650444289003,5019.78970478242,5034.78317896084,2517.39158948042,2517.39158948042,2365.91365241642,2668.86952654442,151.477937063998
"Cattle",2004,99314.7946386389,50,6.09777372231153,3.04888686115576,66.2355009650105,69.2843878261662,164.443045025455,154.502418676206,6383.36108679988,6539.65419584168,3269.82709792084,3269.82709792084,3072.16076294636,3467.49343289532,197.666334974477
"Dairy cattle",2004,17642.3099397161,50,6.1952651694507,3.09763258472535,66.6282841743538,69.7259167590791,222.182615474878,208.687372326612,1447.94339822536,1592.77018624911,796.385093124556,796.385093124556,748.013124649887,844.757061599225,48.3719684746692
"Non-dairy cattle",2004,81672.4846989228,50,6.07671431248408,3.03835715624204,66.1506547264774,69.1890118827194,151.970553201434,142.797769920953,4935.41768857452,4946.88400959257,2473.44200479628,2473.44200479628,2324.14763829648,2622.73637129609,149.294366499808
"Cattle",2005,99986.237863469,50,6.09344813170701,3.04672406585351,66.2446643368426,69.2913884026961,165.425924557227,155.435194297054,6459.55846100624,6618.04125147222,3309.02062573611,3309.02062573611,3109.17213951484,3508.86911195738,199.848486221269
"Dairy cattle",2005,17793.4431946766,50,6.18302889486947,3.09151444743474,66.6180008882528,69.7095153356875,224.686879262109,211.061235961151,1473.37747145681,1621.3123105544,810.656155277198,810.656155277198,761.495689620244,859.816620934151,49.1604656569534
"Non-dairy cattle",2005,82192.7946687924,50,6.07405530990201,3.03702765495101,66.1638428640264,69.2008705189774,152.596862892483,143.393033953398,4986.18098954943,4996.72894091782,2498.36447045891,2498.36447045891,2347.6764498946,2649.05249102323,150.688020564315
"Cattle",2006,101341.021654928,50,6.06988683451968,3.03494341725984,66.383232098098,69.4181755153578,166.554595439123,156.561959082354,6566.90448771353,6728.40449922836,3364.20224961418,3364.20224961418,3162.35413758378,3566.05036164458,201.848112030399
"Dairy cattle",2006,18077.6693365023,50,6.17035264708805,3.08517632354403,66.6107955198104,69.6959718433544,226.559870854871,212.844492658582,1505.64604871539,1657.53652833912,828.76826416956,828.76826416956,778.596668744134,878.939859594986,50.1715954254256
"Non-dairy cattle",2006,83263.3523184256,50,6.04807426405905,3.02403713202952,66.3338248117439,69.3578619437734,153.526588552453,144.342212902539,5061.25843899814,5070.86797088924,2535.43398544462,2535.43398544462,2383.75746883965,2687.11050204959,151.676516604973
"Cattle",2007,100990.442357579,50,6.10697266288617,3.05348633144309,66.0516462496747,69.1051325811178,169.007099565819,158.703651048549,6673.87007375831,6841.63323608224,3420.81661804112,3420.81661804112,3212.25209413661,3629.38114194563,208.564523904509
"Dairy cattle",2007,18189.9240790303,50,6.15920269736417,3.07960134868208,65.1081694380682,68.1877707867503,235.496235765883,220.722431582965,1570.84493181794,1730.48185024024,865.240925120121,865.240925120121,810.960227353555,919.521622886687,54.2806977665659
"Non-dairy cattle",2007,82800.5182785487,50,6.09549857574817,3.04774928787409,66.2589127249365,69.3066620128106,154.400520226656,145.079135974864,5103.02514194037,5111.151385842,2555.575692921,2555.575692921,2401.29186678306,2709.85951905894,154.283826137943
"Cattle",2008,99954.0161817038,50,6.11681038776273,3.05840519388137,66.0232733664355,69.0816785603169,169.972783931759,159.59283954795,6649.43340155368,6819.57819649174,3409.78909824587,3409.78909824587,3201.5500079104,3618.02818858134,208.239090335473
"Dairy cattle",2008,18422.4170494047,50,6.15293579493991,3.07646789746995,65.2074579107589,68.2839258082289,236.026369550866,221.270355147676,1591.6500194689,1754.7579356085,877.378967804251,877.378967804251,822.526551480549,932.231384127952,54.8524163237016
"Non-dairy cattle",2008,81531.5991322991,50,6.10864769594532,3.05432384797266,66.207610393058,69.2619342410307,155.047690902378,145.656538444552,5057.78338208478,5064.82026088324,2532.41013044162,2532.41013044162,2379.02345642985,2685.79680445339,153.386674011771
"Cattle",2009,99553.900095252,50,6.11607386059455,3.05803693029728,66.0215672625492,69.0796041928465,170.05430077951,159.670674203318,6619.81429478063,6794.06759495241,3397.0337974762,3397.0337974762,3189.60167917892,3604.46591577349,207.432118297282
"Dairy cattle",2009,18560.4843814227,50,6.14478641685998,3.07239320842999,65.2084961071029,68.2808893155329,236.874091192307,222.083713729085,1606.3865538871,1771.90875892677,885.954379463385,885.954379463385,830.635540575176,941.273218351595,55.3188388882096
"Non-dairy cattle",2009,80993.4157138293,50,6.10949407941829,3.05474703970915,66.207890982183,69.2626380218921,154.741850188358,145.368076453792,5013.42774089353,5022.15883602564,2511.07941801282,2511.07941801282,2358.96613860375,2663.19269742189,152.113279409073
"Cattle",2010,98781.7885555922,50,6.10543100509652,3.05271550254826,66.0781382392135,69.1308537417617,170.021200438929,159.669069098384,6556.86978348551,6727.97888860543,3363.98944430272,3363.98944430272,3159.15899460735,3568.81989399808,204.830449695368
"Dairy cattle",2010,18297.4462969609,50,6.12997512036377,3.06498756018188,65.1897990712969,68.2547866314788,238.842609608564,223.955746409476,1593.52309064916,1757.06851423495,878.534257117477,878.534257117477,823.775940237356,933.292573997597,54.7583168801203
"Non-dairy cattle",2010,80484.3422586313,50,6.09985110447976,3.04992555223988,66.2800947659402,69.3300203181801,154.375225047641,145.054027306405,4963.34669283635,4970.91037437048,2485.45518718524,2485.45518718524,2335.38305436999,2635.52732000049,150.072132815248
"Cattle",2011,97379.0193057095,50,6.08796911424628,3.04398455712314,66.189130752612,69.2331153097351,170.786212319153,160.437394090443,6471.15471380478,6644.73894166749,3322.36947083375,3322.36947083375,3121.03833028135,3523.70061138615,201.331140552401
"Dairy cattle",2011,18441.8621811029,50,6.12610957048768,3.06305478524384,65.1893733823673,68.2524281676111,240.551353454711,225.56662252742,1615.63588902632,1782.4815077172,891.240753858602,891.240753858602,835.722451025516,946.759056691689,55.5183028330866
"Non-dairy cattle",2011,78937.1571246066,50,6.07905846857382,3.03952923428691,66.4227012067327,69.4622304410196,154.487181992583,145.221438784372,4855.51882477846,4862.25743395029,2431.12871697514,2431.12871697514,2285.31587925583,2576.94155469446,145.812837719314
"Cattle",2012,95444.2795843382,50,6.08348966216156,3.04174483108078,66.195901857235,69.2376466883158,172.315165678413,161.881369261268,6386.99612278976,6566.27271725739,3283.13635862869,3283.13635862869,3084.3286153914,3481.94410186598,198.807743237291
"Dairy cattle",2012,18586.7148155314,50,6.12104243023662,3.06052121511831,65.1906625002034,68.2511837153217,242.780890478708,227.66940681503,1640.54764975756,1811.63299232576,905.816496162879,905.816496162879,849.435488757125,962.197503568633,56.3810074057542
"Non-dairy cattle",2012,76857.5647688068,50,6.07440815414287,3.03720407707144,66.4390021598103,69.4762062368817,155.274210307623,145.971634208336,4746.4484730322,4754.63972493163,2377.31986246581,2377.31986246581,2234.89312663428,2519.74659829735,142.426735831536
"Cattle",2013,94514.9760518977,50,6.07919408813677,3.03959704406839,66.2177137414369,69.2573107855053,173.1013292052,162.631728950579,6346.12796325711,6527.3796688559,3263.68983442795,3263.68983442795,3066.28206630092,3461.09760255498,197.40776812703
"Dairy cattle",2013,18505.3118069965,50,6.11625785333924,3.05812892666962,65.1949015130877,68.2530304397573,244.050629039719,228.872786456531,1639.4524390003,1811.71475260828,905.85737630414,905.85737630414,849.52086648049,962.193886127791,56.3365098236504
"Non-dairy cattle",2013,76009.6642449012,50,6.07017054437261,3.03508527218631,66.4667275924207,69.501812864607,155.828013647646,146.504682005294,4706.67552425681,4715.66491624762,2357.83245812381,2357.83245812381,2216.76119982043,2498.90371642719,141.07125830338
"Cattle",2014,93482.2964865342,50,6.07447265480763,3.03723632740381,66.249660540907,69.2868968683108,173.33876199283,162.868765268057,6275.23486640749,6459.79232072915,3229.89616036457,3229.89616036457,3034.79298081935,3424.9993399098,195.103179545223
"Dairy cattle",2014,18516.5807545852,50,6.10928171563081,3.0546408578154,65.1919503254968,68.2465911833122,245.891758302958,230.614509128724,1650.98472244309,1824.41071360962,912.205356804812,912.205356804812,855.530059388752,968.880654220872,56.6752974160601
"Non-dairy cattle",2014,74965.715731949,50,6.06587479404647,3.03293739702324,66.5109156550264,69.5438530520496,155.418124511461,146.135522281878,4624.2501439644,4635.38160711953,2317.69080355976,2317.69080355976,2179.2629214306,2456.11868568893,138.427882129163
"Cattle",2015,94961.506629302,50,6.0841453442135,3.04207267210675,66.1728185349661,69.2148912070729,173.616054682153,163.099492980425,6391.01168972081,6580.6924316468,3290.3462158234,3290.3462158234,3091.03385514355,3489.65857650325,199.312360679845
"Dairy cattle",2015,18812.1359575811,50,6.09858096323359,3.04929048161679,65.1849839045439,68.2342743861607,246.490649841053,231.198470757214,1679.05310985985,1854.79129137876,927.39564568938,927.39564568938,869.860399201939,984.93089217682,57.5352464874404
"Non-dairy cattle",2015,76149.3706717209,50,6.08057913184375,3.04028956592188,66.4168557372067,69.4571453031286,155.612927671518,146.276146743829,4711.95857986096,4725.90114026804,2362.95057013402,2362.95057013402,2221.17345594162,2504.72768432643,141.777114192405
"Cattle",2016,98180.0073519939,50,6.08278774349092,3.04139387174546,66.185627293802,69.2270211655475,173.542583063845,163.036632918892,6604.01263134302,6798.61984467138,3399.30992233569,3399.30992233569,3193.51965852148,3605.1001861499,205.790263814209
"Dairy cattle",2016,18856.9768601127,50,6.09106362915002,3.04553181457501,65.1815322425204,68.2270640570954,249.260863208128,233.813219008314,1699.50198098195,1877.78988312458,938.894941562289,938.894941562289,880.708049277683,997.081833846894,58.1868922846053
"Non-dairy cattle",2016,79323.0304918812,50,6.08082036802124,3.04041018401062,66.4243246434867,69.4647348274973,155.54254136455,146.211349796828,4904.51065036107,4920.8299615468,2460.4149807734,2460.4149807734,2312.8116092438,2608.018352303,147.603371529603
"Cattle",2017,100308.508229505,50,6.06965213438088,3.03482606719044,66.274151413189,69.3089774803794,173.834815180511,163.350837459534,6748.2358232211,6944.04175706783,3472.02087853392,3472.02087853392,3262.61704980553,3681.4247072623,209.403828728387
"Dairy cattle",2017,18923.0662188034,50,6.0894664017275,3.04473320086375,65.1852518555902,68.2299850564539,250.995338437931,235.445459693756,1715.43197955844,1896.9858841976,948.492942098801,948.492942098801,889.731092850395,1007.25479134721,58.7618492484054
"Non-dairy cattle",2017,81385.4420107013,50,6.06504508570223,3.03252254285111,66.5273332836193,69.5598558264704,155.894091938071,146.587995397701,5032.80384366266,5047.05587287023,2523.52793643511,2523.52793643511,2372.88595695513,2674.1699159151,150.641979479982
"Cattle",2018,100727.429337528,50,6.06186090984745,3.03093045492373,66.3244930381898,69.3554234931135,174.163891565165,163.682408833705,6778.82987190121,6977.99587174338,3488.99793587169,3488.99793587169,3279.01546718782,3698.98040455556,209.982468683873
"Dairy cattle",2018,19005.9191123963,50,6.08711819226108,3.04355909613054,65.1888161454926,68.2323752416231,253.298489469328,237.612968830158,1737.0607812619,1922.03329565769,961.016647828844,961.016647828844,901.505647602644,1020.52764805504,59.5110002262005
"Non-dairy cattle",2018,81721.5102251316,50,6.05598683990883,3.02799341995442,66.5886166832492,69.6166101032036,155.759608988703,146.488426008916,5041.76909063931,5055.9625760857,2527.98128804285,2527.98128804285,2377.50981958518,2678.45275650052,150.471468457672
"Cattle",2019,100581.185860223,50,6.05624763733413,3.02812381866707,66.3667707567126,69.3948945753797,174.946330107178,164.435611937188,6793.88178527845,6993.31869739939,3496.6593486997,3496.6593486997,3286.57024441993,3706.74845297946,210.089104279766
"Dairy cattle",2019,18882.1466860419,50,6.08682402554048,3.04341201277024,65.1860714528485,68.2294834656187,254.511374684738,238.750362983883,1732.19908164197,1918.56715726236,959.283578631181,959.283578631181,899.878454887804,1018.68870237456,59.4051237433767
"Non-dairy cattle",2019,81699.0391741811,50,6.04918087310927,3.02459043655463,66.6396520252443,69.6642424617989,156.557388719606,147.260109698921,5061.68270363648,5074.75154013703,2537.37577006852,2537.37577006852,2386.69178953213,2688.0597506049,150.683980536389
"Cattle",2020,99851.3706829068,50,6.0506571538332,3.0253285769166,66.4011343531485,69.4264629300651,175.6762303462,165.137190787233,6761.01484334618,6965.48626952045,3482.74313476022,3482.74313476022,3273.79683309193,3691.68943642852,208.946301668296
"Dairy cattle",2020,18791.7124481271,50,6.08339361722834,3.04169680861417,65.19149892789,68.2331957365042,257.669853208438,241.723805001115,1743.40269977244,1931.98425091535,965.992125457676,965.992125457676,906.211142899416,1025.77310801594,59.7809825582594
"Non-dairy cattle",2020,81059.6582347797,50,6.04306800011498,3.02153400005749,66.6815589388615,69.703092938919,156.668000889512,147.382444924446,5017.61214357374,5033.5020186051,2516.75100930255,2516.75100930255,2367.58569019251,2665.91632841259,149.165319110036
"Cattle",2021,99961.2305633913,50,6.03570790686236,3.01785395343118,66.5243365440543,69.5421904974855,176.390845352467,165.857522208631,6774.31029824951,6986.38138363322,3493.19069181661,3493.19069181661,3284.5709351226,3701.81044851062,208.619756694013
"Dairy cattle",2021,18859.4659206171,50,6.08467611261459,3.04233805630729,65.2020159620676,68.2443540183749,260.117784292023,244.021358854586,1764.28422845022,1957.78319927982,978.89159963991,978.89159963991,918.316519439906,1039.46667983991,60.5750802000044
"Non-dairy cattle",2021,81101.7646427742,50,6.0243208031212,3.0121604015606,66.8318299760648,69.8439903776254,156.920919407905,147.681244294801,5010.02606979929,5028.5981843534,2514.2990921767,2514.2990921767,2366.25441568269,2662.34376867071,148.044676494009
"Cattle",2022,98015.2850473235,50,6.02904622419714,3.01452311209857,66.5752063535481,69.5897294656467,176.621060526727,166.094534432706,6639.27939375694,6852.56070327076,3426.28035163538,3426.28035163538,3222.05159360282,3630.50910966793,204.228758032556
"Dairy cattle",2022,18626.1558140982,50,6.08340995565975,3.04170497782988,65.2102965286737,68.2520015065036,261.303036841057,245.139777121916,1748.14995735105,1941.96978608094,970.984893040472,970.984893040472,910.923283350411,1031.04650273053,60.061609690061
"Non-dairy cattle",2022,79389.1292332253,50,6.01629148884938,3.00814574442469,66.8954394045445,69.9035851489692,156.753105043265,147.54906075246,4891.12943640589,4910.59091718981,2455.29545859491,2455.29545859491,2311.12831025241,2599.4626069374,144.167148342495
