"Animal","Year","Population_size_1000s","Red_in_perc","Ym_org_in_perc","Ym_upd_in_perc","DE_org_in_perc","DE_upd_in_perc","GE_org_in_MJ_per_head_per_day","GE_upd_in_MJ_per_head_per_day","Ch4_emission_org_in_kt_CRT","Ch4_emission_org_in_kt","Ch4_emission_upd_in_kt_Ym","CH4_Ym_in_kt_diff","CH4_emis_upd_in_kt_Ym_DE","CH4_Ym_De_in_kt_diff","CH4_Ym_and_Ym_DE_in_kt_diff"
"Cattle",1990,19487.996,10,6.54400468665839,5.88960421799255,74.8492987133498,75.5036991820156,147.929176879203,146.245948594534,1266.51419577,1266.65328946283,1139.98796051654,126.665328946283,1126.98785384749,139.665435615335,13.0001066690525
"Dairy cattle",1990,6354.555,10,7.02373953,6.321365577,75.52314884,76.225522793,246.6989066,243.784598951231,721.02925979,722.184995601457,649.966496041311,72.2184995601458,642.288300961475,79.8966946399812,7.6781950798354
"Non-dairy cattle",1990,13133.441,10,6.31188719,5.680698471,74.52325943,75.154448149,100.1398976,99.0523214013713,545.48493598,544.46829386137,490.021464475233,54.4468293861369,484.699552886016,59.768740975354,5.32191158921705
"Cattle",1991,17133.7939999,10,6.54380794670198,5.88942715203178,74.8280745478043,75.4824553424745,149.821792950922,148.118293021525,1126.86379634,1126.93794628422,1014.2441516558,112.693794628422,1002.69046536792,124.247480916306,11.5536862878838
"Dairy cattle",1991,5632.212,10,6.99093935,6.291845415,75.53366136,76.232755295,252.1493283,249.18501941267,650.25241298,651.178479535956,586.06063158236,65.1178479535956,579.170806610679,72.0076729252769,6.88982497168126
"Non-dairy cattle",1991,11501.5819999,10,6.32485208,5.692366872,74.4825556,75.115040808,99.71300161,98.6269074724873,476.61138336,475.759466748268,428.183520073442,47.5759466748268,423.519658757239,52.2398079910294,4.6638613162026
"Cattle",1992,16207.34,10,6.57131694949561,5.91418525454605,74.804216193761,75.4613478887105,154.129600685425,152.373648934845,1098.0631213,1098.09868087108,988.28881278397,109.809868087108,977.01399353845,121.084687332627,11.2748192455196
"Dairy cattle",1992,5365.182,10,6.96225412,6.266028708,75.49665303,76.192878442,258.3893476,255.361606100093,632.17266122,633.047985208681,569.743186687813,63.3047985208682,563.067079074838,69.9809061338426,6.67610761297442
"Non-dairy cattle",1992,10842.158,10,6.37786385,5.740077465,74.46156765,75.099354035,102.5372408,101.410627182187,465.89046008,465.050695662396,418.545626096157,46.5050695662395,413.946914463612,51.1037811987847,4.59871163254519
"Cattle",1993,15896.62,10,6.57750882690442,5.91975794421398,74.7566232354827,75.4143741181731,157.442194290609,155.647797277349,1099.63513565,1099.68111700742,989.713005306676,109.968111700742,978.420454153958,121.26066285346,11.2925511527185
"Dairy cattle",1993,5301,10,6.9358014,6.24222126,75.46752033,76.16110047,264.193019,261.106972875732,636.21399468,637.093958524813,573.384562672332,63.7093958524813,566.68684138489,70.4071171399232,6.69772128744194
"Non-dairy cattle",1993,10595.62,10,6.39825467,5.758429203,74.40096066,75.040786127,104.0346427,102.886459116201,463.42114097,462.587158482605,416.328442634344,46.2587158482606,411.733612769068,50.8535457135372,4.59482986527667
"Cattle",1994,15962.2369997,10,6.58949881331677,5.93054893198509,74.7145277363812,75.3734776177129,157.806879364729,156.00558810205,1107.49213264,1107.61754541003,996.855790869028,110.761754541003,985.466591484529,122.150953925502,11.389199384499
"Dairy cattle",1994,5273.295,10,6.92418002,6.231762018,75.44053367,76.132951672,267.3666358,264.246896870547,639.33764963,640.302688221805,576.272419399624,64.0302688221805,569.548246447409,70.7544417743959,6.72417295221544
"Non-dairy cattle",1994,10688.9419997,10,6.4243868,5.78194812,74.35635913,74.99879781,103.7565425,102.605695733059,468.15448301,467.314857188226,420.583371469403,46.7314857188225,415.91834503712,51.3965121511059,4.66502643228347
"Cattle",1995,15889.9159999,10,6.6022708173921,5.9420437356529,74.6702422948424,75.3304693765816,158.687054566917,156.872880956716,1109.55369212,1109.58802927339,998.629226346053,110.958802927339,987.203889809438,122.384139463955,11.4253365366152
"Dairy cattle",1995,5229.396,10,6.91252963,6.221276667,75.41385518,76.105108143,270.1819004,267.032763485011,639.70601665,640.578685771171,576.520817194054,64.0578685771172,569.80111100723,70.7775747639408,6.7197061868236
"Non-dairy cattle",1995,10660.5199999,10,6.45007691,5.805069219,74.30547151,74.950479201,103.9945348,102.835212150753,469.84767547,469.009343502221,422.108409151999,46.900934350222,417.402778802207,51.6065647000137,4.70563034979165
"Cattle",1996,15759.6341425,10,6.59667586108811,5.9370082749793,74.6636807422734,75.3233483283823,160.245822438812,158.417107550925,1109.4222174,1109.47928243334,998.531354190006,110.947928243334,987.129085266357,122.350197166983,11.4022689236492
"Dairy cattle",1996,5194.739,10,6.88725115,6.198526035,75.44189191,76.130617025,274.1224545,270.940813265413,642.37585858,643.253206817739,578.927886135965,64.3253206817736,572.208477331086,71.0447294866527,6.71940880487909
"Non-dairy cattle",1996,10564.8951425,10,6.45380054,5.808420486,74.28103578,74.926415834,104.2528974,103.089413843096,467.04635882,466.226075615601,419.603468054041,46.6226075615601,414.920607935271,51.3054676803303,4.68286011877012
"Cattle",1997,15227.6628566,10,6.60569913155173,5.94512921839655,74.6345663498519,75.2951362630071,160.931606526644,159.093864543613,1076.99672865,1076.9784426674,969.280598400662,107.697844266741,958.206602798766,118.771839868637,11.0739956018965
"Dairy cattle",1997,5026.373,10,6.87452748,6.187074732,75.449792,76.137244748,276.0653111,272.867498119837,624.90317382,625.65814236777,563.092328130993,62.5658142367771,556.569726835116,69.0884155326538,6.52260129587671
"Non-dairy cattle",1997,10201.2898566,10,6.4732422,5.82591798,74.23288889,74.88021311,104.2030014,103.035392726989,452.09355483,451.320300299632,406.188270269669,45.1320300299633,401.636875963649,49.6834243359832,4.55139430601992
"Cattle",1998,14942.7925717,10,6.59929247678891,5.93936322911002,74.6305040009361,75.290433248615,163.52553074088,161.666401573196,1069.73824763,1069.8311062072,962.847995586478,106.98311062072,951.899115908341,117.931990298857,10.9488796781372
"Dairy cattle",1998,4832.973,10,6.81237615,6.131138535,75.55138682,76.232624435,285.527957,282.257100395496,615.74162898,616.57984239771,554.921858157939,61.6579842397711,548.564968122335,68.0148742753748,6.35689003560378
"Non-dairy cattle",1998,10109.8195717,10,6.49742838,5.847685542,74.19027836,74.840021198,105.2025876,104.018331068481,453.99661865,453.251263809488,407.926137428539,45.3251263809487,403.334147786006,49.9171160234822,4.59198964253346
"Cattle",1999,14896.242286,10,6.60225831171601,5.94203248054441,74.6002139346453,75.2604397658169,162.995578152573,161.141088427264,1063.29276016,1063.25711283021,956.93140154719,106.325711283021,946.041881216758,117.215231613453,10.8895203304324
"Dairy cattle",1999,4765.136,10,6.81242453,6.131182077,75.54269781,76.223940263,285.6458901,282.373057283114,607.40268254,608.180763983734,547.362687585361,60.8180763983734,541.091193302557,67.0895706811772,6.27149428280381
"Non-dairy cattle",1999,10131.106286,10,6.50340725,5.853066525,74.15691942,74.807260145,105.3073652,104.119988970022,455.89007762,455.076348846477,409.56871396183,45.5076348846476,404.950687914201,50.1256609322763,4.61802604762869
"Cattle",2000,14538.6989997,10,6.60247899847169,5.94223109862452,74.5701435585448,75.2303914583919,164.342424503722,162.475478919041,1044.51711192,1044.54596842027,940.091371578243,104.454596842027,929.411157023593,115.134811396677,10.68021455465
"Dairy cattle",2000,4569.752,10,6.78234636,6.104111724,75.60115164,76.279386276,289.7087978,286.407968153639,588.10712447,588.927692053503,530.034922848153,58.8927692053503,523.995910570204,64.9317814832991,6.03901227794881
"Non-dairy cattle",2000,9968.9469997,10,6.52002804,5.868025236,74.09753083,74.749533634,106.8746463,105.664991255517,456.40998745,455.618276366767,410.05644873009,45.5618276366766,405.415246453389,50.2030299133777,4.64120227670111
"Cattle",2001,14603.7119996,10,6.59493696610215,5.93544326949193,74.5662454835152,75.2257391801254,166.565949865791,164.679889135353,1060.27253141,1060.40763935326,954.366875417938,106.040763935326,943.560627258977,116.847012094287,10.806248158961
"Dairy cattle",2001,4548.587,10,6.74220749,6.067986741,75.6776299,76.351850649,295.5874975,292.244774388232,593.63981284,594.555465837223,535.099919253501,59.4555465837224,529.048611663288,65.5068541739356,6.05130759021324
"Non-dairy cattle",2001,10055.1249996,10,6.52831693,5.875485237,74.06349403,74.716325723,108.2011126,106.973995002677,466.63271857,465.852173516041,419.266956164437,46.585217351604,414.512015595689,51.3401579203517,4.75494056874771
"Cattle",2002,13988.4979996,10,6.58749137164592,5.92874223448132,74.6399356439958,75.2986847811603,166.914646468804,165.029359800416,1016.61603275,1016.76955466947,915.092599202519,101.676955466946,904.756863750467,112.012690918998,10.3357354520521
"Dairy cattle",2002,4427.4,10,6.73202985,6.058826865,75.7052078,76.378410785,296.3848571,293.040060888014,578.50088333,579.400012702491,521.460011432242,57.940001270249,515.575171403617,63.8248412988744,5.88484002862538
"Non-dairy cattle",2002,9561.0979996,10,6.52056081,5.868504729,74.14664649,74.798702571,106.9616567,105.752216315542,438.11514942,437.369541966975,393.632587770277,43.7369541966974,389.181692346851,48.1878496201241,4.45089542342674
"Cattle",2003,13644.5980002,10,6.57567943503134,5.91811149152821,74.6870050359361,75.3445729794392,169.291072539024,167.388100140453,1002.54660737,1002.53440352082,902.280963168739,100.253440352082,892.139206794851,110.39519672597,10.1417563738878
"Dairy cattle",2003,4371.958,10,6.68812083,6.019308747,75.79320782,76.462019903,302.0002683,298.620329929442,578.47313032,579.182080161091,521.263872144982,57.918208016109,515.429970829046,63.7521093320451,5.83390131593603
"Non-dairy cattle",2003,9272.6400002,10,6.52266443,5.870397987,74.16544137,74.817707813,106.72,105.513402441477,424.07347705,423.35232335973,381.017091023757,42.335232335973,376.709235965805,46.6430873939248,4.30785505795177
"Cattle",2004,13197.0310004,10,6.57379359592646,5.91641423633382,74.707443916358,75.3648232759506,170.28397586801,168.372810800349,974.47364555,974.502693321225,877.052423989103,97.4502693321226,867.209640212077,107.293053109148,9.84278377702572
"Dairy cattle",2004,4285.122,10,6.67426205,6.006835845,75.8318662,76.499292405,303.4826172,300.095798102919,568.56254622,569.282668058836,512.354401252952,56.9282668058836,506.636605332228,62.6460627266076,5.71779592072403
"Non-dairy cattle",2004,8911.9090004,10,6.52548525,5.872936725,74.16678684,74.819335365,106.2379417,105.036316815655,405.91109933,405.22002526239,364.698022736151,40.522002526239,360.573034879849,44.6469903825408,4.12498785630174
"Cattle",2005,13036.8089999,10,6.56571046885744,5.90913942197169,74.7639560744699,75.4205271213557,171.418616111016,169.500030818465,967.40312221,967.427925186748,870.685132668073,96.7427925186749,860.940796071504,106.487129115244,9.74433659656927
"Dairy cattle",2005,4236.394,10,6.65715857,5.991442713,75.86783113,76.533546987,305.9877311,302.584174609477,565.26748671,566.000682843892,509.400614559503,56.6000682843892,503.73446003191,62.2662228119823,5.66615452759311
"Non-dairy cattle",2005,8800.4149999,10,6.52168866,5.869519794,74.2325664,74.884735266,106.6389675,105.435226118029,402.1356355,401.427242342856,361.28451810857,40.1427242342857,357.206336039594,44.2209063032618,4.0781820689761
"Cattle",2006,12750.2460003,10,6.5560677453156,5.90046097078404,74.7258279090678,75.3814346835994,172.092172844326,170.170945012061,946.84915555,946.888327583974,852.199494825576,94.6888327583976,842.686316934359,104.202010649614,9.51317789121674
"Dairy cattle",2006,4081.794,10,6.61851345,5.956662105,75.87833198,76.540183325,309.0982971,305.680606197969,546.97405123,547.691305875925,492.922175288333,54.7691305875926,487.47194909913,60.2193567767952,5.45022618920257
"Non-dairy cattle",2006,8668.4520003,10,6.52666336,5.873997024,74.18313768,74.835804016,107.5788346,106.362260145198,399.87510432,399.197021708048,359.277319537243,39.9197021708049,355.214367835229,43.9826538728191,4.06295170201417
"Cattle",2007,12688.1889997,10,6.53988735614885,5.88589862053397,74.6988444912822,75.3528332268971,174.128341139435,172.191542616051,949.63244458,949.623064648512,854.660758183661,94.9623064648512,845.155072161863,104.467992486649,9.50568602179771
"Dairy cattle",2007,4071.199,10,6.57530007,5.917770063,75.89565684,76.553186847,312.8411541,309.405636117813,548.60861124,549.274558148625,494.347102333763,54.9274558148625,488.918346119142,60.356212029484,5.4287562146215
"Non-dairy cattle",2007,8616.9899997,10,6.5231562,5.87084058,74.13339632,74.78571194,108.5918295,107.363118738372,401.02383334,400.348506499887,360.313655849898,40.0348506499886,356.236726042722,44.1117804571649,4.07692980717627
"Cattle",2008,12971.4690002,10,6.54193606705626,5.88774246035063,74.7094631628788,75.3636567695845,172.064537850549,170.147553617901,960.25223856,960.34048500431,864.306436503879,96.0340485004309,854.677738535624,105.662746468686,9.62869796825487
"Dairy cattle",2008,4217.711,10,6.59033392,5.931300528,75.79259941,76.451632802,306.8215346,303.437175804371,558.57957456,559.368198402889,503.4313785626,55.9368198402888,497.878338042627,61.4898603602615,5.55304051997274
"Non-dairy cattle",2008,8753.7580002,10,6.51861715,5.866755435,74.18758951,74.839451225,107.1363016,105.926323642287,401.672664,400.972286601421,360.875057941279,40.0972286601422,356.799400492997,44.1728861084243,4.07565744828207
"Cattle",2009,12947.0150001,10,6.52355873260344,5.8712028593431,74.6918814223225,75.3442372955829,173.442632012649,171.519165967965,961.56214285,961.734061455883,865.560655310295,96.173406145588,855.961934386698,105.772127069185,9.59872092359706
"Dairy cattle",2009,4205.493,10,6.54005136,5.886046224,75.82604093,76.480046066,310.5019635,307.105212036323,559.27264464,560.131659014422,504.11849311298,56.0131659014421,498.603664124311,61.5279948901106,5.51482898866851
"Non-dairy cattle",2009,8741.5220001,10,6.51562423,5.864061807,74.14624419,74.797806613,107.5042223,106.289544898358,402.28949821,401.602402441461,361.442162197315,40.160240244146,357.358270262386,44.2441321790744,4.08389193492843
"Cattle",2010,12811.8549997,10,6.50217382420307,5.85195644178276,74.678022412364,75.3282397947843,175.646360312317,173.707815699901,958.89219742,959.044404924039,863.139964431635,95.9044404924039,853.613560924906,105.430843999133,9.52640350672959
"Dairy cattle",2010,4183.111,10,6.49054974,5.841494766,75.83710722,76.486162194,315.0021394,311.58271841007,560.11701891,560.947311006894,504.852579906204,56.0947311006893,499.372288528374,61.5750224785193,5.48029137782999
"Non-dairy cattle",2010,8628.7439997,10,6.50780904,5.857028136,74.11611208,74.766892984,108.0883597,106.86772609116,398.77517851,398.097093917146,358.287384525431,39.8097093917145,354.241272396532,43.8558215206141,4.04611212889961
"Cattle",2011,12530.5190002,10,6.48290008583919,5.83461007725527,74.7046124715586,75.3529024801425,178.039598011351,176.083850414573,946.74701985,946.759261848213,852.083335663392,94.6759261848213,842.722556296349,104.036705551864,9.36077936704248
"Dairy cattle",2011,4190.103,10,6.45109531,5.805985779,75.83065975,76.475769281,318.1412808,314.708054539496,563.3478637,564.034771447785,507.631294303007,56.4034771447785,502.153183804828,61.8815876429575,5.47811049817903
"Non-dairy cattle",2011,8340.4160002,10,6.49887834,5.848990506,74.13890279,74.788790624,107.6545619,106.441077972225,383.39915615,382.724490400428,344.452041360385,38.2724490400429,340.569372491522,42.1551179089063,3.88266886886339
"Cattle",2012,12509.6040003,10,6.46828734156236,5.82145860740612,74.7040580563147,75.350886790471,178.786166222931,176.828187645313,946.11765108,946.064912149715,851.458420934744,94.6064912149716,842.132506662806,103.932405486909,9.32591427193745
"Dairy cattle",2012,4190.485,10,6.42073324,5.778659916,75.8059017,76.447975024,320.1503502,316.709711203916,564.35407694,564.976773664364,508.479096297927,56.4976773664364,503.014498160449,61.9622755039148,5.46459813747845
"Non-dairy cattle",2012,8319.1190003,10,6.49224117,5.843017053,74.14904024,74.798264357,107.5785669,106.36743017468,381.76357414,381.088138485352,342.979324636816,38.1088138485351,339.118008502357,41.9701299829942,3.86131613445906
"Cattle",2013,12685.9929998,10,6.45965815339999,5.81369233805999,74.6680642134899,75.3140300288299,179.086976762174,177.127184914256,959.39989272,959.384326250532,863.445893625478,95.9384326250532,853.995647508103,105.388678742429,9.45024611737551
"Dairy cattle",2013,4267.611,10,6.40621542,5.765593878,75.75207647,76.392698012,319.7564744,316.323848559729,572.70714586,573.367941735228,516.031147561705,57.3367941735229,510.491488498261,62.8764532369674,5.5396590634445
"Non-dairy cattle",2013,8418.3819998,10,6.48675039,5.838075351,74.1185355,74.767210539,107.7760413,106.562887291407,386.69274686,386.016384515304,347.414746063773,38.6016384515303,343.504159009842,42.5122255054613,3.91058705393101
"Cattle",2014,12742.1939996,10,6.44417881882994,5.79976093694694,74.6411032432495,75.2855211251325,180.517341977128,178.548872537162,967.62508987,967.546182703241,870.791564432917,96.754618270324,861.293731167874,106.252451535367,9.49783326504303
"Dairy cattle",2014,4295.68,10,6.36767855,5.730910695,75.74680081,76.383568665,323.8369691,320.380814426223,580.38331944,580.988017133292,522.889215419963,58.0988017133293,517.308672806921,63.6793443263716,5.58054261304233
"Non-dairy cattle",2014,8446.5139996,10,6.48308489,5.834776401,74.07877387,74.727082359,107.628662,106.416791046164,387.24177043,386.558165569948,347.902349012953,38.6558165569948,343.985058360953,42.5731072089955,3.9172906520007
"Cattle",2015,12635.4560004,10,6.44620028376051,5.80158025538446,74.6305141081909,75.2751341365669,181.848411718602,179.86563537448,966.3970801,966.335644028877,869.702079625989,96.6335644028876,860.216785316806,106.118858712071,9.48529430918302
"Dairy cattle",2015,4284.639,10,6.36199722,5.725797498,75.75306216,76.389261882,325.4080832,321.93868071883,581.18053507,581.786640037377,523.607976033639,58.1786640037376,518.025426290721,63.7612137466559,5.58254974291833
"Non-dairy cattle",2015,8350.8170004,10,6.48940321,5.840462889,74.05455691,74.703497231,108.1907843,106.970766417106,385.21654503,384.5490039915,346.09410359235,38.45490039915,342.191359026085,42.3576449654147,3.90274456626469
"Cattle",2016,12466.5869997,10,6.43668098260619,5.79301288434558,74.6529428274615,75.2966109257221,182.864408428373,180.87641191908,956.63380721,956.63833071663,860.974497644967,95.663833071663,851.611499953069,105.026830763561,9.36299769189759
"Dairy cattle",2016,4217.7,10,6.3419739,5.70777651,75.80310835,76.43730574,328.9860418,325.493089628403,576.50757268,577.172066018293,519.454859416464,57.7172066018294,513.939637648033,63.2324283702603,5.51522176843093
"Non-dairy cattle",2016,8248.8869997,10,6.48510522,5.836594698,74.06485705,74.713367572,108.1516365,106.933131862414,380.12623453,379.466264698337,341.519638228503,37.9466264698336,337.671862305036,41.7944023933003,3.84777592346671
"Cattle",2017,12281.1940003,10,6.43569837648834,5.79212853883951,74.6524229084626,75.2959927461115,183.992412515115,181.992114071941,948.16368678,948.114399824904,853.302959842414,94.8114399824904,844.023251591684,104.091148233221,9.27970825073055
"Dairy cattle",2017,4199.01,10,6.3418618,5.70767562,75.78354061,76.41772679,329.1426178,325.646621550103,574.2819587,574.877746452975,517.389971807678,57.4877746452973,511.894501748942,62.9832447040333,5.49547005873592
"Non-dairy cattle",2017,8082.1840003,10,6.48445014,5.836005126,74.06476312,74.713208134,108.5812163,107.35799123788,373.88172808,373.236653371929,335.912988034736,37.3236653371929,332.128749842742,41.1079035291876,3.78423819199463
"Cattle",2018,11949.0949996,10,6.42188509818323,5.7796965883649,74.6764824157302,75.3186709255485,187.000140560117,184.977763660968,933.75304171,933.678168515586,840.310351664028,93.3678168515586,831.2182265277,102.459941987886,9.09212513632747
"Dairy cattle",2018,4100.863,10,6.29930861,5.669377749,75.87120291,76.501133771,336.2113189,332.670467863503,569.09748058,569.650092622411,512.68508336017,56.9650092622411,507.285677073815,62.3644155485965,5.39940628635543
"Non-dairy cattle",2018,7848.2319996,10,6.48593384,5.837340456,74.05221633,74.700809714,109.0342241,107.805281238814,364.65556113,364.028075893175,327.625268303857,36.4028075893175,323.932549453885,40.0955264392895,3.69271884997204
"Cattle",2019,11639.5320002,10,6.40774015572957,5.76696614015662,74.7076533490263,75.3484273645993,190.554931581132,188.504766481413,923.00345774,923.079102023075,830.771191820768,92.3079102023075,821.827273715824,101.251828307251,8.94391810494335
"Dairy cattle",2019,4011.674,10,6.26008881,5.634079929,75.96102055,76.587029431,343.6576804,340.067466982412,565.3685445,566.056626010264,509.450963409237,56.6056626010264,504.128697128717,61.9279288815467,5.3222662805203
"Non-dairy cattle",2019,7627.8580002,10,6.48539355,5.836854195,74.04847739,74.697016745,110.0345133,108.794296654405,357.63491324,357.022476012811,321.32022841153,35.7022476012811,317.698576587107,39.3238994257042,3.62165182442311
"Cattle",2020,11301.8599999,10,6.39681190877066,5.75713071789359,74.7303587511115,75.3700399419886,193.744329767434,191.669013769543,908.06786401,908.232092823972,817.408883541575,90.8232092823971,808.64595624661,99.5861365773618,8.7629272949647
"Dairy cattle",2020,3921.41,10,6.22641088,5.603769792,76.04631122,76.668952308,349.6069577,345.980513844116,559.11152969,559.870766175122,503.88368955761,55.9870766175121,498.656946010805,61.2138201643165,5.22674354680436
"Non-dairy cattle",2020,7380.4499999,10,6.48735006,5.838615054,74.03116166,74.679896666,110.9307794,109.679614814786,348.95633432,348.36132664885,313.525193983965,34.836132664885,309.989010235805,38.3723164130454,3.5361837481604
"Cattle",2021,11039.6639999,10,6.3942451731765,5.75482065585885,74.7312539866064,75.3706785039241,194.689385013917,192.605303771122,890.8119418,890.980946386254,801.882851747629,89.0980946386253,793.291743024507,97.689203361747,8.59110872312169
"Dairy cattle",2021,3832.716,10,6.22102716,5.598924444,76.05996401,76.682066726,350.8188432,347.183979894078,547.87954248,548.629738764535,493.766764888082,54.8629738764535,488.6508062383,59.9789325262354,5.11595864978187
"Non-dairy cattle",2021,7206.9479999,10,6.48636398,5.837727582,74.02463474,74.673271138,111.6584165,110.399054295826,342.93239932,342.351207621719,308.116086859547,34.2351207621718,304.640936786207,37.7102708355116,3.47515007333976
"Cattle",2022,10996.961,10,6.40146955896084,5.76132260306476,74.7075198220474,75.3476667779435,193.391569408422,191.316194456356,883.03056537,883.250013450188,794.925012105169,88.3250013450186,786.387719397334,96.8622940528533,8.53729270783469
"Dairy cattle",2022,3809.717,10,6.23749378,5.613744402,76.02396197,76.647711348,347.8038206,344.188038029683,541.29133189,542.081873868262,487.873686481436,54.2081873868262,482.801731926559,59.2801419417037,5.07195455487755
"Non-dairy cattle",2022,7187.244,10,6.48838762,5.839548858,74.00971799,74.658556752,111.5428137,110.283957164476,341.73923348,341.168139581925,307.051325623733,34.1168139581925,303.585987470776,37.5821521111496,3.46533815295714
"Cattle",2023,10836.1959995,10,6.38718533185704,5.74846679867133,74.7152446753725,75.3539632085582,196.862847257799,194.765878244758,880.6499035,880.72335222791,792.651017005119,88.0723352227909,784.197438819613,96.5259134082971,8.45357818550622
"Dairy cattle",2023,3712.815,10,6.17217295,5.554955655,76.19530917,76.812526465,359.4240599,355.739408953248,539.59271606,540.226940492506,486.204246443255,54.0226940492506,481.219903053805,59.0070374387014,4.98434338945088
"Non-dairy cattle",2023,7123.3809995,10,6.49925307,5.849327763,73.94381245,74.593737757,112.1334598,110.864014865642,341.05718744,340.496411735404,306.446770561864,34.0496411735404,302.977535765808,37.5188759695957,3.46923479605533
"Cattle",2024,10461.2850002,10,6.38090990480371,5.74281891432334,74.7202940466204,75.3583850371008,199.57196187945,197.454776113859,859.11922667,859.24399226801,773.319593041209,85.924399226801,765.10321439133,94.1407778766808,8.21637864987974
"Dairy cattle",2024,3589.431,10,6.13742843,5.523685587,76.29516577,76.908908613,365.9821575,362.25893463374,528.14545661,528.809999500509,475.928999550458,52.8809999500509,471.087261510695,57.722737989814,4.84173803976307
"Non-dairy cattle",2024,6871.8540002,10,6.50808955,5.857280595,73.89767858,74.548487535,112.6495804,111.371288964255,330.97377006,330.433992767502,297.390593490751,33.0433992767501,294.015952880635,36.4180398868668,3.37464061011673
"Cattle",1990,19487.996,20,6.54400468665839,5.23520374932671,74.8492987133498,76.1580996506814,147.929176879203,144.605454274217,1266.51419577,1266.65328946283,1013.32263157026,253.330657892565,990.505340412377,276.14794905045,22.8172911578845
"Dairy cattle",1990,6354.555,20,7.02373953,5.618991624,75.52314884,76.927896746,246.6989066,240.946949505178,721.02925979,722.184995601457,577.747996481165,144.436999120291,564.277398928955,157.907596672502,13.4705975522108
"Non-dairy cattle",1990,13133.441,20,6.31188719,5.049509752,74.52325943,75.785636868,100.1398976,97.9910650804497,545.48493598,544.46829386137,435.574635089096,108.893658772274,426.227941483422,118.240352377947,9.34669360567364
"Cattle",1991,17133.7939999,20,6.54380794670198,5.23504635736158,74.8280745478043,76.1368361371447,149.821792950922,146.457996869093,1126.86379634,1126.93794628422,901.55035702738,225.387589256845,881.271411104842,245.666535179382,20.2789459225378
"Dairy cattle",1991,5632.212,20,6.99093935,5.59275148,75.53366136,76.93184923,252.1493283,246.298313089023,650.25241298,651.178479535956,520.942783628765,130.235695907191,508.854533496945,142.323946039011,12.0882501318196
"Non-dairy cattle",1991,11501.5819999,20,6.32485208,5.059881664,74.4825556,75.747526016,99.71300161,97.5671723631617,476.61138336,475.759466748268,380.607573398615,95.1518933496536,372.416877607897,103.342589140372,8.19069579071811
"Cattle",1992,16207.34,20,6.57131694949561,5.25705355959649,74.804216193761,76.1184795836601,154.129600685425,150.66229974293,1098.0631213,1098.09868087108,878.478944696862,219.619736174215,858.689735298307,239.40894557277,19.7892093985549
"Dairy cattle",1992,5365.182,20,6.96225412,5.569803296,75.49665303,76.889103854,258.3893476,252.412871376027,632.17266122,633.047985208681,506.438388166945,126.609597041736,494.724604243962,138.323380964719,11.7137839229822
"Non-dairy cattle",1992,10842.158,20,6.37786385,5.10229108,74.46156765,75.73714042,102.5372408,100.311591386198,465.89046008,465.050695662396,372.040556529917,93.0101391324791,363.965131054344,101.085564608052,8.07542547557279
"Cattle",1993,15896.62,20,6.57750882690442,5.26200706152354,74.7566232354827,76.0721250008636,157.442194290609,153.898986154003,1099.63513565,1099.68111700742,879.744893605934,219.936223401484,859.924534649539,239.756582357879,19.8203589563955
"Dairy cattle",1993,5301,20,6.9358014,5.54864112,75.46752033,76.85468061,264.193019,258.101205306561,636.21399468,637.093958524813,509.67516681985,127.418791704963,497.922978316948,139.170980207865,11.752188502902
"Non-dairy cattle",1993,10595.62,20,6.39825467,5.118603736,74.40096066,75.680611594,104.0346427,101.766504644879,463.42114097,462.587158482605,370.069726786084,92.517431696521,362.00155633259,100.585602150015,8.06817045349356
"Cattle",1994,15962.2369997,20,6.58949881331677,5.27159905065342,74.7145277363812,76.0324274990446,157.806879364729,154.250118718011,1107.49213264,1107.61754541003,886.094036328025,221.523509082006,866.104337830521,241.51320757951,19.9896984975042
"Dairy cattle",1994,5273.295,20,6.92418002,5.539344016,75.44053367,76.825369674,267.3666358,261.208225595464,639.33764963,640.302688221805,512.242150577444,128.060537644361,500.443381154062,139.859307067743,11.7987694233822
"Non-dairy cattle",1994,10688.9419997,20,6.4243868,5.13950944,74.35635913,75.64123649,103.7565425,101.483282653023,468.15448301,467.314857188226,373.851885750581,93.4629714376451,365.660956676459,101.653900511767,8.19092907412187
"Cattle",1995,15889.9159999,20,6.6022708173921,5.28181665391369,74.6702422948424,75.9906964583208,158.687054566917,155.104920926425,1109.55369212,1109.58802927339,887.670423418714,221.917605854678,867.617613655912,241.970415617481,20.0528097628023
"Dairy cattle",1995,5229.396,20,6.91252963,5.530023704,75.41385518,76.796361106,270.1819004,263.96536898975,639.70601665,640.578685771171,512.462948616937,128.115737154234,500.671847836499,139.906837934672,11.7911007804381
"Non-dairy cattle",1995,10660.5199999,20,6.45007691,5.160061528,74.30547151,75.595486892,103.9945348,101.704674815926,469.84767547,469.009343502221,375.207474801777,93.8018687004442,366.945765819412,102.063577682808,8.26170898236433
"Cattle",1996,15759.6341425,20,6.59667586108811,5.27734068887049,74.6636807422734,75.9830159144911,160.245822438812,156.634889561357,1109.4222174,1109.47928243334,887.583425946672,221.895856486668,867.570586337505,241.908696095834,20.0128396091663
"Dairy cattle",1996,5194.739,20,6.88725115,5.50980092,75.44189191,76.81934214,274.1224545,267.841416942286,642.37585858,643.253206817739,514.602565454191,128.650641363548,502.811345917619,140.44186090012,11.7912195365723
"Non-dairy cattle",1996,10564.8951425,20,6.45380054,5.163040432,74.28103578,75.571795888,104.2528974,101.954849953924,467.04635882,466.226075615601,372.980860492481,93.2452151231203,364.759240419887,101.466835195714,8.22162007259408
"Cattle",1997,15227.6628566,20,6.60569913155173,5.28455930524138,74.6345663498519,75.9557061761622,160.931606526644,157.30287385268,1076.99672865,1076.9784426674,861.582754133922,215.395688533481,842.146187888972,234.83225477843,19.4365662449495
"Dairy cattle",1997,5026.373,20,6.87452748,5.499621984,75.449792,76.824697496,276.0653111,269.752186110265,624.90317382,625.65814236777,500.526513894216,125.131628473554,489.080358525041,136.57778384273,11.4461553691755
"Non-dairy cattle",1997,10201.2898566,20,6.4732422,5.17859376,74.23288889,75.52753733,104.2030014,101.896920787401,452.09355483,451.320300299632,361.056240239706,90.2640600599265,353.065829363932,98.2544709357004,7.99041087577393
"Cattle",1998,14942.7925717,20,6.59929247678891,5.27943398143113,74.6305040009361,75.9503624962939,163.52553074088,159.854353567492,1069.73824763,1069.8311062072,855.864884965758,213.96622124144,836.646725541547,233.184380665651,19.2181594242114
"Dairy cattle",1998,4832.973,20,6.81237615,5.44990092,75.55138682,76.91386205,285.527957,279.069712463195,615.74162898,616.57984239771,493.263873918168,123.315968479542,482.106932396904,134.472910000807,11.1569415212646
"Non-dairy cattle",1998,10109.8195717,20,6.49742838,5.197942704,74.19027836,75.489764036,105.2025876,102.863760744147,453.99661865,453.251263809488,362.60101104759,90.6502527618976,354.539793144643,98.7114706648445,8.06121790294685
"Cattle",1999,14896.242286,20,6.60225831171601,5.28180664937281,74.6002139346453,75.9206655969885,162.995578152573,159.333595889277,1063.29276016,1063.25711283021,850.605690264169,212.651422566042,831.491892296117,231.765220534095,19.1137979680524
"Dairy cattle",1999,4765.136,20,6.81242453,5.449939624,75.54269781,76.905182716,285.6458901,279.183759036311,607.40268254,608.180763983734,486.544611186987,121.636152796747,475.537573610772,132.643190372962,11.0070375762149
"Non-dairy cattle",1999,10131.106286,20,6.50340725,5.2027258,74.15691942,75.45760087,105.3073652,102.962424677008,455.89007762,455.076348846477,364.061079077182,91.0152697692954,355.954318685344,99.122030161133,8.10676039183755
"Cattle",2000,14538.6989997,20,6.60247899847169,5.28198319877735,74.5701435585448,75.8906393582391,164.342424503722,160.655771797852,1044.51711192,1044.54596842027,835.636774736216,208.909193684054,816.889953707569,227.656014712702,18.7468210286478
"Dairy cattle",2000,4569.752,20,6.78234636,5.425877088,75.60115164,76.957620912,289.7087978,283.190925069783,588.10712447,588.927692053503,471.142153642803,117.785538410701,460.542390644221,128.385301409282,10.5997629985818
"Non-dairy cattle",2000,9968.9469997,20,6.52002804,5.216022432,74.09753083,75.401536438,106.8746463,104.485821074714,456.40998745,455.618276366767,364.494621093414,91.1236552733534,356.347563063348,99.2707133034194,8.14705803006598
"Cattle",2001,14603.7119996,20,6.59493696610215,5.27594957288172,74.5662454835152,75.8852328767356,166.565949865791,162.84139744716,1060.27253141,1060.40763935326,848.326111482612,212.081527870653,829.35726487061,231.050374482654,18.9688466120012
"Dairy cattle",2001,4548.587,20,6.74220749,5.393765992,75.6776299,77.026071398,295.5874975,288.98628025333,593.63981284,594.555465837223,475.644372669779,118.911093167445,465.02202949659,129.533436340634,10.6223431731889
"Non-dairy cattle",2001,10055.1249996,20,6.52831693,5.222653544,74.06349403,75.369157416,108.2011126,105.777862774892,466.63271857,465.852173516041,372.681738812833,93.1704347032081,364.33523537402,101.51693814202,8.34650343881231
"Cattle",2002,13988.4979996,20,6.58749137164592,5.26999309731673,74.6399356439958,75.9574339183249,166.914646468804,163.191506940939,1016.61603275,1016.76955466947,813.415643735573,203.353910933893,795.272153673126,221.49740099634,18.1434900624471
"Dairy cattle",2002,4427.4,20,6.73202985,5.38562388,75.7052078,77.05161377,296.3848571,289.779374506739,578.50088333,579.400012702491,463.520010161993,115.880002540498,453.189612756703,126.210399945788,10.3303974052899
"Non-dairy cattle",2002,9561.0979996,20,6.52056081,5.216448648,74.14664649,75.450758652,106.9616567,104.573226395726,438.11514942,437.369541966975,349.89563357358,87.4739083933949,342.082540916423,95.2870010505521,7.81309265715714
"Cattle",2003,13644.5980002,20,6.57567943503134,5.26054354802507,74.6870050359361,76.0021409229424,169.291072539024,165.532782761842,1002.54660737,1002.53440352082,802.027522816657,200.506880704164,784.223475509013,218.310928011808,17.8040473076439
"Dairy cattle",2003,4371.958,20,6.68812083,5.350496664,75.79320782,77.130831986,302.0002683,295.324693304639,578.47313032,579.182080161091,463.345664128873,115.836416032218,453.103624454276,126.078455706815,10.2420396745966
"Non-dairy cattle",2003,9272.6400002,20,6.52266443,5.218131544,74.16544137,75.469974256,106.72,104.337181334348,424.07347705,423.35232335973,338.681858687784,84.670464671946,331.119851054737,92.2324723049933,7.5620076330473
"Cattle",2004,13197.0310004,20,6.57379359592646,5.25903487674117,74.707443916358,76.0222026355433,170.28397586801,166.509434147075,974.47364555,974.502693321225,779.60215465698,194.900538664245,762.322628358442,212.180064962784,17.2795262985389
"Dairy cattle",2004,4285.122,20,6.67426205,5.33940964,75.8318662,77.16671861,303.4826172,296.793215293629,568.56254622,569.282668058836,455.426134447069,113.856533611767,445.387574479155,123.89509357968,10.0385599679133
"Non-dairy cattle",2004,8911.9090004,20,6.52548525,5.2203882,74.16678684,75.47188389,106.2379417,103.864955078761,405.91109933,405.22002526239,324.176020209912,81.0440050524779,316.935053879286,88.2849713831036,7.24096633062567
"Cattle",2005,13036.8089999,20,6.56571046885744,5.25256837508595,74.7639560744699,76.0770981682414,171.418616111016,167.629290244157,967.40312221,967.427925186748,773.942340149399,193.48558503735,756.835059574624,210.592865612124,17.1072805747744
"Dairy cattle",2005,4236.394,20,6.65715857,5.325726856,75.86783113,77.199262844,305.9877311,299.264997373292,565.26748671,566.000682843892,452.800546275114,113.200136568778,442.85224706399,123.148435779902,9.94829921112392
"Non-dairy cattle",2005,8800.4149999,20,6.52168866,5.217350928,74.2325664,75.536904132,106.6389675,104.2617422508,402.1356355,401.427242342856,321.141793874285,80.2854484685711,313.982812510634,87.4444298322218,7.15898136365064
"Cattle",2006,12750.2460003,20,6.5560677453156,5.24485419625248,74.7258279090678,76.037041458131,172.092172844326,168.29751025536,946.84915555,946.888327583974,757.510662067179,189.377665516795,740.808688415125,206.079639168849,16.7019736520538
"Dairy cattle",2006,4081.794,20,6.61851345,5.29481076,75.87833198,77.20203467,309.0982971,302.347147741909,546.97405123,547.691305875925,438.15304470074,109.538261175185,428.583154881774,119.108150994151,9.5698898189662
"Non-dairy cattle",2006,8668.4520003,20,6.52666336,5.221330688,74.18313768,75.488470352,107.5788346,105.176320223295,399.87510432,399.197021708048,319.357617366439,79.8394043416096,312.225533533351,86.9714881746973,7.13208383308768
"Cattle",2007,12688.1889997,20,6.53988735614885,5.23190988491908,74.6988444912822,76.006821962512,174.128341139435,170.302753407781,949.63244458,949.623064648512,759.69845171881,189.924612929702,743.008888552235,206.614176096277,16.6895631665747
"Dairy cattle",2007,4071.199,20,6.57530007,5.260240056,75.89565684,77.210716854,312.8411541,306.054221533208,548.60861124,549.274558148625,439.419646518901,109.854911629725,429.886656787971,119.387901360655,9.53298973092961
"Non-dairy cattle",2007,8616.9899997,20,6.5231562,5.21852496,74.13339632,75.43802756,108.5918295,106.165364215035,401.02383334,400.348506499887,320.278805199909,80.0697012999773,313.122231764264,87.2262747356224,7.15657343564504
"Cattle",2008,12971.4690002,20,6.54193606705626,5.23354885364501,74.7094631628788,76.0178503762901,172.064537850549,168.278160498801,960.25223856,960.34048500431,768.272388003448,192.068097000862,751.367171986384,208.973313017926,16.9052160170644
"Dairy cattle",2008,4217.711,20,6.59033392,5.272267136,75.79259941,77.110666194,306.8215346,300.136027658652,558.57957456,559.368198402889,447.494558722311,111.873639680578,437.743848158747,121.624350244142,9.75071056356438
"Non-dairy cattle",2008,8753.7580002,20,6.51861715,5.21489372,74.18758951,75.49131294,107.1363016,104.746774693534,401.672664,400.972286601421,320.777829281137,80.1944573202842,313.623323827637,87.3489627737843,7.15450545350001
"Cattle",2009,12947.0150001,20,6.52355873260344,5.21884698608275,74.6918814223225,75.9965931688432,173.442632012649,169.643240982513,961.56214285,961.734061455883,769.387249164706,192.346812291176,752.533735136494,209.200326319389,16.8535140282124
"Dairy cattle",2009,4205.493,20,6.54005136,5.232041088,75.82604093,77.134051202,310.5019635,303.791298333251,559.27264464,560.131659014422,448.105327211537,112.026331802884,438.420735280275,121.710923734147,9.68459193126233
"Non-dairy cattle",2009,8741.5220001,20,6.51562423,5.212499384,74.14624419,75.449369036,107.5042223,105.105427527868,402.28949821,401.602402441461,321.281921953169,80.3204804882921,314.112999856219,87.4894025852422,7.1689220969501
"Cattle",2010,12811.8549997,20,6.50217382420307,5.20173905936246,74.678022412364,75.9784571772046,175.646360312317,171.816963337001,958.89219742,959.044404924039,767.235523939232,191.808880984808,750.508029056005,208.536375868034,16.7274948832264
"Dairy cattle",2010,4183.111,20,6.49054974,5.192439792,75.83710722,77.135217168,315.0021394,308.246054130317,560.11701891,560.947311006894,448.757848805515,112.189462201379,439.133005311612,121.814305695281,9.62484349390263
"Non-dairy cattle",2010,8628.7439997,20,6.50780904,5.206247232,74.11611208,75.417673888,108.0883597,105.6777859043,398.77517851,398.097093917146,318.477675133717,79.6194187834291,311.375023744393,86.7220701727529,7.1026513893238
"Cattle",2011,12530.5190002,20,6.48290008583919,5.18632006867135,74.7046124715586,76.0011924887264,178.039598011351,174.175999998132,946.74701985,946.759261848213,757.407409478571,189.351852369643,740.969817088123,205.78944476009,16.4375923904479
"Dairy cattle",2011,4190.103,20,6.45109531,5.160876248,75.83065975,77.120878812,318.1412808,311.357437644733,563.3478637,564.034771447785,451.227817158228,112.806954289557,441.606121001107,122.428650446678,9.62169615712128
"Non-dairy cattle",2011,8340.4160002,20,6.49887834,5.199102672,74.13890279,75.438678458,107.6545619,105.258052330587,383.39915615,382.724490400428,306.179592320343,76.5448980800856,299.363696087016,83.3607943134122,6.81589623332661
"Cattle",2012,12509.6040003,20,6.46828734156236,5.17462987324989,74.7040580563147,75.9977155246272,178.786166222931,174.918019903982,946.11765108,946.064912149715,756.851929719772,189.212982429943,740.474972992786,205.589939156929,16.3769567269861
"Dairy cattle",2012,4190.485,20,6.42073324,5.136586592,75.8059017,77.090048348,320.1503502,313.351521831091,564.35407694,564.976773664364,451.981418931491,112.995354732873,442.382978413367,122.593795250997,9.59844051812416
"Non-dairy cattle",2012,8319.1190003,20,6.49224117,5.193792936,74.14904024,75.447488474,107.5785669,105.186656125907,381.76357414,381.088138485352,304.870510788281,76.2176276970703,298.091994579419,82.9961439059322,6.77851620886196
"Cattle",2013,12685.9929998,20,6.45965815339999,5.16772652271999,74.6680642134899,75.9599958441699,179.086976762174,175.215212667212,959.39989272,959.384326250532,767.507461000425,191.876865250106,750.912020392899,208.472305857633,16.5954406075268
"Dairy cattle",2013,4267.611,20,6.40621542,5.124972336,75.75207647,77.033319554,319.7564744,312.973389482332,572.70714586,573.367941735228,458.694353388182,114.673588347046,448.963939778496,124.404001956732,9.73041360968591
"Non-dairy cattle",2013,8418.3819998,20,6.48675039,5.189400312,74.1185355,75.415885578,107.7760413,105.380140947953,386.69274686,386.016384515304,308.813107612243,77.2032769030607,301.948080614402,84.0683039009016,6.86502699784091
"Cattle",2014,12742.1939996,20,6.44417881882994,5.15534305506395,74.6411032432495,75.9299390070155,180.517341977128,176.628273609389,967.62508987,967.546182703241,774.036946162593,193.509236540648,757.357266570277,210.188916132963,16.6796795923153
"Dairy cattle",2014,4295.68,20,6.36767855,5.09414284,75.74680081,77.02033652,323.8369691,317.006913357071,580.38331944,580.988017133292,464.790413706634,116.197603426658,454.987504411818,126.000512721474,9.80290929481555
"Non-dairy cattle",2014,8446.5139996,20,6.48308489,5.186467912,74.07877387,75.375390848,107.628662,105.235304247131,387.24177043,386.558165569948,309.246532455959,77.3116331139895,302.369762158459,84.1884034114893,6.87677029749977
"Cattle",2015,12635.4560004,20,6.44620028376051,5.15696022700841,74.6305141081909,75.919754164943,181.848411718602,177.93107538431,966.3970801,966.335644028877,773.068515223101,193.267128805775,756.410854378787,209.924789650089,16.6576608443141
"Dairy cattle",2015,4284.639,20,6.36199722,5.089597776,75.75306216,77.025461604,325.4080832,318.551764714987,581.18053507,581.786640037377,465.429312029901,116.357328007475,455.622759088265,126.163880949112,9.80655294163654
"Non-dairy cattle",2015,8350.8170004,20,6.48940321,5.191522568,74.05455691,75.352437552,108.1907843,105.78138156582,385.21654503,384.5490039915,307.6392031932,76.9098007983,300.788095290522,83.7609087009775,6.85110790267754
"Cattle",2016,12466.5869997,20,6.43668098260619,5.14934478608496,74.6529428274615,75.9402790239827,182.864408428373,178.936623444298,956.63380721,956.63833071663,765.310664573304,191.327666143326,748.867219492695,207.771111223935,16.4434450806093
"Dairy cattle",2016,4217.7,20,6.3419739,5.07357912,75.80310835,77.07150313,328.9860418,322.082844152456,576.50757268,577.172066018293,461.737652814635,115.434413203659,452.048894406367,125.123171611927,9.68875840826814
"Non-dairy cattle",2016,8248.8869997,20,6.48510522,5.188084176,74.06485705,75.361878094,108.1516365,105.745195909559,380.12623453,379.466264698337,303.573011758669,75.8932529396673,296.818325086328,82.6479396120085,6.75468667234117
"Cattle",2017,12281.1940003,20,6.43569837648834,5.14855870119067,74.6524229084626,75.9395625837603,183.992412515115,180.040322077697,948.16368678,948.114399824904,758.491519859924,189.622879964981,742.194348527524,205.92005129738,16.2971713323996
"Dairy cattle",2017,4199.01,20,6.3418618,5.07348944,75.78354061,77.05191297,329.1426178,322.233435814717,574.2819587,574.877746452975,459.90219716238,114.975549290595,450.248181535765,124.62956491721,9.65401562661555
"Non-dairy cattle",2017,8082.1840003,20,6.48445014,5.187560112,74.06476312,75.361653148,108.5812163,106.165450323884,373.88172808,373.236653371929,298.589322697543,74.6473306743859,291.946166991759,81.2904863801699,6.64315570578401
"Cattle",2018,11949.0949996,20,6.42188509818323,5.13750807854658,74.6764824157302,75.9608594353668,187.000140560117,183.004189450209,933.75304171,933.678168515586,746.942534812469,186.735633703117,730.973874886957,202.704293628629,15.9686599255118
"Dairy cattle",2018,4100.863,20,6.29930861,5.039446888,75.87120291,77.131064632,336.2113189,329.212791575909,569.09748058,569.650092622411,455.720074097929,113.930018524482,446.233869406351,123.416223216061,9.48620469157845
"Non-dairy cattle",2018,7848.2319996,20,6.48593384,5.188747072,74.05221633,75.349403098,109.0342241,106.607180955867,364.65556113,364.028075893175,291.22246071454,72.8056151786349,284.740005480606,79.2880704125683,6.48245523393342
"Cattle",2019,11639.5320002,20,6.40774015572957,5.12619212458366,74.7076533490263,75.9892013801723,190.554931581132,186.503836209972,923.00345774,923.079102023075,738.46328161846,184.615820404615,722.754027020296,200.325075002779,15.7092545981642
"Dairy cattle",2019,4011.674,20,6.26008881,5.008071048,75.96102055,77.213038312,343.6576804,336.560921867617,565.3685445,566.056626010264,452.845300808211,113.211325202053,443.493745654199,122.562880356065,9.35155515401203
"Non-dairy cattle",2019,7627.8580002,20,6.48539355,5.18831484,74.04847739,75.3455561,110.0345133,107.58520544459,357.63491324,357.022476012811,285.617980810249,71.4044952025622,279.260281366097,77.7621946467143,6.3576994441521
"Cattle",2020,11301.8599999,20,6.39681190877066,5.11744952701653,74.7303587511115,76.0097211328656,193.744329767434,189.643335230593,908.06786401,908.232092823972,726.585674259177,181.646418564794,711.193591884317,197.038500939655,15.3920823748606
"Dairy cattle",2020,3921.41,20,6.22641088,4.981128704,76.04631122,77.291593396,349.6069577,342.437992751537,559.11152969,559.870766175122,447.896612940097,111.974153235024,438.712141498719,121.158624676403,9.18447144137861
"Non-dairy cattle",2020,7380.4499999,20,6.48735006,5.189880048,74.03116166,75.328631672,110.9307794,108.459871084461,348.95633432,348.36132664885,278.68906131908,69.67226532977,272.481450385598,75.8798762632521,6.20761093348204
"Cattle",2021,11039.6639999,20,6.3942451731765,5.1153961385412,74.7312539866064,76.0101030212417,194.689385013917,190.571039884254,890.8119418,890.980946386254,712.784757109003,178.196189277251,697.694369705195,193.286576681059,15.0903874038086
"Dairy cattle",2021,3832.716,20,6.22102716,4.976821728,76.05996401,77.304169442,350.8188432,343.633139816943,547.87954248,548.629738764535,438.903791011628,109.725947752907,429.913873517058,118.715865247478,8.98991749457065
"Non-dairy cattle",2021,7206.9479999,20,6.48636398,5.189091184,74.02463474,75.321907536,111.6584165,109.171318474615,342.93239932,342.351207621719,273.880966097375,68.4702415243437,267.780496188137,74.5707114335816,6.10046990923792
"Cattle",2022,10996.961,20,6.40146955896084,5.12117564716867,74.7075198220474,75.9878137338395,193.391569408422,189.290545691636,883.03056537,883.250013450188,706.60001076015,176.650002690037,691.604566779789,191.645446670399,14.9954439803611
"Dairy cattle",2022,3809.717,20,6.23749378,4.989995024,76.02396197,77.271460726,347.8038206,340.656115057635,541.29133189,542.081873868262,433.66549909461,108.416374773652,424.753252857454,117.328621010809,8.9122462371563
"Non-dairy cattle",2022,7187.244,20,6.48838762,5.190710096,74.00971799,75.307395514,111.5428137,109.056733839927,341.73923348,341.168139581925,272.93451166554,68.2336279163851,266.851313922336,74.3168256595898,6.08319774320472
"Cattle",2023,10836.1959995,20,6.38718533185704,5.10974826548563,74.7152446753725,75.9926817417439,196.862847257799,192.718822014243,880.6499035,880.72335222791,704.578681782328,176.144670445582,689.729173709045,190.994178518865,14.8495080732829
"Dairy cattle",2023,3712.815,20,6.17217295,4.93773836,76.19530917,77.42974376,359.4240599,352.139046489014,539.59271606,540.226940492506,432.181552394005,108.045388098501,423.421848310625,116.805092181881,8.75970408338009
"Non-dairy cattle",2023,7123.3809995,20,6.49925307,5.199402456,73.94381245,75.243663064,112.1334598,109.62656557382,341.05718744,340.496411735404,272.397129388323,68.0992823470808,266.30732539842,74.1890863369836,6.0898039899028
"Cattle",2024,10461.2850002,20,6.38090990480371,5.10472792384297,74.7202940466204,75.9964760275812,199.57196187945,195.387806744223,859.11922667,859.24399226801,687.395193814408,171.848798453602,672.961788763912,186.282203504099,14.4334050504965
"Dairy cattle",2024,3589.431,20,6.13742843,4.909942744,76.29516577,77.522651456,365.9821575,358.620242658828,528.14545661,528.809999500509,423.047999600407,105.761999900102,414.538176695212,114.271822805297,8.50982290519539
"Non-dairy cattle",2024,6871.8540002,20,6.50808955,5.20647164,73.89767858,75.19929649,112.6495804,110.125290156946,330.97377006,330.433992767502,264.347194214001,66.0867985535003,258.4236120687,72.0103806988015,5.92358214530122
"Cattle",1990,19487.996,30,6.54400468665839,4.58080328066087,74.8492987133498,76.8125001193473,147.929176879203,143.00603539755,1266.51419577,1266.65328946283,886.657302623978,379.995986838848,857.085489829404,409.567799633422,29.571812794574
"Dairy cattle",1990,6354.555,30,7.02373953,4.916617671,75.52314884,77.630270699,246.6989066,238.182879888705,721.02925979,722.184995601457,505.52949692102,216.655498680437,488.078658737503,234.106336863953,17.4508381835164
"Non-dairy cattle",1990,13133.441,30,6.31188719,4.418321033,74.52325943,76.416825587,100.1398976,96.9551571056014,545.48493598,544.46829386137,381.127805702959,163.340488158411,369.006831091901,175.461462769468,12.1209746110576
"Cattle",1991,17133.7939999,30,6.54380794670198,4.58066556269138,74.8280745478043,76.7912169318149,149.821792950922,144.83922996465,1126.86379634,1126.93794628422,788.856562398957,338.081383885267,762.574064965775,364.363881318449,26.2824974331816
"Dairy cattle",1991,5632.212,30,6.99093935,4.893657545,75.53366136,77.630943165,252.1493283,243.486107613063,650.25241298,651.178479535956,455.824935675169,195.353543860787,440.163930194859,211.014549341096,15.6610054803095
"Non-dairy cattle",1991,11501.5819999,30,6.32485208,4.427396456,74.4825556,76.380011224,99.71300161,96.5328206325466,476.61138336,475.759466748268,333.031626723788,142.727840024481,322.410134770916,153.349331977353,10.6214919528721
"Cattle",1992,16207.34,30,6.57131694949561,4.59992186464692,74.804216193761,76.7756112786097,154.129600685425,148.993822530714,1098.0631213,1098.09868087108,768.669076609754,329.429604261323,743.021647379472,355.077033491605,25.647429230282
"Dairy cattle",1992,5365.182,30,6.96225412,4.873577884,75.49665303,77.585329266,258.3893476,249.539995900855,632.17266122,633.047985208681,443.133589646077,189.914395562604,427.957093320255,205.090891888426,15.1764963258221
"Non-dairy cattle",1992,10842.158,30,6.37786385,4.464504695,74.46156765,76.374926805,102.5372408,99.2391040019524,465.89046008,465.050695662396,325.535486963677,139.515208698719,315.064554059218,149.986141603179,10.4709329044599
"Cattle",1993,15896.62,30,6.57750882690442,4.6042561788331,74.7566232354827,76.729875883554,157.442194290609,152.193992446795,1099.63513565,1099.68111700742,769.776781905192,329.904335102226,744.08895025972,355.592166747698,25.6878316454722
"Dairy cattle",1993,5301,30,6.9358014,4.85506098,75.46752033,77.54826075,264.193019,255.172528072246,636.21399468,637.093958524813,445.965770967369,191.128187557444,430.738910672851,206.355047851962,15.2268602945181
"Non-dairy cattle",1993,10595.62,30,6.39825467,4.478778269,74.40096066,76.320437061,104.0346427,100.673721112931,463.42114097,462.587158482605,323.811010937823,138.776147544782,313.350039586869,149.237118895736,10.4609713509541
"Cattle",1994,15962.2369997,30,6.58949881331677,4.61264916932174,74.7145277363812,76.6913773803762,157.806879364729,152.538691643683,1107.49213264,1107.61754541003,775.332281787021,332.285263623009,749.425354156783,358.192191253248,25.9069276302384
"Dairy cattle",1994,5273.295,30,6.92418002,4.846926014,75.44053367,77.517787676,267.3666358,258.247406006029,639.33764963,640.302688221805,448.211881755263,192.090806466542,432.924457676024,207.378230545781,15.2874240792399
"Non-dairy cattle",1994,10688.9419997,30,6.4243868,4.49707076,74.35635913,76.28367517,103.7565425,100.388232326097,468.15448301,467.314857188226,327.120400031758,140.194457156468,316.500896480759,150.813960707466,10.6195035509986
"Cattle",1995,15889.9159999,30,6.6022708173921,4.62158957217447,74.6702422948424,76.65092354006,158.687054566917,153.381377614378,1109.55369212,1109.58802927339,776.711620491375,332.876408782018,750.723298552525,358.864730720867,25.9883219388491
"Dairy cattle",1995,5229.396,30,6.91252963,4.838770741,75.41385518,77.487614069,270.1819004,260.97647783287,639.70601665,640.578685771171,448.40508003982,192.173605731351,433.127379213439,207.451306557732,15.277700826381
"Non-dairy cattle",1995,10660.5199999,30,6.45007691,4.515053837,74.30547151,76.240494583,103.9945348,100.6018333982,469.84767547,469.009343502221,328.306540451555,140.702803050666,317.595919339087,151.413424163134,10.7106211124681
"Cattle",1996,15759.6341425,30,6.59667586108811,4.61767310276167,74.6636807422734,76.6426835005999,160.245822438812,154.897364096769,1109.4222174,1109.47928243334,776.635497703338,332.843784730002,750.698326481277,358.780955952062,25.9371712220606
"Dairy cattle",1996,5194.739,30,6.88725115,4.821075805,75.44189191,77.508067255,274.1224545,264.821019667785,642.37585858,643.253206817739,450.277244772417,192.975962045322,434.998582335518,208.254624482221,15.2786624368993
"Non-dairy cattle",1996,10564.8951425,30,6.45380054,4.517660378,74.28103578,76.217175942,104.2528974,100.848110136809,467.04635882,466.226075615601,326.358252930921,139.86782268468,315.699744145759,150.526331469842,10.6585087851612
"Cattle",1997,15227.6628566,30,6.60569913155173,4.62398939208621,74.6345663498519,76.6162760893174,160.931606526644,155.556819494889,1076.99672865,1076.9784426674,753.884909867182,323.093532800221,728.694731739301,348.283710928101,25.1901781278805
"Dairy cattle",1997,5026.373,30,6.87452748,4.812169236,75.449792,77.512150244,276.0653111,266.716125357475,624.90317382,625.65814236777,437.960699657439,187.697442710331,423.128789365238,202.529353002532,14.8319102922009
"Non-dairy cattle",1997,10201.2898566,30,6.4732422,4.53126954,74.23288889,76.17486155,104.2030014,100.78647755377,452.09355483,451.320300299632,315.924210209743,135.39609008989,305.565942374063,145.754357925569,10.3582678356796
"Cattle",1998,14942.7925717,30,6.59929247678891,4.61950473375223,74.6305040009361,76.6102917439728,163.52553074088,158.087567387682,1069.73824763,1069.8311062072,748.881774345039,320.949331862159,723.973154593718,345.85795161348,24.9086197513202
"Dairy cattle",1998,4832.973,30,6.81237615,4.768663305,75.55138682,77.595099665,285.527957,275.96254003444,615.74162898,616.57984239771,431.605889678397,184.973952719313,417.146744090893,199.433098306817,14.4591455875037
"Non-dairy cattle",1998,10109.8195717,30,6.49742838,4.548199866,74.19027836,76.139506874,105.2025876,101.737742730848,453.99661865,453.251263809488,317.275884666641,135.975379142846,306.826410502825,146.424853306663,10.4494741638165
"Cattle",1999,14896.242286,30,6.60225831171601,4.62158081820121,74.6002139346453,76.5808914281601,162.995578152573,157.571283275393,1063.29276016,1063.25711283021,744.279978981148,318.977133849063,719.506837153611,343.750275676601,24.7731418275373
"Dairy cattle",1999,4765.136,30,6.81242453,4.768697171,75.54269781,77.586425169,285.6458901,276.074739081095,607.40268254,608.180763983734,425.726534788614,182.45422919512,411.461694654592,196.719069329142,14.2648401340218
"Non-dairy cattle",1999,10131.106286,30,6.50340725,4.552385075,74.15691942,76.107941595,105.3073652,101.833531894333,455.89007762,455.076348846477,318.553444192534,136.522904653943,308.045142499019,147.031206347459,10.5083016935155
"Cattle",2000,14538.6989997,30,6.60247899847169,4.62173529893018,74.5701435585448,76.5508872580863,164.342424503722,158.881479515006,1044.51711192,1044.54596842027,731.182177894189,313.363790526081,706.884157890225,337.661810530045,24.298020003964
"Dairy cattle",2000,4569.752,30,6.78234636,4.747642452,75.60115164,77.635855548,289.7087978,280.054419804181,588.10712447,588.927692053503,412.249384437452,176.678307616051,398.511412321568,190.416279731935,13.7379721158844
"Non-dairy cattle",2000,9968.9469997,30,6.52002804,4.564019628,74.09753083,76.053539242,106.8746463,103.33596540514,456.40998745,455.618276366767,318.932793456737,136.68548291003,308.372745568657,147.24553079811,10.5600478880796
"Cattle",2001,14603.7119996,30,6.59493696610215,4.6164558762715,74.5662454835152,76.5447265733458,166.565949865791,161.048644201021,1060.27253141,1060.40763935326,742.285347547285,318.12229180598,717.69854659251,342.709092760755,24.5868009547751
"Dairy cattle",2001,4548.587,30,6.74220749,4.719545243,75.6776299,77.700292147,295.5874975,285.808772341743,593.63981284,594.555465837223,416.188826086056,178.366639751167,402.420327152053,192.13513868517,13.768498934003
"Non-dairy cattle",2001,10055.1249996,30,6.52831693,4.569821851,74.06349403,76.021989109,108.2011126,104.611524125259,466.63271857,465.852173516041,326.096521461229,139.755652054812,315.278219440456,150.573954075584,10.8183020207721
"Cattle",2002,13988.4979996,30,6.58749137164592,4.61124396015214,74.6399356439958,76.6161830554895,166.914646468804,161.399266656988,1016.61603275,1016.76955466947,711.738688268626,305.03086640084,688.220977099781,328.548577569685,23.5177111688449
"Dairy cattle",2002,4427.4,30,6.73202985,4.712420895,75.7052078,77.724816755,296.3848571,286.599566125538,578.50088333,579.400012702491,405.580008891744,173.820003810747,392.189586589934,187.210426112557,13.39042230181
"Non-dairy cattle",2002,9561.0979996,30,6.52056081,4.564392567,74.14664649,76.102814733,106.9616567,103.423518903932,438.11514942,437.369541966975,306.158679376882,131.210862590092,296.031390509847,141.338151457127,10.127288867035
"Cattle",2003,13644.5980002,30,6.57567943503134,4.60297560452194,74.6870050359361,76.6597088664455,169.291072539024,163.723298869528,1002.54660737,1002.53440352082,701.774082464575,300.760321056246,678.695006745027,323.839396775794,23.0790757195477
"Dairy cattle",2003,4371.958,30,6.68812083,4.681684581,75.79320782,77.799644069,302.0002683,292.110144733541,578.47313032,579.182080161091,405.427456112764,173.754624048327,392.150224073329,187.031856087761,13.2772320394342
"Non-dairy cattle",2003,9272.6400002,30,6.52266443,4.565865101,74.16544137,76.122240699,106.72,103.190171533858,424.07347705,423.35232335973,296.346626351811,127.005697007919,286.544782671698,136.807540688032,9.80184368011345
"Cattle",2004,13197.0310004,30,6.57379359592646,4.60165551714852,74.707443916358,76.6795819951359,170.28397586801,164.692021846401,974.47364555,974.502693321225,682.151885324858,292.350807996368,659.752318555641,314.750374765585,22.399566769217
"Dairy cattle",2004,4285.122,30,6.67426205,4.671983435,75.8318662,77.834144815,303.4826172,293.571666243623,568.56254622,569.282668058836,398.497867641185,170.784800417651,385.483966354674,183.798701704161,13.0139012865106
"Non-dairy cattle",2004,8911.9090004,30,6.52548525,4.567839675,74.16678684,76.124432415,106.2379417,102.722695237038,405.91109933,405.22002526239,283.654017683673,121.566007578717,274.268352200967,130.951673061423,9.38566548270637
"Cattle",2005,13036.8089999,30,6.56571046885744,4.59599732820021,74.7639560744699,76.7336692151272,171.418616111016,165.80457285684,967.40312221,967.427925186748,677.199547630724,290.228377556024,655.022526856041,312.405398330707,22.1770207746824
"Dairy cattle",2005,4236.394,30,6.65715857,4.660010999,75.86783113,77.864978701,305.9877311,296.027001442851,565.26748671,566.000682843892,396.200477990725,169.800204853168,383.303079009688,182.697603834205,12.8973989810369
"Non-dairy cattle",2005,8800.4149999,30,6.52168866,4.565182062,74.2325664,76.189072998,106.6389675,103.117356954696,402.1356355,401.427242342856,280.999069639999,120.428172702857,271.719447846354,129.707794496502,9.27962179364545
"Cattle",2006,12750.2460003,30,6.5560677453156,4.58924742172092,74.7258279090678,76.6926482326625,172.092172844326,166.47005341428,946.84915555,946.888327583974,662.821829308781,284.066498275192,641.169573855801,305.718753728173,21.6522554529809
"Dairy cattle",2006,4081.794,30,6.61851345,4.632959415,75.87833198,77.863886015,309.0982971,299.094747802346,546.97405123,547.691305875925,383.383914113148,164.307391762778,370.97621105965,176.715094816275,12.4077030534976
"Non-dairy cattle",2006,8668.4520003,30,6.52666336,4.568664352,74.18313768,76.141136688,107.5788346,104.019839490697,399.87510432,399.197021708048,279.437915195634,119.759106512414,270.19336279615,129.003658911898,9.24455239948333
"Cattle",2007,12688.1889997,30,6.53988735614885,4.5779211493042,74.6988444912822,76.6608106981269,174.128341139435,168.46015644462,949.63244458,949.623064648512,664.736145253959,284.886919394554,643.099040450061,306.524024198451,21.6371048038972
"Dairy cattle",2007,4071.199,30,6.57530007,4.602710049,75.89565684,77.868246861,312.8411541,302.783762206226,548.60861124,549.274558148625,384.492190704038,164.782367444588,372.131321325676,177.14323682295,12.3608693783622
"Non-dairy cattle",2007,8616.9899997,30,6.5231562,4.56620934,74.13339632,76.09034318,108.5918295,104.997377739749,401.02383334,400.348506499887,280.243954549921,120.104551949966,270.967719124386,129.380787375501,9.27623542553494
"Cattle",2008,12971.4690002,30,6.54193606705626,4.57935524693938,74.7094631628788,76.6720439829957,172.064537850549,166.454554734357,960.25223856,960.34048500431,672.238339503017,288.102145501293,650.322063520259,310.018421484051,21.9162759827582
"Dairy cattle",2008,4217.711,30,6.59033392,4.613233744,75.79259941,77.769699586,306.8215346,296.914962698963,558.57957456,559.368198402889,391.557738882022,167.810459520867,378.915227010424,180.452971392465,12.6425118715979
"Non-dairy cattle",2008,8753.7580002,30,6.51861715,4.563032005,74.18758951,76.143174655,107.1363016,103.596488778657,401.672664,400.972286601421,280.680600620995,120.291685980427,271.406836509834,129.565450091587,9.27376411116029
"Cattle",2009,12947.0150001,30,6.52355873260344,4.56649111282241,74.6918814223225,76.6489490421036,173.442632012649,167.813062884587,961.56214285,961.734061455883,673.213843019118,288.520218436765,651.363420726149,310.370640729734,21.8504222929687
"Dairy cattle",2009,4205.493,30,6.54005136,4.578035952,75.82604093,77.788056338,310.5019635,300.557133716332,559.27264464,560.131659014422,392.092161310095,168.039497704327,379.534141515997,180.597517498424,12.5580197940978
"Non-dairy cattle",2009,8741.5220001,30,6.51562423,4.560936961,74.14624419,76.100931459,107.5042223,103.950698794212,402.28949821,401.602402441461,281.121681709023,120.480720732438,271.829279210152,129.773123231309,9.29240249887084
"Cattle",2010,12811.8549997,30,6.50217382420307,4.55152167694215,74.678022412364,76.6286745596249,175.646360312317,169.972011388245,958.89219742,959.044404924039,671.331083446828,287.713321477212,649.642835223212,309.401569700827,21.6882482236153
"Dairy cattle",2010,4183.111,30,6.49054974,4.543384818,75.83710722,77.784272142,315.0021394,304.989084035106,560.11701891,560.947311006894,392.663117704826,168.284193302068,380.181432517483,180.765878489411,12.481685187343
"Non-dairy cattle",2010,8628.7439997,30,6.50780904,4.555466328,74.11611208,76.068454792,108.0883597,104.517363319359,398.77517851,398.097093917146,278.667965742002,119.429128175144,269.46140270573,128.635691211416,9.20656303627237
"Cattle",2011,12530.5190002,30,6.48290008583919,4.53803006008743,74.7046124715586,76.6494824973103,178.039598011351,172.314255092419,946.74701985,946.759261848213,662.731483293749,284.027778554464,641.417951022825,305.341310825388,21.3135322709245
"Dairy cattle",2011,4190.103,30,6.45109531,4.515766717,75.83065975,77.765988343,318.1412808,308.086390596893,563.3478637,564.034771447785,394.82434001345,169.210431434336,382.345873282045,181.68889816574,12.4784667314047
"Non-dairy cattle",2011,8340.4160002,30,6.49887834,4.549214838,74.13890279,76.088566292,107.6545619,104.104320206669,383.39915615,382.724490400428,267.9071432803,114.817347120128,259.07207774078,123.652412659648,8.8350655395198
"Cattle",2012,12509.6040003,30,6.46828734156236,4.52780113909365,74.7040580563147,76.6445442587834,178.786166222931,173.053879684002,946.11765108,946.064912149715,662.245438504801,283.819473644915,641.009785750292,305.055126399423,21.2356527545086
"Dairy cattle",2012,4190.485,30,6.42073324,4.494513268,75.8059017,77.732121672,320.1503502,310.072760836948,564.35407694,564.976773664364,395.483741565055,169.493032099309,383.03483203,181.941941634364,12.448909535055
"Non-dairy cattle",2012,8319.1190003,30,6.49224117,4.544568819,74.14904024,76.096712591,107.5785669,104.035085005444,381.76357414,381.088138485352,266.761696939746,114.326441545606,257.974953720292,123.113184765059,8.78674321945368
"Cattle",2013,12685.9929998,30,6.45965815339999,4.52176070737999,74.6680642134899,76.6059616595099,179.086976762174,173.349277799435,959.39989272,959.384326250532,671.569028375372,287.81529787516,650.049885035482,309.334441215049,21.5191433398898
"Dairy cattle",2013,4267.611,30,6.40621542,4.484350794,75.75207647,77.673941096,319.7564744,309.702089889517,572.70714586,573.367941735228,401.357559214659,172.010382520568,388.737319908777,184.630621826451,12.6202393058823
"Non-dairy cattle",2013,8418.3819998,30,6.48675039,4.540725273,74.1185355,76.064560617,107.7760413,104.226641077749,386.69274686,386.016384515304,270.211469160713,115.804915354591,261.312565126705,124.703819388599,8.89890403400739
"Cattle",2014,12742.1939996,30,6.44417881882994,4.51092517318096,74.6411032432495,76.5743568888985,180.517341977128,174.753766796668,967.62508987,967.546182703241,677.282327892268,290.263854810972,655.6531030677,311.893079635541,21.6292248245684
"Dairy cattle",2014,4295.68,30,6.36767855,4.457374985,75.74680081,77.657104375,323.8369691,313.712272609462,580.38331944,580.988017133292,406.691611993305,174.296405139988,393.976482068135,187.011535065158,12.7151299251699
"Non-dairy cattle",2014,8446.5139996,30,6.48308489,4.538159423,74.07877387,76.023699337,107.628662,104.083041065535,387.24177043,386.558165569948,270.590715898964,115.967449670984,261.676620999565,124.881544570383,8.91409489939838
"Cattle",2015,12635.4560004,30,6.44620028376051,4.51234019863236,74.6305141081909,76.564374193319,181.848411718602,176.042940488423,966.3970801,966.335644028877,676.434950820214,289.900693208663,654.834276234954,311.501367793922,21.6006745852592
"Dairy cattle",2015,4284.639,30,6.36199722,4.453398054,75.75306216,77.661661326,325.4080832,315.244336357724,581.18053507,581.786640037377,407.250648026164,174.535992011213,394.530642895416,187.255997141961,12.7200051307477
"Non-dairy cattle",2015,8350.8170004,30,6.48940321,4.542582247,74.05455691,76.001377873,108.1907843,104.621458067304,385.21654503,384.5490039915,269.18430279405,115.36470119745,260.303633339538,124.245370651962,8.88066945451158
"Cattle",2016,12466.5869997,30,6.43668098260619,4.50567668782434,74.6529428274615,76.5839471222433,182.864408428373,177.043256743741,956.63380721,956.63833071663,669.646831501641,286.991499214989,648.323235459945,308.315095256685,21.3235960416957
"Dairy cattle",2016,4217.7,30,6.3419739,4.43938173,75.80310835,77.70570052,328.9860418,318.752310409029,576.50757268,577.172066018293,404.020446212805,173.151619805488,391.452628136452,185.719437881841,12.5678180763533
"Non-dairy cattle",2016,8248.8869997,30,6.48510522,4.539573654,74.06485705,76.010388616,108.1516365,104.586660397371,380.12623453,379.466264698337,265.626385288836,113.839879409501,256.870607323493,122.595657374843,8.75577796534242
"Cattle",2017,12281.1940003,30,6.43569837648834,4.50498886354184,74.6524229084626,76.5831324214091,183.992412515115,178.135239257048,948.16368678,948.114399824904,663.680079877433,284.434319947471,642.546168832108,305.568230992797,21.1339110453254
"Dairy cattle",2017,4199.01,30,6.3418618,4.43930326,75.78354061,77.68609915,329.1426178,318.90006084769,574.2819587,574.877746452975,402.414422517083,172.463323935892,389.891727435503,184.986019017472,12.5226950815793
"Non-dairy cattle",2017,8082.1840003,30,6.48445014,4.539115098,74.06476312,76.010098162,108.5812163,105.002421013194,373.88172808,373.236653371929,261.26565736035,111.970996011579,252.654441396604,120.582211975325,8.61121596374596
"Cattle",2018,11949.0949996,30,6.42188509818323,4.49531956872826,74.6764824157302,76.6030479451852,187.000140560117,181.077617778593,933.75304171,933.678168515586,653.57471796091,280.103450554676,632.865643987332,300.812524528254,20.7090739735779
"Dairy cattle",2018,4100.863,30,6.29930861,4.409516027,75.87120291,77.760995493,336.2113189,325.83530139876,569.09748058,569.650092622411,398.755064835688,170.895027786723,386.448847588214,183.201245034197,12.3062172474739
"Non-dairy cattle",2018,7848.2319996,30,6.48593384,4.540153688,74.05221633,75.997996482,109.0342241,105.438744112026,364.65556113,364.028075893175,254.819653125222,109.208422767952,246.416796399118,117.611279494056,8.40285672610403
"Cattle",2019,11639.5320002,30,6.40774015572957,4.4854181090107,74.7076533490263,76.6299753957452,190.554931581132,184.550332689173,923.00345774,923.079102023075,646.155371416153,276.923730606923,625.781577794607,297.297524228468,20.3737936215456
"Dairy cattle",2019,4011.674,30,6.26008881,4.382062167,75.96102055,77.839047193,343.6576804,333.13506164555,565.3685445,566.056626010264,396.239638207185,169.816987803079,384.106987357064,181.9496386532,12.1326508501205
"Non-dairy cattle",2019,7627.8580002,30,6.48539355,4.539775485,74.04847739,75.994095455,110.0345133,106.406049728516,357.63491324,357.022476012811,249.915733208968,107.106742803843,241.674590437543,115.347885575268,8.24114277142505
"Cattle",2020,11301.8599999,30,6.39681190877066,4.47776833613946,74.7303587511115,76.6494023237427,193.744329767434,187.665477916732,908.06786401,908.232092823972,635.76246497678,272.469627847192,615.799104885536,292.432987938436,19.963360091244
"Dairy cattle",2020,3921.41,30,6.22641088,4.358487616,76.04631122,77.914234484,349.6069577,338.976422106377,559.11152969,559.870766175122,391.909536322585,167.961229852537,379.992701764239,179.878064410883,11.9168345583461
"Non-dairy cattle",2020,7380.4499999,30,6.48735006,4.541145042,74.03116166,75.977366678,110.9307794,107.270346229266,348.95633432,348.36132664885,243.852928654195,104.508397994655,235.806403121297,112.554923527553,8.04652553289785
"Cattle",2021,11039.6639999,30,6.3942451731765,4.47597162122355,74.7312539866064,76.6495275385594,194.689385013917,188.584771522629,890.8119418,890.980946386254,623.686662470378,267.294283915876,604.114465179488,286.866481206766,19.5721972908899
"Dairy cattle",2021,3832.716,30,6.22102716,4.354719012,76.05996401,77.926272158,350.8188432,340.163350318131,547.87954248,548.629738764535,384.040817135175,164.588921629361,372.376266405789,176.253472358746,11.6645507293858
"Non-dairy cattle",2021,7206.9479999,30,6.48636398,4.540454786,74.02463474,75.970543934,111.6584165,107.973999221394,342.93239932,342.351207621719,239.645845335203,102.705362286516,231.738198773699,110.61300884802,7.90764656150409
"Cattle",2022,10996.961,30,6.40146955896084,4.48102869127259,74.7075198220474,76.6279606897356,193.391569408422,187.312800664667,883.03056537,883.250013450188,618.275009415131,264.975004035056,598.826479009572,284.423534440615,19.448530405559
"Dairy cattle",2022,3809.717,30,6.23749378,4.366245646,76.02396197,77.895210104,347.8038206,337.205075289844,541.29133189,542.081873868262,379.457311707784,162.624562160479,367.893978688815,174.187895179447,11.5633330189686
"Non-dairy cattle",2022,7187.244,30,6.48838762,4.541871334,74.00971799,75.956234276,111.5428137,107.859932943993,341.73923348,341.168139581925,238.817697707348,102.350441874578,230.932500320757,110.235639261168,7.88519738659048
"Cattle",2023,10836.1959995,30,6.38718533185704,4.47102973229993,74.7152446753725,76.6314002749296,196.862847257799,190.71985971389,880.6499035,880.72335222791,616.506346559537,264.217005668373,597.245687063071,283.477665164839,19.260659496466
"Dairy cattle",2023,3712.815,30,6.17217295,4.320521065,76.19530917,78.046961055,359.4240599,348.620020366804,539.59271606,540.226940492506,378.158858344754,162.068082147752,366.791663681932,173.435276810574,11.3671946628222
"Non-dairy cattle",2023,7123.3809995,30,6.49925307,4.549477149,73.94381245,75.893588371,112.1334598,108.419883759255,341.05718744,340.496411735404,238.347488214783,102.148923520621,230.454023381139,110.042388354265,7.89346483364378
"Cattle",2024,10461.2850002,30,6.38090990480371,4.4666369333626,74.7202940466204,76.6345670180616,199.57196187945,193.369229253594,859.11922667,859.24399226801,601.470794587607,257.773197680403,582.749132935632,276.494859332378,18.721661651975
"Dairy cattle",2024,3589.431,30,6.13742843,4.296199901,76.29516577,78.136394299,365.9821575,355.063142377304,528.14545661,528.809999500509,370.166999650356,158.642999850153,359.123130477294,169.686869023215,11.0438691730624
"Non-dairy cattle",2024,6871.8540002,30,6.50808955,4.555662685,73.89767858,75.850105445,112.6495804,108.910341701463,330.97377006,330.433992767502,231.303794937251,99.1301978302505,223.626002458339,106.807990309163,7.67779247891252
"Cattle",1990,19487.996,40,6.54400468665839,3.92640281199503,74.8492987133498,77.4669005880131,147.929176879203,141.446117555697,1266.51419577,1266.65328946283,759.991973677696,506.661315785131,726.614196179475,540.039093283351,33.3777774982203
"Dairy cattle",1990,6354.555,40,7.02373953,4.214243718,75.52314884,78.332644652,246.6989066,235.48947289383,721.02925979,722.184995601457,433.310997360874,288.873998240583,413.622337342017,308.56265825944,19.6886600188573
"Non-dairy cattle",1990,13133.441,40,6.31188719,3.787132314,74.52325943,77.048014306,100.1398976,95.9436727751778,545.48493598,544.46829386137,326.680976316822,217.787317544548,312.991858837459,231.476435023911,13.689117479363
"Cattle",1991,17133.7939999,40,6.54380794670198,3.92628476802119,74.8280745478043,77.4455977264851,149.821792950922,143.260402567997,1126.86379634,1126.93794628422,676.162767770535,450.77517851369,646.497160007255,480.440786276969,29.6656077632794
"Dairy cattle",1991,5632.212,40,6.99093935,4.19456361,75.53366136,78.3300371,252.1493283,240.745462905561,650.25241298,651.178479535956,390.707087721573,260.471391814382,373.036721248382,278.141758287573,17.6703664731909
"Non-dairy cattle",1991,11501.5819999,40,6.32485208,3.794911248,74.4825556,77.012496432,99.71300161,95.5229237882318,476.61138336,475.759466748268,285.455680048961,190.303786699307,273.460438758873,202.299027989396,11.9952412900884
"Cattle",1992,16207.34,40,6.57131694949561,3.94279016969736,74.804216193761,77.4327429735592,154.129600685425,147.366574406504,1098.0631213,1098.09868087108,658.859208522646,439.239472348431,629.910799959152,468.187880911925,28.9484085634944
"Dairy cattle",1992,5365.182,40,6.96225412,4.177352472,75.49665303,78.281554678,258.3893476,246.739995646427,632.17266122,633.047985208681,379.828791125208,253.219194083473,362.704403796488,270.343581412193,17.1243873287205
"Non-dairy cattle",1992,10842.158,40,6.37786385,3.82671831,74.46156765,77.01271319,102.5372408,98.1921857917231,465.89046008,465.050695662396,279.030417397438,186.020278264959,267.206396162664,197.844299499732,11.8240212347739
"Cattle",1993,15896.62,40,6.57750882690442,3.94650529614265,74.7566232354827,77.3876267662445,157.442194290609,150.531137259714,1099.63513565,1099.68111700742,659.808670204451,439.872446802967,630.81462718715,468.866489820268,28.9940430173009
"Dairy cattle",1993,5301,40,6.9358014,4.16148084,75.46752033,78.24184089,264.193019,252.31791805826,636.21399468,637.093958524813,382.256375114888,254.837583409925,365.074494014112,272.019464510701,17.1818811007756
"Non-dairy cattle",1993,10595.62,40,6.39825467,3.838952802,74.40096066,76.960262528,104.0346427,99.6071021383062,463.42114097,462.587158482605,277.552295089563,185.034863393042,265.740133173038,196.847025309567,11.8121619165253
"Cattle",1994,15962.2369997,40,6.58949881331677,3.95369928799006,74.7145277363812,77.3503272617079,157.806879364729,150.869617535519,1107.49213264,1107.61754541003,664.570527246019,443.047018164012,635.329601616056,472.287943793975,29.2409256299627
"Dairy cattle",1994,5273.295,40,6.92418002,4.154508012,75.44053367,78.210205678,267.3666358,255.361388495435,639.33764963,640.302688221805,384.181612933083,256.121075288722,366.931161098179,273.371527123626,17.2504518349043
"Non-dairy cattle",1994,10688.9419997,40,6.4243868,3.85463208,74.35635913,76.92611385,103.7565425,99.3195264825849,468.15448301,467.314857188226,280.388914312936,186.92594287529,268.398440517877,198.916416670349,11.9904737950584
"Cattle",1995,15889.9159999,40,6.6022708173921,3.96136249043526,74.6702422948424,77.3111506217992,158.687054566917,151.700545355034,1109.55369212,1109.58802927339,665.752817564035,443.835211709357,636.420463077306,473.167566196086,29.3323544867292
"Dairy cattle",1995,5229.396,40,6.91252963,4.147517778,75.41385518,78.178867032,270.1819004,258.063018306621,639.70601665,640.578685771171,384.347211462703,256.231474308469,367.107498026164,273.471187745007,17.2397134365385
"Non-dairy cattle",1995,10660.5199999,40,6.45007691,3.870046146,74.30547151,76.885502274,103.9945348,99.5256523283938,469.84767547,469.009343502221,281.405606101333,187.603737400888,269.312965051142,199.696378451079,12.0926410501907
"Cattle",1996,15759.6341425,40,6.59667586108811,3.95800551665286,74.6636807422734,77.3023510867087,160.245822438812,153.202818176278,1109.4222174,1109.47928243334,665.687569460004,443.791712973336,636.412233657088,473.067048776252,29.2753358029163
"Dairy cattle",1996,5194.739,40,6.88725115,4.13235069,75.44189191,78.19679237,274.1224545,261.87654263376,642.37585858,643.253206817739,385.951924090643,257.301282727095,368.710238232983,274.542968584756,17.2416858576606
"Non-dairy cattle",1996,10564.8951425,40,6.45380054,3.872280324,74.28103578,76.862555996,104.2528974,99.7681529855592,467.04635882,466.226075615601,279.735645369361,186.49043024624,267.701995424105,198.524080191496,12.0336499452556
"Cattle",1997,15227.6628566,40,6.60569913155173,3.96341947893104,74.6345663498519,77.2768460024726,160.931606526644,153.853978467087,1076.99672865,1076.9784426674,646.187065600441,430.791377066961,617.755003713309,459.223438954093,28.432061887132
"Dairy cattle",1997,5026.373,40,6.87452748,4.124716488,75.449792,78.199602992,276.0653111,263.756233082779,624.90317382,625.65814236777,375.394885420662,250.263256947108,358.656944266458,267.001198101312,16.7379411542036
"Non-dairy cattle",1997,10201.2898566,40,6.4732422,3.88394532,74.23288889,76.82218577,104.2030014,99.7030100106767,452.09355483,451.320300299632,270.792180179779,180.528120119853,259.098059446851,192.222240852781,11.6941207329284
"Cattle",1998,14942.7925717,40,6.59929247678891,3.95957548607334,74.6305040009361,77.2702209916517,163.52553074088,156.364315436678,1069.73824763,1069.8311062072,641.898663724319,427.932442482879,613.782747073861,456.048359133337,28.1159166504576
"Dairy cattle",1998,4832.973,40,6.81237615,4.08742569,75.55138682,78.27633728,285.527957,272.932495305209,615.74162898,616.57984239771,369.947905438626,246.631936959084,353.62843633662,262.95140606109,16.3194691020057
"Non-dairy cattle",1998,10109.8195717,40,6.49742838,3.898457028,74.19027836,76.789249712,105.2025876,100.639199674892,453.99661865,453.251263809488,271.950758285693,181.300505523795,260.154310737241,193.096953072247,11.7964475484519
"Cattle",1999,14896.242286,40,6.60225831171601,3.96135498702961,74.6002139346453,77.2411172593317,162.995578152573,155.852425015412,1063.29276016,1063.25711283021,637.954267698127,425.302845132084,609.991510569663,453.265602260548,27.9627571284636
"Dairy cattle",1999,4765.136,40,6.81242453,4.087454718,75.54269781,78.267667622,285.6458901,273.042906689644,607.40268254,608.180763983734,364.90845839024,243.272305593494,348.808330900989,259.372433082745,16.1001274892511
"Non-dairy cattle",1999,10131.106286,40,6.50340725,3.90204435,74.15691942,76.75828232,105.3073652,100.732227149665,455.89007762,455.076348846477,273.045809307886,182.030539538591,261.183179668674,193.893169177803,11.8626296392126
"Cattle",2000,14538.6989997,40,6.60247899847169,3.96148739908301,74.5701435585448,77.2111351579334,164.342424503722,157.150870306872,1044.51711192,1044.54596842027,626.727581052162,417.818387368108,599.300556808408,445.245411611862,27.4270242437539
"Dairy cattle",2000,4569.752,40,6.78234636,4.069407816,75.60115164,78.314090184,289.7087978,276.99536790862,588.10712447,588.927692053503,353.356615232102,235.571076821401,337.850097692687,251.077594360816,15.5065175394151
"Non-dairy cattle",2000,9968.9469997,40,6.52002804,3.912016824,74.09753083,76.705542046,106.8746463,102.214312551969,456.40998745,455.618276366767,273.37096582006,182.247310546707,261.450459115721,194.167817251046,11.9205067043387
"Cattle",2001,14603.7119996,40,6.59493696610215,3.95696217966129,74.5662454835152,77.204220269956,166.565949865791,159.299890720002,1060.27253141,1060.40763935326,636.244583611959,424.163055741306,608.490479450448,451.917159902816,27.7541041615101
"Dairy cattle",2001,4548.587,40,6.74220749,4.045324494,75.6776299,78.374512896,295.5874975,282.709170738991,593.63981284,594.555465837223,356.733279502334,237.822186334889,341.190918005947,253.364547831277,15.5423614963871
"Non-dairy cattle",2001,10055.1249996,40,6.52831693,3.916990158,74.06349403,76.674820802,108.2011126,103.473847105818,466.63271857,465.852173516041,279.511304109625,186.340869406416,267.299561444502,198.552612071539,12.2117426651229
"Cattle",2002,13988.4979996,40,6.58749137164592,3.95249482298755,74.6399356439958,77.2749321926541,166.914646468804,159.650908958965,1016.61603275,1016.76955466947,610.061732801679,406.707821867786,583.513657786568,433.255896882898,26.5480750151115
"Dairy cattle",2002,4427.4,40,6.73202985,4.03921791,75.7052078,78.39801974,296.3848571,283.497565888441,578.50088333,579.400012702491,347.640007621495,231.760005080996,332.524059867472,246.875952835019,15.1159477540222
"Non-dairy cattle",2002,9561.0979996,40,6.52056081,3.912336486,74.14664649,76.754870814,106.9616567,102.301984294403,438.11514942,437.369541966975,262.421725180185,174.94781678679,250.989597919095,186.379944047879,11.4321272610894
"Cattle",2003,13644.5980002,40,6.57567943503134,3.9454076610188,74.6870050359361,77.3172768099487,169.291072539024,161.957917783049,1002.54660737,1002.53440352082,601.520642112493,401.013761408328,575.466234475947,427.068169044874,26.0544076365454
"Dairy cattle",2003,4371.958,40,6.68812083,4.012872498,75.79320782,78.468456152,302.0002683,288.973630329591,578.47313032,579.182080161091,347.509248096654,231.672832064436,332.519601922475,246.662478238616,14.9896461741793
"Non-dairy cattle",2003,9272.6400002,40,6.52266443,3.913598658,74.16544137,76.774507142,106.72,102.07126623812,424.07347705,423.35232335973,254.011394015838,169.340929343892,242.946632553472,180.405690806258,11.0647614623662
"Cattle",2004,13197.0310004,40,6.57379359592646,3.94427615755588,74.707443916358,77.3369613547286,170.28397586801,162.918840689017,974.47364555,974.502693321225,584.701615992735,389.80107732849,559.413858174612,415.088835146614,25.2877578181236
"Dairy cattle",2004,4285.122,40,6.67426205,4.00455723,75.8318662,78.50157102,303.4826172,290.428107246994,568.56254622,569.282668058836,341.569600835301,227.713067223534,326.876753531924,242.405914526911,14.692847303377
"Non-dairy cattle",2004,8911.9090004,40,6.52548525,3.91529115,74.16678684,76.77698094,106.2379417,101.608434208551,405.91109933,405.22002526239,243.132015157434,162.088010104956,232.537104642687,172.682920619703,10.5949105147466
"Cattle",2005,13036.8089999,40,6.56571046885744,3.93942628131446,74.7639560744699,77.3902402620129,171.418616111016,164.024147620386,967.40312221,967.427925186748,580.456755112049,386.971170074699,555.419426665301,412.008498521447,25.0373284467479
"Dairy cattle",2005,4236.394,40,6.65715857,3.994295142,75.86783113,78.530694558,305.9877311,292.867146973056,565.26748671,566.000682843892,339.600409706335,226.400273137557,325.038532571332,240.96215027256,14.5618771350032
"Non-dairy cattle",2005,8800.4149999,40,6.52168866,3.913013196,74.2325664,76.841241864,106.6389675,102.000969235519,402.1356355,401.427242342856,240.856345405713,160.570896937142,230.380894093969,171.046348248887,10.4754513117446
"Cattle",2006,12750.2460003,40,6.5560677453156,3.93364064718936,74.7258279090678,77.3482550071941,172.092172844326,164.686849298298,946.84915555,946.888327583974,568.132996550384,378.75533103359,543.687396134279,403.200931449695,24.4456004161051
"Dairy cattle",2006,4081.794,40,6.61851345,3.97110807,75.87833198,78.52573736,309.0982971,295.92038846927,546.97405123,547.691305875925,328.614783525555,219.07652235037,314.604820893487,233.086484982439,14.0099626320684
"Non-dairy cattle",2006,8668.4520003,40,6.52666336,3.915998016,74.18313768,76.793803024,107.5788346,102.891701471639,399.87510432,399.197021708048,239.518213024829,159.678808683219,229.082575240792,170.114446467256,10.4356377840367
"Cattle",2007,12688.1889997,40,6.53988735614885,3.92393241368931,74.6988444912822,77.3147994337418,174.128341139435,166.66202442092,949.63244458,949.623064648512,569.773838789107,379.849225859405,545.344311312344,404.278753336169,24.4295274767637
"Dairy cattle",2007,4071.199,40,6.57530007,3.945180042,75.89565684,78.525776868,312.8411541,299.591263738132,548.60861124,549.274558148625,329.564734889175,219.70982325945,315.606543816194,233.668014332431,13.9581910729813
"Non-dairy cattle",2007,8616.9899997,40,6.5231562,3.91389372,74.13339632,76.7426588,108.5918295,103.858030660009,401.02383334,400.348506499887,240.209103899932,160.139402599955,229.73776749615,170.610739003737,10.4713364037825
"Cattle",2008,12971.4690002,40,6.54193606705626,3.92516164023375,74.7094631628788,77.3262375897013,172.064537850549,164.675021790794,960.25223856,960.34048500431,576.204291002586,384.136194001724,551.4600162347,408.880468769609,24.7442747678855
"Dairy cattle",2008,4217.711,40,6.59033392,3.954200352,75.79259941,78.428732978,306.8215346,293.771006818517,558.57957456,559.368198402889,335.620919041733,223.747279361155,321.34542128793,238.022777114959,14.2754977538036
"Non-dairy cattle",2008,8753.7580002,40,6.51861715,3.91117029,74.18758951,76.79503637,107.1363016,102.474358247796,401.672664,400.972286601421,240.583371960853,160.388914640569,230.114594946771,170.85769165465,10.468777014082
"Cattle",2009,12947.0150001,40,6.52355873260344,3.91413523956206,74.6918814223225,77.3013049153639,173.442632012649,166.02692588817,961.56214285,961.734061455883,577.04043687353,384.693624582353,552.369221320336,409.364840135546,24.6712155531932
"Dairy cattle",2009,4205.493,40,6.54005136,3.924030816,75.82604093,78.442061474,310.5019635,297.399779773317,559.27264464,560.131659014422,336.078995408653,224.052663605769,321.897543237182,238.23411577724,14.1814521714712
"Non-dairy cattle",2009,8741.5220001,40,6.51562423,3.909374538,74.14624419,76.752493882,107.5042223,102.824245920346,402.28949821,401.602402441461,240.961441464877,160.640960976584,230.471678083155,171.130724358306,10.489763381722
"Cattle",2010,12811.8549997,40,6.50217382420307,3.90130429452184,74.678022412364,77.2788919420452,175.646360312317,168.171255909112,958.89219742,959.044404924039,575.426642954424,383.617761969616,550.937207011748,408.107197912291,24.4894359426752
"Dairy cattle",2010,4183.111,40,6.49054974,3.894329844,75.83710722,78.433327116,315.0021394,301.808893485191,560.11701891,560.947311006894,336.568386604136,224.378924402757,322.471880783328,238.475430223565,14.0965058208078
"Non-dairy cattle",2010,8628.7439997,40,6.50780904,3.904685424,74.11611208,76.719235696,108.0883597,103.385341322013,398.77517851,398.097093917146,238.858256350287,159.238837566858,228.46532622842,169.631767688726,10.3929301218674
"Cattle",2011,12530.5190002,40,6.48290008583919,3.88974005150351,74.7046124715586,77.2977725058943,178.039598011351,170.49691153633,946.74701985,946.759261848213,568.055557108928,378.703704739285,543.987956055774,402.77130579244,24.0676010531542
"Dairy cattle",2011,4190.103,40,6.45109531,3.870657186,75.83065975,78.411097874,318.1412808,304.892019820716,563.3478637,564.034771447785,338.420862868671,225.613908579114,324.327041652805,239.70772979498,14.0938212158655
"Non-dairy cattle",2011,8340.4160002,40,6.49887834,3.899327004,74.13890279,76.738454126,107.6545619,102.978774983642,383.39915615,382.724490400428,229.634694240257,153.089796160171,219.660914402968,163.06357599746,9.97377983728867
"Cattle",2012,12509.6040003,40,6.46828734156236,3.88097240493741,74.7040580563147,77.2913729929396,178.786166222931,171.234070529776,946.11765108,946.064912149715,567.638947289829,378.425964859886,543.65847144023,402.406440709486,23.9804758495998
"Dairy cattle",2012,4190.485,40,6.42073324,3.852439944,75.8059017,78.374194996,320.1503502,306.870551459501,564.35407694,564.976773664364,338.986064198618,225.990709465746,324.924962264545,240.051811399819,14.0611019340737
"Non-dairy cattle",2012,8319.1190003,40,6.49224117,3.895344702,74.14904024,76.745936708,107.5785669,102.91161489856,381.76357414,381.088138485352,228.652883091211,152.435255394141,218.733509175685,162.354629309667,9.91937391552599
"Cattle",2013,12685.9929998,40,6.45965815339999,3.87579489203999,74.6680642134899,77.2519274748499,179.086976762174,171.527684830876,959.39989272,959.384326250532,575.630595750319,383.753730500213,551.329781109732,408.054545140799,24.3008146405869
"Dairy cattle",2013,4267.611,40,6.40621542,3.843729252,75.75207647,78.314562638,319.7564744,306.507086152043,572.70714586,573.367941735228,344.020765041137,229.347176694091,329.765964759323,243.601976975905,14.2548002818143
"Non-dairy cattle",2013,8418.3819998,40,6.48675039,3.892050234,74.1185355,76.713235656,107.7760413,103.101284381797,386.69274686,386.016384515304,231.609830709182,154.406553806121,221.56381635041,164.452568164894,10.0460143587725
"Cattle",2014,12742.1939996,40,6.44417881882994,3.86650729129796,74.6411032432495,77.2187747707815,180.517341977128,172.92365999534,967.62508987,967.546182703241,580.527709621944,387.018473081296,556.101647916812,411.444534786429,24.4260617051328
"Dairy cattle",2014,4295.68,40,6.36767855,3.82060713,75.74680081,78.29387223,323.8369691,310.494041075594,580.38331944,580.988017133292,348.592810279975,232.395206853317,334.229877010443,246.75814012285,14.3629332695327
"Non-dairy cattle",2014,8446.5139996,40,6.48308489,3.889850934,74.07877387,76.672007826,107.628662,102.958898837446,387.24177043,386.558165569948,231.934899341969,154.623266227979,221.871770906369,164.686394663579,10.0631284356001
"Cattle",2015,12635.4560004,40,6.44620028376051,3.86772017025631,74.6305141081909,77.2089942216951,181.848411718602,174.199526350684,966.3970801,966.335644028877,579.801386417326,386.534257611551,555.407563767587,410.928080261289,24.3938226497387
"Dairy cattle",2015,4284.639,40,6.36199722,3.817198332,75.75306216,78.297861048,325.4080832,312.013539117399,581.18053507,581.786640037377,349.071984022426,232.714656014951,334.703379432122,247.083260605255,14.3686045903039
"Non-dairy cattle",2015,8350.8170004,40,6.48940321,3.893641926,74.05455691,76.650318194,108.1907843,103.48988275312,385.21654503,384.5490039915,230.7294023949,153.8196015966,220.704184335465,163.844819656035,10.0252180594347
"Cattle",2016,12466.5869997,40,6.43668098260619,3.86200858956372,74.6529428274615,77.227615220504,182.864408428373,175.194612019222,956.63380721,956.63833071663,573.982998429978,382.655332286652,549.901307028227,406.737023688403,24.0816914017512
"Dairy cattle",2016,4217.7,40,6.3419739,3.80518434,75.80310835,78.33989791,328.9860418,315.498634994293,576.50757268,577.172066018293,346.303239610976,230.868826407317,332.105881433674,245.06618458462,14.1973581773022
"Non-dairy cattle",2016,8248.8869997,40,6.48510522,3.891063132,74.06485705,76.658899138,108.1516365,103.456415372393,380.12623453,379.466264698337,227.679758819002,151.786505879335,217.795425594553,161.670839103784,9.88433322444897
"Cattle",2017,12281.1940003,40,6.43569837648834,3.86141902589301,74.6524229084626,77.226702259058,183.992412515115,176.275155327065,948.16368678,948.114399824904,568.868639894943,379.245759929962,545.001167926507,403.113231898397,23.8674719684353
"Dairy cattle",2017,4199.01,40,6.3418618,3.80511708,75.78354061,78.32028533,329.1426178,315.643638737578,574.2819587,574.877746452975,344.926647871785,229.95109858119,330.780325439234,244.097421013741,14.1463224325513
"Non-dairy cattle",2017,8082.1840003,40,6.48445014,3.890670084,74.06476312,76.658543176,108.5812163,103.867789260683,373.88172808,373.236653371929,223.941992023158,149.294661348772,214.220842487274,159.015810884656,9.721149535884
"Cattle",2018,11949.0949996,40,6.42188509818323,3.85313105890994,74.6764824157302,77.2452364550035,187.000140560117,179.196335261491,933.75304171,933.678168515586,560.206901109352,373.471267406234,536.817924808073,396.860243707513,23.3889763012787
"Dairy cattle",2018,4100.863,40,6.29930861,3.779585166,75.87120291,78.390926354,336.2113189,322.535148870319,569.09748058,569.650092622411,341.790055573447,227.860037048964,327.886957576122,241.763135046289,13.9030979973248
"Non-dairy cattle",2018,7848.2319996,40,6.48593384,3.891560304,74.05221633,76.646589866,109.0342241,104.298850423849,364.65556113,364.028075893175,218.416845535905,145.61123035727,208.930967231951,155.097108661224,9.48587830395385
"Cattle",2019,11639.5320002,40,6.40774015572957,3.84464409343774,74.7076533490263,77.2707494113182,190.554931581132,182.642534627366,923.00345774,923.079102023075,553.847461213845,369.23164080923,530.835904794211,392.243197228864,23.0115564196342
"Dairy cattle",2019,4011.674,40,6.26008881,3.756053286,75.96102055,78.465056074,343.6576804,329.787041774753,565.3685445,566.056626010264,339.633975606158,226.422650404106,325.925740902934,240.13088510733,13.7082347032244
"Non-dairy cattle",2019,7627.8580002,40,6.48539355,3.89123613,74.04847739,76.64263481,110.0345133,105.255698958622,357.63491324,357.022476012811,214.213485607687,142.808990405124,204.910163891277,152.112312121534,9.30332171640984
"Cattle",2020,11301.8599999,40,6.39681190877066,3.83808714526239,74.7303587511115,77.2890835146198,193.744329767434,185.733712479316,908.06786401,908.232092823972,544.939255694383,363.292837129589,522.390259393334,385.841833430638,22.548996301049
"Dairy cattle",2020,3921.41,40,6.22641088,3.735846528,76.04631122,78.536875572,349.6069577,335.592967017139,559.11152969,559.870766175122,335.922459705073,223.948306470049,322.457011959293,237.413754215829,13.4654477457804
"Non-dairy cattle",2020,7380.4499999,40,6.48735006,3.892410036,74.03116166,76.626101684,110.9307794,106.109898301979,348.95633432,348.36132664885,209.01679598931,139.34453065954,199.933247434041,148.428079214809,9.08354855526866
"Cattle",2021,11039.6639999,40,6.3942451731765,3.8365471039059,74.7312539866064,77.288952055877,194.689385013917,186.644763965427,890.8119418,890.980946386254,534.588567831752,356.392378554502,512.481251439669,378.499694946585,22.1073163920834
"Dairy cattle",2021,3832.716,40,6.22102716,3.732616296,76.05996401,78.548374874,350.8188432,336.771776038884,547.87954248,548.629738764535,329.177843258721,219.451895505814,315.997299049554,232.632439714981,13.1805442091671
"Non-dairy cattle",2021,7206.9479999,40,6.48636398,3.891818388,74.02463474,76.619180332,111.6584165,106.805947143921,342.93239932,342.351207621719,205.410724573031,136.940483048687,196.483952390115,145.867255231604,8.92677218291627
"Cattle",2022,10996.961,40,6.40146955896084,3.8408817353765,74.7075198220474,77.2681076456317,193.391569408422,185.381224245271,883.03056537,883.250013450188,529.950008070113,353.300005380075,507.982956418741,375.267057031446,21.9670516513712
"Dairy cattle",2022,3809.717,40,6.23749378,3.742496268,76.02396197,78.518959482,347.8038206,333.832080236062,541.29133189,542.081873868262,325.249124320957,216.832749547305,312.183435994787,229.898437873475,13.06568832617
"Non-dairy cattle",2022,7187.244,40,6.48838762,3.893032572,74.00971799,76.605073038,111.5428137,106.692404200666,341.73923348,341.168139581925,204.700883749155,136.46725583277,195.799520423954,145.368619157971,8.90136332520117
"Cattle",2023,10836.1959995,40,6.38718533185704,3.83231119911422,74.7152446753725,77.2701188081153,196.862847257799,188.767259202458,880.6499035,880.72335222791,528.434011336746,352.289340891164,506.677609531592,374.045742696317,21.7564018051536
"Dairy cattle",2023,3712.815,40,6.17217295,3.70330377,76.19530917,78.66417835,359.4240599,345.179513429671,539.59271606,540.226940492506,324.136164295504,216.090776197002,311.290133185883,228.936807306623,12.8460311096202
"Non-dairy cattle",2023,7123.3809995,40,6.49925307,3.899551842,73.94381245,76.543513678,112.1334598,107.242802807472,341.05718744,340.496411735404,204.297847041242,136.198564694162,195.387476345709,145.108935389695,8.91037069553337
"Cattle",2024,10461.2850002,40,6.38090990480371,3.82854594288223,74.7202940466204,77.2726580085419,199.57196187945,191.397305890072,859.11922667,859.24399226801,515.546395360806,343.697596907204,494.398046268153,364.845945999858,21.1483490926536
"Dairy cattle",2024,3589.431,40,6.13742843,3.682457058,76.29516577,78.750137142,365.9821575,351.584828014013,528.14545661,528.809999500509,317.285999700305,211.523999800204,304.804322696759,224.00567680375,12.4816770035467
"Non-dairy cattle",2024,6871.8540002,40,6.50808955,3.90485373,73.89767858,76.5009144,112.6495804,107.725263715118,330.97377006,330.433992767502,198.260395660501,132.173597107001,189.593723571394,140.840269196107,8.6666720891069
"Cattle",1990,19487.996,50,6.54400468665839,3.27200234332919,74.8492987133498,78.1213010566789,147.929176879203,139.924205177783,1266.51419577,1266.65328946283,633.326644731413,633.326644731413,598.983120927579,667.670168535247,34.3435238038342
"Dairy cattle",1990,6354.555,50,7.02373953,3.511869765,75.52314884,79.035018605,246.6989066,232.863962066545,721.02925979,722.184995601457,361.092497800728,361.092497800728,340.842328282872,381.342667318585,20.2501695178568
"Non-dairy cattle",1990,13133.441,50,6.31188719,3.155943595,74.52325943,77.679203025,100.1398976,94.9557314292601,545.48493598,544.46829386137,272.234146930685,272.234146930685,258.140792644707,286.327501216662,14.0933542859773
"Cattle",1991,17133.7939999,50,6.54380794670198,3.27190397335099,74.8280745478043,78.0999785211553,149.821792950922,141.720004421123,1126.86379634,1126.93794628422,563.468973142112,563.468973142112,532.944539519537,593.993406764687,30.5244336225747
"Dairy cattle",1991,5632.212,50,6.99093935,3.495469675,75.53366136,79.029131035,252.1493283,238.073590130041,650.25241298,651.178479535956,325.589239767978,325.589239767978,307.413863609619,343.764615926337,18.1753761583593
"Non-dairy cattle",1991,11501.5819999,50,6.32485208,3.16242604,74.4825556,77.64498164,99.71300161,94.5365976795541,476.61138336,475.759466748268,237.879733374134,237.879733374134,225.530675909919,250.22879083835,12.3490574642154
"Cattle",1992,16207.34,50,6.57131694949561,3.2856584747478,74.804216193761,78.0898746685088,154.129600685425,145.778994676105,1098.0631213,1098.09868087108,549.049340435539,549.049340435539,519.263258414801,578.835422456276,29.7860820207374
"Dairy cattle",1992,5365.182,50,6.96225412,3.48112706,75.49665303,78.97778009,258.3893476,244.010039602868,632.17266122,633.047985208681,316.52399260434,316.52399260434,298.909504931321,334.13848027736,17.6144876730199
"Non-dairy cattle",1992,10842.158,50,6.37786385,3.188931925,74.46156765,77.650499575,102.5372408,97.1699046700145,465.89046008,465.050695662396,232.525347831198,232.525347831198,220.353753483481,244.696942178916,12.1715943477174
"Cattle",1993,15896.62,50,6.57750882690442,3.28875441345221,74.7566232354827,78.0453776489349,157.442194290609,148.908825669319,1099.63513565,1099.68111700742,549.840558503709,549.840558503709,520.007492171687,579.673624835731,29.8330663320223
"Dairy cattle",1993,5301,50,6.9358014,3.4679007,75.46752033,78.93542103,264.193019,249.534506704225,636.21399468,637.093958524813,318.546979262406,318.546979262406,300.872686315627,336.221272209185,17.674292946779
"Non-dairy cattle",1993,10595.62,50,6.39825467,3.199127335,74.40096066,77.600087995,104.0346427,98.5656899994826,463.42114097,462.587158482605,231.293579241302,231.293579241302,219.134805856059,243.452352626546,12.1587733852433
"Cattle",1994,15962.2369997,50,6.58949881331677,3.29474940665838,74.7145277363812,78.0092771430396,157.806879364729,149.24129162513,1107.49213264,1107.61754541003,553.808772705015,553.808772705015,523.722095081366,583.895450328665,30.0866776236494
"Dairy cattle",1994,5273.295,50,6.92418002,3.46209001,75.44053367,78.90262368,267.3666358,252.547279198321,639.33764963,640.302688221805,320.151344110902,320.151344110902,302.406284333005,337.8964038888,17.745059777897
"Non-dairy cattle",1994,10688.9419997,50,6.4243868,3.2121934,74.35635913,77.56855253,103.7565425,98.2761963186852,468.15448301,467.314857188226,233.657428594113,233.657428594113,221.31581074836,245.999046439865,12.3416178457524
"Cattle",1995,15889.9159999,50,6.6022708173921,3.30113540869605,74.6702422948424,77.9713777035385,158.687054566917,150.060803962864,1109.55369212,1109.58802927339,554.794014636696,554.794014636696,524.613706792263,584.974322481129,30.1803078444327
"Dairy cattle",1995,5229.396,50,6.91252963,3.456264815,75.41385518,78.870119995,270.1819004,255.222075403365,639.70601665,640.578685771171,320.289342885586,320.289342885586,302.555096029072,338.023589742099,17.7342468565134
"Non-dairy cattle",1995,10660.5199999,50,6.45007691,3.225038455,74.30547151,77.530509965,103.9945348,98.4751465811383,469.84767547,469.009343502221,234.50467175111,234.50467175111,222.058610763191,246.95073273903,12.4460609879193
"Cattle",1996,15759.6341425,50,6.59667586108811,3.29833793054405,74.6636807422734,77.9620186728175,160.245822438812,151.549624495026,1109.4222174,1109.47928243334,554.73964121667,554.73964121667,524.617285924621,584.861996508718,30.1223552920485
"Dairy cattle",1996,5194.739,50,6.88725115,3.443625575,75.44189191,78.885517485,274.1224545,259.005063475576,642.37585858,643.253206817739,321.626603408869,321.626603408869,303.889438693713,339.363768124025,17.7371647151559
"Non-dairy cattle",1996,10564.8951425,50,6.45380054,3.22690027,74.28103578,77.50793605,104.2528974,98.7139879737636,467.04635882,466.226075615601,233.113037807801,233.113037807801,220.727847230908,245.498228384693,12.3851905768926
"Cattle",1997,15227.6628566,50,6.60569913155173,3.30284956577586,74.6345663498519,77.9374159156278,160.931606526644,152.192713969135,1076.99672865,1076.9784426674,538.489221333701,538.489221333701,509.234681141201,567.743761526201,29.2545401925
"Dairy cattle",1997,5026.373,50,6.87452748,3.43726374,75.449792,78.88705574,276.0653111,260.869582858935,624.90317382,625.65814236777,312.829071183885,312.829071183885,295.60971996343,330.04842240434,17.2193512204553
"Non-dairy cattle",1997,10201.2898566,50,6.4732422,3.2366211,74.23288889,77.46950999,104.2030014,98.6455167822213,452.09355483,451.320300299632,225.660150149816,225.660150149816,213.624961177771,237.695339121861,12.0351889720447
"Cattle",1998,14942.7925717,50,6.59929247678891,3.29964623839445,74.6305040009361,77.9301502393305,163.52553074088,154.682956145195,1069.73824763,1069.8311062072,534.915553103599,534.915553103599,505.984652460641,563.846453746557,28.9309006429579
"Dairy cattle",1998,4832.973,50,6.81237615,3.406188075,75.55138682,78.957574895,285.527957,269.976645460329,615.74162898,616.57984239771,308.289921198855,308.289921198855,291.498876778977,325.080965618734,16.7910444198783
"Non-dairy cattle",1998,10109.8195717,50,6.49742838,3.24871419,74.19027836,77.43899255,105.2025876,99.5671072837366,453.99661865,453.251263809488,226.625631904744,226.625631904744,214.485775681664,238.765488127823,12.1398562230795
"Cattle",1999,14896.242286,50,6.60225831171601,3.30112915585801,74.6002139346453,77.9013430905033,162.995578152573,154.175381520273,1063.29276016,1063.25711283021,531.628556415106,531.628556415106,502.855493069617,560.401619760594,28.7730633454887
"Dairy cattle",1999,4765.136,50,6.81242453,3.406212265,75.54269781,78.948910075,285.6458901,270.085326295608,607.40268254,608.180763983734,304.090381991867,304.090381991867,287.525054237178,320.655709746556,16.5653277546892
"Non-dairy cattle",1999,10131.106286,50,6.50340725,3.251703625,74.15691942,77.408623045,105.3073652,99.657480413045,455.89007762,455.076348846477,227.538174423239,227.538174423239,215.330438832439,239.745910014038,12.2077355907995
"Cattle",2000,14538.6989997,50,6.60247899847169,3.30123949923584,74.5701435585448,77.8713830577806,164.342424503722,155.462298558641,1044.51711192,1044.54596842027,522.272984210135,522.272984210135,494.050615331179,550.495353089091,28.222368878956
"Dairy cattle",2000,4569.752,50,6.78234636,3.39117318,75.60115164,78.99232482,289.7087978,274.010838974208,588.10712447,588.927692053503,294.463846026752,294.463846026752,278.508233474718,310.419458578786,15.9556125520338
"Non-dairy cattle",2000,9968.9469997,50,6.52002804,3.26001402,74.09753083,77.35754485,106.8746463,101.119805848285,456.40998745,455.618276366767,227.809138183383,227.809138183383,215.542381856461,240.075894510306,12.2667563269222
"Cattle",2001,14603.7119996,50,6.59493696610215,3.29746848305107,74.5662454835152,77.8637139665662,166.565949865791,157.593484551742,1060.27253141,1060.40763935326,530.203819676632,530.203819676632,501.643772356411,558.763866996853,28.5600473202207
"Dairy cattle",2001,4548.587,50,6.74220749,3.371103745,75.6776299,79.048733645,295.5874975,279.684548274584,593.63981284,594.555465837223,297.277732918612,297.277732918612,281.283847072843,313.27161876438,15.9938858457683
"Non-dairy cattle",2001,10055.1249996,50,6.52831693,3.264158465,74.06349403,77.327652495,108.2011126,102.363755902124,466.63271857,465.852173516041,232.92608675802,232.92608675802,220.359925283568,245.492248232473,12.5661614744524
"Cattle",2002,13988.4979996,50,6.58749137164592,3.29374568582296,74.6399356439958,77.9336813298187,166.914646468804,157.944789457279,1016.61603275,1016.76955466947,508.384777334733,508.384777334733,481.064995486826,535.70455918264,27.319781847907
"Dairy cattle",2002,4427.4,50,6.73202985,3.366014925,75.7052078,79.071222725,296.3848571,280.470455891957,578.50088333,579.400012702491,289.700006351246,289.700006351246,274.144548571934,305.255464130557,15.5554577793114
"Non-dairy cattle",2002,9561.0979996,50,6.52056081,3.260280405,74.14664649,77.406926895,106.9616567,101.207567895948,438.11514942,437.369541966975,218.684770983487,218.684770983487,206.920446914892,230.449095052083,11.7643240685956
"Cattle",2003,13644.5980002,50,6.57567943503134,3.28783971751567,74.6870050359361,77.9748447534518,169.291072539024,160.234994080132,1002.54660737,1002.53440352082,501.26720176041,501.26720176041,474.453944042968,528.080459477853,26.8132577174423
"Dairy cattle",2003,4371.958,50,6.68812083,3.344060415,75.79320782,79.137268235,302.0002683,285.912246200199,578.47313032,579.182080161091,289.591040080545,289.591040080545,274.16407679026,305.01800337083,15.4269632902849
"Non-dairy cattle",2003,9272.6400002,50,6.52266443,3.261332215,74.16544137,77.426773585,106.72,100.979413381163,424.07347705,423.35232335973,211.676161679865,211.676161679865,200.289867252708,223.062456107023,11.3862944271575
"Cattle",2004,13197.0310004,50,6.57379359592646,3.28689679796323,74.707443916358,77.9943407143212,170.28397586801,161.188242730775,974.47364555,974.502693321225,487.251346660613,487.251346660613,461.226605278207,513.276088043018,26.0247413824053
"Dairy cattle",2004,4285.122,50,6.67426205,3.337131025,75.8318662,79.168997225,303.4826172,287.359643695133,568.56254622,569.282668058836,284.641334029418,284.641334029418,269.519332218283,299.763335840552,15.1220018111345
"Non-dairy cattle",2004,8911.9090004,50,6.52548525,3.262742625,74.16678684,77.429529465,106.2379417,100.521123484055,405.91109933,405.22002526239,202.610012631195,202.610012631195,191.707273059924,213.512752202466,10.9027395712708
"Cattle",2005,13036.8089999,50,6.56571046885744,3.28285523442872,74.7639560744699,78.0468113088987,171.418616111016,162.286368442427,967.40312221,967.427925186748,483.713962593374,483.713962593374,457.94613438433,509.481790802419,25.7678282090444
"Dairy cattle",2005,4236.394,50,6.65715857,3.328579285,75.86783113,79.196410415,305.9877311,289.782542570715,565.26748671,566.000682843892,283.000341421946,283.000341421946,268.012570931581,297.988111912312,14.9877704903657
"Non-dairy cattle",2005,8800.4149999,50,6.52168866,3.26084433,74.2325664,77.49341073,106.6389675,100.911532470922,402.1356355,401.427242342856,200.713621171428,200.713621171428,189.933563452749,211.493678890107,10.7800577186787
"Cattle",2006,12750.2460003,50,6.5560677453156,3.2780338726578,74.7258279090678,78.0038617817256,172.092172844326,162.946257179552,946.84915555,946.888327583974,473.444163791987,473.444163791987,448.284606585229,498.603720998745,25.1595572067579
"Dairy cattle",2006,4081.794,50,6.61851345,3.309256725,75.87833198,79.187588705,309.0982971,292.821198381526,546.97405123,547.691305875925,273.845652937963,273.845652937963,259.424956453006,288.26634942292,14.4206964849571
"Non-dairy cattle",2006,8668.4520003,50,6.52666336,3.26333168,74.18313768,77.44646936,107.5788346,101.790844917913,399.87510432,399.197021708048,199.598510854024,199.598510854024,188.859650132223,210.337371575825,10.7388607218007
"Cattle",2007,12688.1889997,50,6.53988735614885,3.26994367807443,74.6988444912822,77.9687881693566,174.128341139435,164.906714318823,949.63244458,949.623064648512,474.811532324256,474.811532324256,449.667481776949,499.955582871563,25.1440505473072
"Dairy cattle",2007,4071.199,50,6.57530007,3.287650035,75.89565684,79.183306875,312.8411541,296.473876199299,548.60861124,549.274558148625,274.637279074313,274.637279074313,260.268758150545,289.005799998081,14.3685209237681
"Non-dairy cattle",2007,8616.9899997,50,6.5231562,3.2615781,74.13339632,77.39497442,108.5918295,102.746250177716,401.02383334,400.348506499887,200.174253249943,200.174253249943,189.398723626404,210.949782873482,10.7755296235391
"Cattle",2008,12971.4690002,50,6.54193606705626,3.27096803352813,74.7094631628788,77.980431196407,172.064537850549,162.937930908986,960.25223856,960.34048500431,480.170242502155,480.170242502155,454.702694016739,505.637790987571,25.467548485416
"Dairy cattle",2008,4217.711,50,6.59033392,3.29516696,75.79259941,79.08776637,306.8215346,290.701329981227,558.57957456,559.368198402889,279.684099201444,279.684099201444,264.989677854447,294.378520548441,14.694421346997
"Non-dairy cattle",2008,8753.7580002,50,6.51861715,3.259308575,74.18758951,77.446898085,107.1363016,101.379330174071,401.672664,400.972286601421,200.486143300711,200.486143300711,189.713016162291,211.25927043913,10.7731271384191
"Cattle",2009,12947.0150001,50,6.52355873260344,3.26177936630172,74.6918814223225,77.9536607886242,173.442632012649,164.283207215165,961.56214285,961.734061455883,480.867030727941,480.867030727941,455.473380298661,506.260681157221,25.39365042928
"Dairy cattle",2009,4205.493,50,6.54005136,3.27002568,75.82604093,79.09606661,310.5019635,294.316439325968,559.27264464,560.131659014422,280.065829507211,280.065829507211,265.466848545182,294.66481046924,14.5989809620293
"Non-dairy cattle",2009,8741.5220001,50,6.51562423,3.257812115,74.14624419,77.404056305,107.5042223,101.72501112493,402.28949821,401.602402441461,200.80120122073,200.80120122073,190.00653175348,211.595870687981,10.7946694672507
"Cattle",2010,12811.8549997,50,6.50217382420307,3.25108691210153,74.678022412364,77.9291093244655,175.646360312317,166.413075520435,958.89219742,959.044404924039,479.52220246202,479.52220246202,454.314319176732,504.730085747307,25.2078832852876
"Dairy cattle",2010,4183.111,50,6.49054974,3.24527487,75.83710722,79.08238209,315.0021394,298.70270690731,560.11701891,560.947311006894,280.473655503447,280.473655503447,265.960860693342,294.986450313552,14.5127948101052
"Non-dairy cattle",2010,8628.7439997,50,6.50780904,3.25390452,74.11611208,77.3700166,108.0883597,102.28065807247,398.77517851,398.097093917146,199.048546958573,199.048546958573,188.35345848339,209.743635433755,10.6950884751825
"Cattle",2011,12530.5190002,50,6.48290008583919,3.24145004291959,74.7046124715586,77.9460625144782,178.039598011351,168.722347396881,946.74701985,946.759261848213,473.379630924107,473.379630924107,448.604674513497,498.154587334716,24.7749564106094
"Dairy cattle",2011,4190.103,50,6.45109531,3.225547655,75.83065975,79.056207405,318.1412808,301.771569028703,563.3478637,564.034771447785,282.017385723893,282.017385723893,267.506400833199,296.528370614586,14.5109848906939
"Non-dairy cattle",2011,8340.4160002,50,6.49887834,3.24943917,74.13890279,77.38834196,107.6545619,101.880364611635,383.39915615,382.724490400428,191.362245200214,191.362245200214,181.098273680299,201.62621672013,10.2639715199155
"Cattle",2012,12509.6040003,50,6.46828734156236,3.23414367078118,74.7040580563147,77.9382017270959,178.786166222931,169.456977617869,946.11765108,946.064912149715,473.032456074858,473.032456074858,448.346364702522,497.718547447194,24.6860913723361
"Dairy cattle",2012,4190.485,50,6.42073324,3.21036662,75.8059017,79.01626832,320.1503502,303.74215288426,564.35407694,564.976773664364,282.488386832182,282.488386832182,268.010423001588,296.966350662776,14.4779638305937
"Non-dairy cattle",2012,8319.1190003,50,6.49224117,3.246120585,74.14904024,77.395160825,107.5785669,101.81519816311,381.76357414,381.088138485352,190.544069242676,190.544069242676,180.335941700933,200.752196784418,10.2081275417424
"Cattle",2013,12685.9929998,50,6.45965815339999,3.22982907669999,74.6680642134899,77.8978932901899,179.086976762174,169.748819806678,959.39989272,959.384326250532,479.692163125266,479.692163125266,454.676101383635,504.708224866897,25.0160617416311
"Dairy cattle",2013,4267.611,50,6.40621542,3.20310771,75.75207647,78.95518418,319.7564744,303.385649813515,572.70714586,573.367941735228,286.683970867614,286.683970867614,272.006385346829,301.361556388399,14.6775855207849
"Non-dairy cattle",2013,8418.3819998,50,6.48675039,3.243375195,74.1185355,77.361910695,107.7760413,102.003021890184,386.69274686,386.016384515304,193.008192257652,193.008192257652,182.669716036806,203.346668478498,10.3384762208461
"Cattle",2014,12742.1939996,50,6.44417881882994,3.22208940941497,74.6411032432495,77.8631926526645,180.517341977128,171.136342220655,967.62508987,967.546182703241,483.77309135162,483.77309135162,458.62715612547,508.919026577771,25.1459352261506
"Dairy cattle",2014,4295.68,50,6.36767855,3.183839275,75.74680081,78.930640085,323.8369691,307.349501480385,580.38331944,580.988017133292,290.494008566646,290.494008566646,275.704126567548,305.283890565745,14.7898819990985
"Non-dairy cattle",2014,8446.5139996,50,6.48308489,3.241542445,74.07877387,77.320316315,107.628662,101.86182920895,387.24177043,386.558165569948,193.279082784974,193.279082784974,182.923029557922,203.635136012026,10.3560532270521
"Cattle",2015,12635.4560004,50,6.44620028376051,3.22310014188025,74.6305141081909,77.8536142500711,181.848411718602,172.399210345492,966.3970801,966.335644028877,483.167822014438,483.167822014438,458.055072661297,508.280571367579,25.1127493531408
"Dairy cattle",2015,4284.639,50,6.36199722,3.18099861,75.75306216,78.93406077,325.4080832,308.856650423515,581.18053507,581.786640037377,290.893320018688,290.893320018688,276.09743300792,305.689207029457,14.7958870107684
"Non-dairy cattle",2015,8350.8170004,50,6.48940321,3.244701605,74.05455691,77.299258515,108.1907843,102.38559735763,385.21654503,384.5490039915,192.27450199575,192.27450199575,181.957639653378,202.591364338122,10.3168623423724
"Cattle",2016,12466.5869997,50,6.43668098260619,3.2183404913031,74.6529428274615,77.8712833187646,182.864408428373,173.389070761853,956.63380721,956.63833071663,478.319165358315,478.319165358315,453.526966432533,503.111364284097,24.7921989257816
"Dairy cattle",2016,4217.7,50,6.3419739,3.17098695,75.80310835,78.9740953,328.9860418,312.319097797469,576.50757268,577.172066018293,288.586033009147,288.586033009147,273.965816218915,303.206249799378,14.6202167902314
"Non-dairy cattle",2016,8248.8869997,50,6.48510522,3.24255261,74.06485705,77.30740966,108.1516365,102.353405580669,380.12623453,379.466264698337,189.733132349168,189.733132349168,179.561150213618,199.905114484718,10.1719821355501
"Cattle",2017,12281.1940003,50,6.43569837648834,3.21784918824417,74.6524229084626,77.8702720967068,183.992412515115,174.458441792931,948.16368678,948.114399824904,474.057199912452,474.057199912452,449.485540617216,498.628859207688,24.5716592952361
"Dairy cattle",2017,4199.01,50,6.3418618,3.1709309,75.78354061,78.95447151,329.1426178,312.461445122461,574.2819587,574.877746452975,287.438873226488,287.438873226488,272.871274807976,302.006471644999,14.5675984185119
"Non-dairy cattle",2017,8082.1840003,50,6.48445014,3.24222507,74.06476312,77.30698819,108.5812163,102.760495917259,373.88172808,373.236653371929,186.618326685965,186.618326685965,176.61426580924,196.622387562689,10.0040608767242
"Cattle",2018,11949.0949996,50,6.42188509818323,3.21094254909161,74.6764824157302,77.8874249648218,187.000140560117,177.358710108591,933.75304171,933.678168515586,466.839084257793,466.839084257793,442.758738975053,490.919429540533,24.0803452827402
"Dairy cattle",2018,4100.863,50,6.29930861,3.149654305,75.87120291,79.020857215,336.2113189,319.309617582144,569.09748058,569.650092622411,284.825046311206,284.825046311206,270.506587681238,299.143504941173,14.3184586299673
"Non-dairy cattle",2018,7848.2319996,50,6.48593384,3.24296692,74.05221633,77.29518325,109.0342241,103.186434836352,364.65556113,364.028075893175,182.014037946587,182.014037946587,172.252151293814,191.77592459936,9.76188665277292
"Cattle",2019,11639.5320002,50,6.40774015572957,3.20387007786479,74.7076533490263,77.9115234268912,190.554931581132,180.778802367214,923.00345774,923.079102023075,461.539551011538,461.539551011538,437.846526429733,485.232575593342,23.6930245818046
"Dairy cattle",2019,4011.674,50,6.26008881,3.130044405,75.96102055,79.091064955,343.6576804,326.514148595202,565.3685445,566.056626010264,283.028313005132,283.028313005132,268.909306905765,297.147319104499,14.1190060993669
"Non-dairy cattle",2019,7627.8580002,50,6.48539355,3.242696775,74.04847739,77.291174165,110.0345133,104.133078321422,357.63491324,357.022476012811,178.511238006406,178.511238006406,168.937219523968,188.085256488843,9.57401848243771
"Cattle",2020,11301.8599999,50,6.39681190877066,3.19840595438533,74.7303587511115,77.9287647054968,193.744329767434,183.8463913131,908.06786401,908.232092823972,454.116046411986,454.116046411986,430.898262146405,477.333830677567,23.2177842655813
"Dairy cattle",2020,3921.41,50,6.22641088,3.11320544,76.04631122,79.15951666,349.6069577,332.284922165037,559.11152969,559.870766175122,279.935383087561,279.935383087561,266.065376937692,293.80538923743,13.8700061498693
"Non-dairy cattle",2020,7380.4499999,50,6.48735006,3.24367503,74.03116166,77.27483669,110.9307794,104.977441685912,348.95633432,348.36132664885,174.180663324425,174.180663324425,164.832885208713,183.528441440137,9.34777811571206
"Cattle",2021,11039.6639999,50,6.3942451731765,3.19712258658825,74.7312539866064,77.9283765731947,194.689385013917,184.749364448886,890.8119418,890.980946386254,445.490473193127,445.490473193127,422.727321898147,468.253624488107,22.7631512949803
"Dairy cattle",2021,3832.716,50,6.22102716,3.11051358,76.05996401,79.17047759,350.8188432,333.455711076413,547.87954248,548.629738764535,274.314869382268,274.314869382268,260.738160454368,287.891578310167,13.5767089278992
"Non-dairy cattle",2021,7206.9479999,50,6.48636398,3.24318199,74.02463474,77.26781673,111.6584165,105.666069546691,342.93239932,342.351207621719,171.175603810859,171.175603810859,161.989161443778,180.36204617794,9.18644236708113
"Cattle",2022,10996.961,50,6.40146955896084,3.20073477948042,74.7075198220474,77.9082546015278,193.391569408422,183.49416344745,883.03056537,883.250013450188,441.625006725094,441.625006725094,419.006864396426,464.243149053762,22.6181423286678
"Dairy cattle",2022,3809.717,50,6.23749378,3.11874689,76.02396197,79.14270886,347.8038206,330.534421414272,541.29133189,542.081873868262,271.040936934131,271.040936934131,257.583022275476,284.498851592787,13.4579146586555
"Non-dairy cattle",2022,7187.244,50,6.48838762,3.24419381,74.00971799,77.2539118,111.5428137,105.553054106986,341.73923348,341.168139581925,170.584069790963,170.584069790963,161.42384212095,179.744297460975,9.16022767001226
"Cattle",2023,10836.1959995,50,6.38718533185704,3.19359266592852,74.7152446753725,77.908837341301,196.862847257799,186.859369932685,880.6499035,880.72335222791,440.361676113955,440.361676113955,417.958865839845,462.764486388065,22.40281027411
"Dairy cattle",2023,3712.815,50,6.17217295,3.086086475,76.19530917,79.281395645,359.4240599,341.814835876285,539.59271606,540.226940492506,270.113470246253,270.113470246253,256.879830264798,283.347110227708,13.2336399814547
"Non-dairy cattle",2023,7123.3809995,50,6.49925307,3.249626535,73.94381245,77.193438985,112.1334598,106.094213846302,341.05718744,340.496411735404,170.248205867702,170.248205867702,161.079035575047,179.417376160357,9.16917029265537
"Cattle",2024,10461.2850002,50,6.38090990480371,3.19045495240185,74.7202940466204,77.9107489990223,199.57196187945,189.47038055677,859.11922667,859.24399226801,429.621996134005,429.621996134005,407.844510950723,451.399481317287,21.7774851832818
"Dairy cattle",2024,3589.431,50,6.13742843,3.068714215,76.29516577,79.363879985,365.9821575,348.182619730638,528.14545661,528.809999500509,264.404999750254,264.404999750254,251.545665810012,277.264333690496,12.859333940242
"Non-dairy cattle",2024,6871.8540002,50,6.50808955,3.254044775,73.89767858,77.151723355,112.6495804,106.568934840153,330.97377006,330.433992767502,165.216996383751,165.216996383751,156.298845140711,174.135147626791,8.91815124303977
