"Animal","Year","Population_size_1000s","Red_in_perc","Ym_org_in_perc","Ym_upd_in_perc","DE_org_in_perc","DE_upd_in_perc","GE_org_in_MJ_per_head_per_day","GE_upd_in_MJ_per_head_per_day","Ch4_emission_org_in_kt_CRT","Ch4_emission_org_in_kt","Ch4_emission_upd_in_kt_Ym","CH4_Ym_in_kt_diff","CH4_emis_upd_in_kt_Ym_DE","CH4_Ym_De_in_kt_diff","CH4_Ym_and_Ym_DE_in_kt_diff"
"Cattle",1990,8033.974999463,10,6.5,5.85,72.6468832562783,73.2968832562783,149.836589062939,148.096109229652,512.897391839479,513.203259927719,461.882933934947,51.3203259927719,456.517769545656,56.6854903820628,5.36516438929084
"Dairy cattle",1990,3440.814999753,10,6.5,5.85,75.809914175,76.459914175,169.272003176121,167.430819083525,248.587068848727,248.30616870653,223.475551835877,24.830616870653,221.044791737315,27.2613769692155,2.43076009856244
"Non-dairy cattle",1990,4593.15999971,10,6.5,5.85,70.2774025,70.9274025,135.277186731805,133.612146187807,264.310322990752,264.897091221189,238.40738209907,26.4897091221189,235.472977808341,29.4241134128473,2.93440429072839
"Cattle",1991,8100.064556988,10,6.5,5.85,72.6047653930015,73.2547653930015,154.389138682835,152.596021660191,532.839503324315,533.146149473079,479.831534525771,53.3146149473079,474.258641899386,58.887507573693,5.57289262638511
"Dairy cattle",1991,3429.495556698,10,6.5,5.85,75.8069211833333,76.4569211833333,177.829607961111,175.895220122132,260.330988023434,260.001209336939,234.001088403245,26.0001209336939,231.45568066769,28.5455286692492,2.5454077355553
"Non-dairy cattle",1991,4670.56900029,10,6.5,5.85,70.2534931916667,70.9034931916667,137.177320330131,135.487935344607,272.508515300881,273.144940136139,245.830446122525,27.3144940136139,242.802961231696,30.3419789044437,3.02748489082981
"Cattle",1992,8144.3208997,10,6.5,5.85,72.5974070230245,73.2474070230245,156.491000111115,154.672422597536,543.060366433186,543.357036727804,489.021333055024,54.3357036727804,483.338429889201,60.0186068386039,5.68290316582346
"Dairy cattle",1992,3467.8239,10,6.5,5.85,75.790509675,76.440509675,178.903519300945,176.956776180489,264.83368553553,264.494698618421,238.045228756579,26.4494698618421,235.454933645281,29.0397649731405,2.59029511129833
"Non-dairy cattle",1992,4676.4969997,10,6.5,5.85,70.2295839083333,70.8795839083333,139.871152025959,138.147614828821,278.226680897656,278.862338109383,250.976104298445,27.8862338109383,247.88349624392,30.9788418654634,3.09260805452516
"Cattle",1993,8308.1019996,10,6.5,5.85,72.5972905503248,73.2472905503248,158.862864733571,157.015978243091,562.203351998316,562.684901645665,506.416411481099,56.2684901645663,500.528983789988,62.1559178556772,5.88742769111093
"Dairy cattle",1993,3550.14,10,6.5,5.85,75.7801873583333,76.4301873583333,180.336811374113,178.374044589515,273.271341378314,272.942345115713,245.648110604142,27.2942345115713,242.974502545314,29.9678425703988,2.67360805882754
"Non-dairy cattle",1993,4757.9619996,10,6.5,5.85,70.222381025,70.872381025,142.840139681781,141.079716947716,288.932010620002,289.742556529952,260.768300876957,28.9742556529951,257.554481244674,32.1880752852784,3.21381963228333
"Cattle",1994,8887.0319999,10,6.5,5.85,72.6265687410922,73.2765687410922,158.192107883381,156.352415184333,598.918316235241,599.352897718683,539.417607946815,59.9352897718682,533.144459125705,66.2084385929782,6.27314882111
"Dairy cattle",1994,3839.184,10,6.5,5.85,75.7721263666666,76.4221263666666,176.427954190358,174.507404441675,289.099082176611,288.766878058157,259.890190252341,28.8766878058157,257.061091871277,31.7057861868796,2.82909838106394
"Non-dairy cattle",1994,5047.8479999,10,6.5,5.85,70.2341879666667,70.8841879666667,144.32267889709,142.544482719184,309.81923405863,310.586019660526,279.527417694473,31.0586019660526,276.083367254427,34.5026524060987,3.44405044004606
"Cattle",1995,9272.3260004,10,6.5,5.85,72.6877254169421,73.3377254169421,157.142154853484,155.318139452539,621.065156200952,621.187129608398,559.068416647558,62.1187129608397,552.579073268641,68.6080563397568,6.48934337891706
"Dairy cattle",1995,4089.818,10,6.5,5.85,75.781821,76.431821,176.420074026747,174.50000276012,307.979850702136,307.604747801352,276.844273021217,30.7604747801352,273.831233054587,33.7735147467649,3.01303996662978
"Non-dairy cattle",1995,5182.5080004,10,6.5,5.85,70.245994925,70.895994925,141.928829407335,140.180617267753,313.085305498816,313.582381807046,282.224143626341,31.3582381807046,278.747840214054,34.8345415929919,3.47630341228734
"Cattle",1996,9017.27699969,10,6.5,5.85,72.8115915144166,73.4615915144167,166.136777654755,164.212465697027,638.432564480074,638.678425609811,574.81058304883,63.8678425609812,568.152726227461,70.5256993823507,6.65785682136948
"Dairy cattle",1996,4165.098,10,6.5,5.85,75.7866582083333,76.4366582083333,183.745832521498,181.746235237163,326.70229589219,326.274982105526,293.647483894974,32.6274982105527,290.45189190091,35.8230902046158,3.19559199406308
"Non-dairy cattle",1996,4852.17899969,10,6.5,5.85,70.2578019,70.9078019,151.021210151567,149.161522924977,311.730268587884,312.403443504285,281.163099153856,31.2403443504285,277.70083432655,34.7026091777349,3.46226482730634
"Cattle",1997,9061.999999841,10,6.5,5.85,72.837432253662,73.487432253662,166.553587426557,164.625769590917,643.235332799773,643.456365751166,579.110729176049,64.3456365751165,572.407661354057,71.0487043971086,6.70306782199214
"Dairy cattle",1997,4255.999999971,10,6.5,5.85,75.7625397916667,76.4125397916667,184.217884686088,182.212130089481,334.701895738797,334.25234503167,300.827110528503,33.425234503167,297.551720841151,36.7006241905192,3.27538968735223
"Non-dairy cattle",1997,4805.99999987,10,6.5,5.85,70.24707485,70.89707485,150.910797343726,149.051997164074,308.533437060976,309.204020719496,278.283618647546,30.9204020719495,274.855940512906,34.3480802065894,3.4276781346399
"Cattle",1998,8776.00000034,10,6.5,5.85,72.9660835971051,73.6160835971051,166.493750281167,164.570321887347,622.711328467431,622.924773470531,560.632296123478,62.2924773470531,554.155560059597,68.7692134109345,6.47673606388139
"Dairy cattle",1998,4344.0000003,10,6.5,5.85,75.754334,76.404334,180.632511679268,178.665453843942,334.942725012752,334.523621571741,301.071259414566,33.4523621571741,297.792643763834,36.7309778079066,3.27861565073249
"Non-dairy cattle",1998,4432.00000004,10,6.5,5.85,70.2331955666667,70.8831955666667,152.6357224118,150.755057170937,287.768603454679,288.401151898791,259.561036708911,28.8401151898791,256.362916295763,32.0382356030279,3.19812041314884
"Cattle",1999,8960.113939381,10,6.5,5.85,72.888568065962,73.538568065962,163.601814750784,161.712104019359,624.568188735451,624.94630049993,562.451670449937,62.494630049993,555.954976270987,68.9913242289432,6.49669417895018
"Dairy cattle",1999,4316.408939631,10,6.5,5.85,75.7602185833333,76.4102185833333,183.094923926728,181.101298421726,337.349760791305,336.930200157246,303.237180141521,33.6930200157246,299.935388025008,36.994812132238,3.30179211651341
"Non-dairy cattle",1999,4643.70499975,10,6.5,5.85,70.2193162583333,70.8693162583333,145.482612365452,143.689492321345,287.218427944146,288.016100342684,259.214490308416,28.8016100342684,256.019588245979,31.9965120967052,3.19490206243677
"Cattle",2000,9192.165003194,10,6.5,5.85,72.9792783767369,73.6292783767369,168.495104003462,166.551852483504,659.807110519022,660.307378041518,594.276640237366,66.030737804152,587.422856614117,72.884521427401,6.853783623249
"Dairy cattle",2000,4598.135669824,10,6.5,5.85,75.7506426166667,76.4006426166667,186.458503693198,184.427843583677,365.937653096917,365.514851948897,328.963366754007,36.5514851948898,325.380731620025,40.1341203288724,3.58263513398265
"Non-dairy cattle",2000,4594.02933337,10,6.5,5.85,70.205436975,70.855436975,150.515647872282,148.659883071358,293.869457422105,294.792526092621,265.313273483359,29.4792526092621,262.042124994092,32.7504010985285,3.27114848926635
"Cattle",2001,9424.215996981,10,6.5,5.85,73.0718879352388,73.7218879352389,171.687137574058,169.711823813566,689.264168527445,689.80135593569,620.821220342121,68.9801355935691,613.678479676311,76.1228762593796,7.14274066581049
"Dairy cattle",2001,4879.862330501,10,6.5,5.85,75.732110225,76.382110225,190.200617177732,188.128392376948,396.114415689077,395.694983300301,356.125484970271,39.5694983300301,352.245518264079,43.4494650362219,3.87996670619174
"Non-dairy cattle",2001,4544.35366648,10,6.5,5.85,70.215262,70.865262,151.80681171147,149.935563912751,293.149752838368,294.10637263539,264.695735371851,29.410637263539,261.432961412232,32.6734112231578,3.26277395961876
"Cattle",2002,9652.87,10,6.5,5.85,73.1655868560548,73.8155868560548,170.889624697796,168.927344295021,702.790955068647,703.255610802888,632.930049722599,70.3255610802889,625.66228121357,77.5933295893174,7.26776850902843
"Dairy cattle",2002,5161.589,10,6.5,5.85,75.7312599416667,76.3812599416667,188.345310186705,186.293262009255,414.980968095413,414.456813170242,373.011131853218,41.4456813170242,368.947124034126,45.5096891361162,4.06400781909201
"Non-dairy cattle",2002,4491.281,10,6.5,5.85,70.216996025,70.866996025,150.828739127062,148.969624025749,287.809986973234,288.798797632645,259.918917869381,28.8798797632646,256.715157179444,32.083640453201,3.20376068993642
"Cattle",2003,9728.218955908,10,6.5,5.85,73.1141979642781,73.7641979642781,174.784793509651,172.777788250506,724.570845934829,724.899892009153,652.409902808238,72.4899892009153,644.918461019955,79.9814309891974,7.49144178828215
"Dairy cattle",2003,5101.602955908,10,6.5,5.85,75.740082075,76.390082075,196.101251441704,193.965099118847,427.118207172293,426.508875600912,383.857988040821,42.6508875600912,379.676581105514,46.8322944953984,4.18140693530722
"Non-dairy cattle",2003,4626.616,10,6.5,5.85,70.2187300583333,70.8687300583333,151.279902506021,149.415303066157,297.452638762536,298.391016408241,268.551914767417,29.839101640824,265.241879914442,33.1491364937991,3.31003485297504
"Cattle",2004,9599.889569218,10,6.5,5.85,73.1910234504973,73.8410234504973,176.753736471532,174.723853628512,723.091324452256,723.395650120677,651.05608510861,72.3395650120677,643.579198886074,79.8164512346033,7.47688622253554
"Dairy cattle",2004,5152.491569218,10,6.5,5.85,75.755076125,76.405076125,192.899479752556,190.798869586653,424.393661397803,423.730181056546,381.357162950892,42.3730181056547,377.204312282958,46.5258687735885,4.15285066793376
"Non-dairy cattle",2004,4447.398,10,6.5,5.85,70.2204640833333,70.8704640833333,158.04823583178,156.100293470558,298.697663054453,299.665469064131,269.698922157718,29.9665469064131,266.374886603116,33.2905824610148,3.32403555460172
"Cattle",2005,9510.804,10,6.5,5.85,73.2069317266018,73.8569317266018,177.376245068953,175.339311025387,718.759199698933,719.206727470949,647.286054723854,71.9206727470947,639.852821484083,79.3539059868654,7.43323323977063
"Dairy cattle",2005,5087.178,10,6.5,5.85,75.7878957416667,76.4378957416667,192.840917609486,190.742398661432,418.873347123789,418.231919951073,376.408727955965,41.8231919951072,372.31260117115,45.9193187799227,4.09612678481545
"Non-dairy cattle",2005,4423.626,10,6.5,5.85,70.2388183833333,70.8888183833333,159.591843330333,157.625732039696,299.885852575144,300.974807519876,270.877326767889,30.0974807519876,267.540220312933,33.4345872069428,3.33710645495518
"Cattle",2006,9608.692,10,6.5,5.85,73.2364213921577,73.8864213921577,176.955260180783,174.923487433363,724.586908949454,724.88448096195,652.396032865755,72.488448096195,644.905323187234,79.9791577747155,7.49070967852049
"Dairy cattle",2006,5169.557,10,6.5,5.85,75.7811998833333,76.4311998833333,190.937391813559,188.859293814969,421.497856163466,420.809336100871,378.728402490784,42.0809336100872,374.606450641804,46.2028854590667,4.12195184897956
"Non-dairy cattle",2006,4439.135,10,6.5,5.85,70.2729211916667,70.9229211916667,160.672487420518,158.694662351298,303.089052785988,304.075144861079,273.667630374971,30.4075144861079,270.29887254543,33.7762723156488,3.36875782954098
"Cattle",2007,9654.467,10,6.5,5.85,73.3104563887604,73.9604563887604,174.325918658949,172.328540069429,717.391547053906,717.51554971325,645.763994741925,71.751554971325,638.365007907939,79.1505418053114,7.39898683398633
"Dairy cattle",2007,5260.85,10,6.5,5.85,75.8187833083333,76.4687833083333,189.072508538157,187.016337315956,424.704402090773,424.058094837948,381.652285354153,42.4058094837947,377.501801224547,46.5562936134004,4.15048412960567
"Non-dairy cattle",2007,4393.617,10,6.5,5.85,70.3070239833333,70.9570239833333,156.668576800059,154.741595612416,292.687144963133,293.457454875302,264.111709387772,29.3457454875302,260.863206683391,32.594248191911,3.24850270438077
"Cattle",2008,9715.312,10,6.5,5.85,73.5642315970285,74.2142315970285,176.009681082983,174.002703444749,729.045899161131,729.011468750158,656.110321875142,72.9011468750159,648.628922351461,80.3825463986974,7.48139952368149
"Dairy cattle",2008,5578.44,10,6.5,5.85,75.9544288666667,76.6044288666667,188.095924453199,186.05620530764,447.989509280251,447.335334922534,402.601801430281,44.7335334922534,398.23597263946,49.0993622830738,4.36582879082044
"Non-dairy cattle",2008,4136.872,10,6.5,5.85,70.3411267833333,70.9911267833333,159.711767232579,157.748940473107,281.05638988088,281.676133827624,253.508520444861,28.1676133827624,250.392949712,31.2831841156235,3.11557073286107
"Cattle",2009,9961.494,10,6.5,5.85,73.6962118289688,74.3462118289688,175.8031239846,173.80411828514,746.548195857983,746.607104560377,671.946394104339,74.6607104560376,664.305888969382,82.3012155909942,7.64050513495658
"Dairy cattle",2009,5860.775,10,6.5,5.85,76.0338242333333,76.6838242333333,187.30115248827,185.27343573341,468.728259043407,467.989975949571,421.190978354614,46.798997594957,416.63117724042,51.3587987091504,4.55980111419342
"Non-dairy cattle",2009,4100.719,10,6.5,5.85,70.3552805583333,71.0052805583333,159.370064805563,157.41209313836,277.819936814576,278.617128610806,250.755415749725,27.8617128610806,247.674711728962,30.9424168818438,3.08070402076319
"Cattle",2010,9863.971,10,6.5,5.85,73.8019655617459,74.4519655617459,178.625169736883,176.601929940592,751.188243064904,751.165258738906,676.048732865016,75.1165258738907,668.391308647703,82.773950091203,7.65742421731227
"Dairy cattle",2010,5915.451,10,6.5,5.85,76.1037445666667,76.7537445666667,193.607191954111,191.514277068741,488.987268126847,488.259160167241,439.433244150517,48.8259160167241,434.682922798678,53.5762373685627,4.75032135183858
"Non-dairy cattle",2010,3948.52,10,6.5,5.85,70.353569475,71.003569475,156.179945119325,154.261088630037,262.200974938057,262.906098571665,236.615488714499,26.2906098571665,233.708385849025,29.1977127226403,2.90710286547375
"Cattle",2011,10020.917,10,6.5,5.85,73.9533881098247,74.6033881098247,180.505767420631,178.467582192481,771.154250962129,771.151309237615,694.036178313853,77.1151309237615,686.199452060423,84.9518571771916,7.83672625343013
"Dairy cattle",2011,6174.503,10,6.5,5.85,76.1969653333333,76.8469653333333,194.661173540216,192.560967662633,513.187025138531,512.415662177537,461.174095959783,51.2415662177538,456.198473295496,56.2171888820415,4.97562266428764
"Non-dairy cattle",2011,3846.414,10,6.5,5.85,70.3518584,71.0018584,157.782629050295,155.844003226303,257.967225823598,258.735647060077,232.86208235407,25.8735647060077,230.000978764927,28.7346682951502,2.86110358914246
"Cattle",2012,10179.691,10,6.5,5.85,74.0718996335379,74.7218996335379,183.204396720506,181.140294417543,795.137316589529,795.081301385851,715.573171247266,79.5081301385851,707.511049064883,87.5702523209684,8.06212218238329
"Dairy cattle",2012,6445.279,10,6.5,5.85,76.2282929333333,76.8782929333333,196.178731533617,194.063538590437,539.845415841722,539.057007642249,485.151306878024,53.9057007642251,479.920420672058,59.1365869701906,5.23088620596559
"Non-dairy cattle",2012,3734.412,10,6.5,5.85,70.3501473333333,71.0001473333333,160.811793089758,158.835868907067,255.291900747807,256.024293743602,230.421864369242,25.6024293743602,227.590628392824,28.4336653507778,2.83123597641762
"Cattle",2013,10182.123,10,6.5,5.85,74.1711213458787,74.8211213458787,184.740039001914,182.666199447438,802.146682478932,801.93731551439,721.743583962951,80.193731551439,713.641494125259,88.2958213891301,8.1020898376911
"Dairy cattle",2013,6483.601,10,6.5,5.85,76.353264175,77.003264175,200.918679301159,198.758024450717,556.213590500488,555.363902059234,499.82751185331,55.5363902059235,494.452428055096,60.9114740041377,5.37508379821418
"Non-dairy cattle",2013,3698.522,10,6.5,5.85,70.345770725,70.995770725,156.378480405582,154.456830222897,245.933091978444,246.573413455156,221.91607210964,24.6573413455155,219.189066070163,27.3843473849924,2.72700603947683
"Cattle",2014,10367.923,10,6.5,5.85,74.3197997625995,74.9697997625995,184.647050594615,182.582211025728,816.536717211122,816.159782660479,734.543804394431,81.6159782660479,726.329673123394,89.8301095370853,8.21413127103733
"Dairy cattle",2014,6698.063,10,6.5,5.85,76.4971651,77.1471651,201.731255338586,199.568351442515,576.926411796,576.054364691492,518.448928222343,57.6054364691493,512.890269476658,63.1640952148341,5.55865874568485
"Non-dairy cattle",2014,3669.86,10,6.5,5.85,70.345770725,70.995770725,153.465730413459,151.579873432882,239.610305415122,240.105417968987,216.094876172088,24.0105417968987,213.439403646736,26.6660143222512,2.65547252535251
"Cattle",2015,10032.765,10,6.5,5.85,74.3337249323196,74.9837249323196,189.936805794045,187.816324114397,812.633356436392,812.401697742943,731.161527968649,81.2401697742941,722.99873604194,89.4029617010033,8.16279192670913
"Dairy cattle",2015,6485.536,10,6.5,5.85,76.5149150166667,77.1649150166667,210.318538773007,208.064396269864,582.380088932405,581.519767965439,523.367791168895,58.1519767965439,517.758463575938,63.7613043895005,5.60932759295667
"Non-dairy cattle",2015,3547.229,10,6.5,5.85,70.345770725,70.995770725,152.672094951455,150.795990525875,230.253267503987,230.881929777504,207.793736799754,23.0881929777504,205.240272466001,25.6416573115028,2.5534643337524
"Cattle",2016,10151.852,10,6.5,5.85,74.3966166444457,75.0466166444457,186.563705010211,184.482008752887,807.533191695748,807.446001177772,726.701401059995,80.7446001177773,718.592795012018,88.8532061657542,8.10860604797688
"Dairy cattle",2016,6618.799,10,6.5,5.85,76.5589203083333,77.2089203083333,204.65215972666,202.460752050629,578.339584966595,577.479507245812,519.731556521231,57.7479507245813,514.166290442646,63.3132168031667,5.56526607858541
"Non-dairy cattle",2016,3533.053,10,6.5,5.85,70.345770725,70.995770725,152.676909089296,150.800745505392,229.193606729153,229.96649393196,206.969844538764,22.996649393196,204.426504569373,25.5399893625874,2.54333996939138
"Cattle",2017,10145.656,10,6.5,5.85,74.3381307706833,74.9881307706834,188.045336773003,185.946127527856,813.460808203549,813.361765965223,732.025589368701,81.3361765965221,723.853757451688,89.5080085135355,8.17183191701338
"Dairy cattle",2017,6529.759,10,6.5,5.85,76.5489264083334,77.1989264083334,208.2913070095,206.060468596037,580.720901534035,579.841573540937,521.857416186844,57.9841573540936,516.268226762212,63.5733467787254,5.58918942463185
"Non-dairy cattle",2017,3615.897,10,6.5,5.85,70.345770725,70.995770725,151.484199559887,149.622692535371,232.739906669514,233.520192424286,210.168173181858,23.3520192424286,207.585530689476,25.93466173481,2.58264249238147
"Cattle",2018,10107.187,10,6.5,5.85,74.2488018265312,74.8988018265312,189.64088115105,187.520550200248,817.143052827301,817.152884257806,735.437595832025,81.7152884257807,727.214837704341,89.9380465534649,8.22275812768419
"Dairy cattle",2018,6385.932,10,6.5,5.85,76.5232034333333,77.1732034333333,211.422566582117,209.156981600305,576.423285141756,575.594562736958,518.035106463263,57.5594562736959,512.483889409057,63.1106733279016,5.55121705420572
"Non-dairy cattle",2018,3721.255,10,6.5,5.85,70.345770725,70.995770725,152.26199633714,150.390931390618,240.719767685545,241.558321520847,217.402489368763,24.1558321520847,214.730948295284,26.8273732255632,2.67154107347849
"Cattle",2019,10150.889,10,6.5,5.85,74.1172102788002,74.7672102788002,191.298818738201,189.155021084388,827.923169766428,827.860991925258,745.074892732732,82.786099192526,736.725181963523,91.1358099617347,8.34971076920874
"Dairy cattle",2019,6260.894,10,6.5,5.85,76.46046685,77.11046685,215.303096002331,212.992916393044,575.539527506213,574.682110953888,517.213899858499,57.4682110953889,511.66424903007,63.0178619238187,5.54965082842978
"Non-dairy cattle",2019,3889.995,10,6.5,5.85,70.345770725,70.995770725,152.664261239456,150.788253078107,252.383642260215,253.17888097137,227.860992874233,25.317888097137,225.060932933454,28.1179480379159,2.80005994077894
"Cattle",2020,10082.789,10,6.5,5.85,74.1100163178198,74.7600163178198,194.147766239838,191.971483217027,834.65269702684,834.553397468516,751.098057721664,83.4553397468515,742.678687346488,91.8747101220279,8.41937037517641
"Dairy cattle",2020,6200.221,10,6.5,5.85,76.4671806,77.1171806,218.374790286589,216.031978939725,578.093183869628,577.232430644485,519.509187580037,57.7232430644484,513.935687003961,63.2967436405244,5.57350057607596
"Non-dairy cattle",2020,3882.568,10,6.5,5.85,70.345770725,70.995770725,155.458707023833,153.548359436508,256.559513157212,257.32096682403,231.588870141627,25.732096682403,228.743000342527,28.5779664815035,2.84586979910048
"Cattle",2021,10150.248,10,6.5,5.85,74.0621229074494,74.7121229074494,194.478748015683,192.297235780978,841.769045163633,841.569245018496,757.412320516646,84.1569245018496,748.916254695662,92.6529903228335,8.49606582098386
"Dairy cattle",2021,6185.437,10,6.5,5.85,76.4442721416667,77.0942721416667,219.859832405505,217.499964442546,580.60253998263,579.772127548919,521.794914794027,57.977212754892,516.194223257129,63.5779042917906,5.60069153689858
"Non-dairy cattle",2021,3964.811,10,6.5,5.85,70.345770725,70.995770725,154.882132064778,152.978869693862,261.166505181003,261.797117469576,235.617405722619,26.1797117469576,232.722031438533,29.0750860310429,2.89537428408528
"Cattle",2022,9751.189,10,6.5,5.85,74.0841298529946,74.7341298529946,198.271186065801,196.047608543232,824.433002941147,824.248624593046,741.823762133741,82.4248624593047,733.504335211865,90.7442893811813,8.31942692187658
"Dairy cattle",2022,5930.033,10,6.5,5.85,76.4930293333333,77.1430293333333,223.547737292053,221.150717334235,565.978074542575,565.156127941207,508.640515147087,56.5156127941207,503.186550455108,61.9695774860996,5.45396469197885
"Non-dairy cattle",2022,3821.156,10,6.5,5.85,70.345770725,70.995770725,159.044631876999,157.090218807446,258.454928398572,259.092496651838,233.183246986655,25.9092496651839,230.317784756757,28.7747118950816,2.86546222989767
"Cattle",2023,9538.66,10,6.5,5.85,74.1395471181496,74.7895471181496,199.539560940101,197.301621066159,811.546419528866,811.441907866444,730.297717079799,81.1441907866445,722.107048656947,89.3348592094965,8.19066842285201
"Dairy cattle",2023,5884.628,10,6.5,5.85,76.495274675,77.145274675,221.559028260594,219.183443389092,556.66496341542,555.8396432282,500.25567890538,55.5839643228201,494.891872104003,60.9477711241972,5.36380680137705
"Non-dairy cattle",2023,3654.032,10,6.5,5.85,70.345770725,70.995770725,164.078357004488,162.06208722175,254.881456113446,255.602264638244,230.042038174419,25.5602264638243,227.215176552944,28.3870880852993,2.82686162147493
"Cattle",2024,9516.286,10,6.5,5.85,74.1184104909624,74.7684104909624,201.75644780732,199.494252662881,818.682741127112,818.532562729076,736.679306456168,81.8532562729077,728.419286178328,90.1132765507474,8.26002027783966
"Dairy cattle",2024,5836.844,10,6.5,5.85,76.4966150833333,77.1466150833333,225.914805907929,223.492585315376,562.98460393761,562.165038601412,505.94853474127,56.2165038601412,500.523839557184,61.6411990442275,5.42469518408626
"Non-dairy cattle",2024,3679.442,10,6.5,5.85,70.345770725,70.995770725,163.433091295818,161.42475083279,255.698137189502,256.367524127664,230.730771714898,25.6367524127664,227.895446621144,28.47207750652,2.83532509375351
"Cattle",1990,8033.974999463,20,6.5,5.2,72.6468832562783,73.9468832562783,149.836589062939,146.400735131376,512.897391839479,513.203259927719,410.562607942175,102.640651985544,401.148130747568,112.055129180151,9.41447719460734
"Dairy cattle",1990,3440.814999753,20,6.5,5.2,75.809914175,77.109914175,169.272003176121,165.634283322324,248.587068848727,248.30616870653,198.644934965224,49.661233741306,194.375979613953,53.9301890925773,4.2689553512713
"Non-dairy cattle",1990,4593.15999971,20,6.5,5.2,70.2774025,71.5774025,135.277186731805,131.992554027721,264.310322990752,264.897091221189,211.917672976951,52.9794182442377,206.772151133615,58.1249400875737,5.14552184333604
"Cattle",1991,8100.064556988,20,6.5,5.2,72.6047653930015,73.9047653930015,154.389138682835,150.849369844948,532.839503324315,533.146149473079,426.516919578463,106.629229894616,416.737920138242,116.408229334836,9.77899944022067
"Dairy cattle",1991,3429.495556698,20,6.5,5.2,75.8069211833333,77.1069211833333,177.829607961111,174.007743658223,260.330988023434,260.001209336939,208.000967469551,52.0002418673879,203.530668728793,56.470540608146,4.47029874075815
"Non-dairy cattle",1991,4670.56900029,20,6.5,5.2,70.2534931916667,71.5534931916667,137.177320330131,133.844687955429,272.508515300881,273.144940136139,218.515952108912,54.6289880272278,213.207251409449,59.9376887266903,5.30870069946252
"Cattle",1992,8144.3208997,20,6.5,5.2,72.5974070230245,73.8974070230245,156.491000111115,152.900996541407,543.060366433186,543.357036727804,434.685629382244,108.671407345561,424.713663198405,118.643373529399,9.97196618383816
"Dairy cattle",1992,3467.8239,20,6.5,5.2,75.790509675,77.090509675,178.903519300945,175.057259921693,264.83368553553,264.494698618421,211.595758894737,52.8989397236843,207.046646750723,57.4480518676988,4.54911214401449
"Non-dairy cattle",1992,4676.4969997,20,6.5,5.2,70.2295839083333,71.5295839083333,139.871152025959,136.471173173664,278.226680897656,278.862338109383,223.089870487506,55.7724676218766,217.667016447683,61.1953216617003,5.42285403982368
"Cattle",1993,8308.1019996,20,6.5,5.2,72.5972905503248,73.8972905503248,158.862864733571,155.216995474668,562.203351998316,562.684901645665,450.147921316532,112.536980329133,439.817121409082,122.867780236583,10.3307999074498
"Dairy cattle",1993,3550.14,20,6.5,5.2,75.7801873583333,77.0801873583333,180.336811374113,176.458903450685,273.271341378314,272.942345115713,218.35387609257,54.5884690231426,213.658460776315,59.2838843393979,4.69541531625538
"Non-dairy cattle",1993,4757.9619996,20,6.5,5.2,70.222381025,71.522381025,142.840139681781,139.36740542155,288.932010620002,289.742556529952,231.794045223962,57.9485113059904,226.158660632767,63.5838958971848,5.63538459119448
"Cattle",1994,8887.0319999,20,6.5,5.2,72.6265687410922,73.9265687410922,158.192107883381,154.560453314897,598.918316235241,599.352897718683,479.482318174946,119.870579543736,468.47472636391,130.878171354772,11.007591811036
"Dairy cattle",1994,3839.184,20,6.5,5.2,75.7721263666666,77.0721263666666,176.427954190358,172.633463650655,289.099082176611,288.766878058157,231.013502446526,57.7533756116314,226.045023649616,62.7218544085412,4.96847879690986
"Non-dairy cattle",1994,5047.8479999,20,6.5,5.2,70.2341879666667,71.5341879666667,144.32267889709,140.814870620201,309.81923405863,310.586019660526,248.468815728421,62.1172039321052,242.429702714295,68.1563169462313,6.03911301412614
"Cattle",1995,9272.3260004,20,6.5,5.2,72.6877254169421,73.9877254169421,157.142154853484,153.541362798153,621.065156200952,621.187129608398,496.949703686718,124.23742592168,485.562482055435,135.624647552963,11.3872216312833
"Dairy cattle",1995,4089.818,20,6.5,5.2,75.781821,77.081821,176.420074026747,172.626519594259,307.979850702136,307.604747801352,246.083798241082,61.5209495602705,240.792267281633,66.8124805197197,5.29153095944926
"Non-dairy cattle",1995,5182.5080004,20,6.5,5.2,70.245994925,71.545994925,141.928829407335,138.480157337108,313.085305498816,313.582381807046,250.865905445637,62.7164763614091,244.770214773802,68.8121670332432,6.09569067183403
"Cattle",1996,9017.27699969,20,6.5,5.2,72.8115915144166,74.1115915144166,166.136777654755,162.337888548174,638.432564480074,638.678425609811,510.942740487849,127.735685121962,499.259506719108,139.418918890703,11.683233768741
"Dairy cattle",1996,4165.098,20,6.5,5.2,75.7866582083333,77.0866582083333,183.745832521498,179.795150849238,326.70229589219,326.274982105526,261.019985684421,65.2549964211053,255.407848204152,70.8671339013742,5.61213748026898
"Non-dairy cattle",1996,4852.17899969,20,6.5,5.2,70.2578019,71.5578019,151.021210151567,147.352619393783,311.730268587884,312.403443504285,249.922754803428,62.4806887008569,243.851658514956,68.5517849893289,6.07109628847198
"Cattle",1997,9061.999999841,20,6.5,5.2,72.837432253662,74.137432253662,166.553587426557,162.747744032885,643.235332799773,643.456365751166,514.765092600933,128.691273150233,503.002419954615,140.453945796551,11.7626726463176
"Dairy cattle",1997,4255.999999971,20,6.5,5.2,75.7625397916667,77.0625397916667,184.217884686088,180.255061801654,334.701895738797,334.25234503167,267.401876025336,66.8504690063339,261.649631744281,72.6027132873893,5.75224428105537
"Non-dairy cattle",1997,4805.99999987,20,6.5,5.2,70.24707485,71.54707485,150.910797343726,147.243968663473,308.533437060976,309.204020719496,247.363216575597,61.8408041438991,241.352788210335,67.8512325091613,6.01042836526219
"Cattle",1998,8776.00000034,20,6.5,5.2,72.9660835971051,74.2660835971051,166.493750281167,162.696481655379,622.711328467431,622.924773470531,498.339818776425,124.584954694106,486.974045853265,135.950727617266,11.3657729231597
"Dairy cattle",1998,4344.0000003,20,6.5,5.2,75.754334,77.054334,180.632511679268,176.746151040632,334.942725012752,334.523621571741,267.618897257392,66.9047243143481,261.860999419472,72.662622152269,5.75789783792089
"Non-dairy cattle",1998,4432.00000004,20,6.5,5.2,70.2331955666667,71.5331955666667,152.6357224118,148.925776823879,287.768603454679,288.401151898791,230.720921519032,57.6802303797581,225.113046433794,63.2881054649969,5.60787508523879
"Cattle",1999,8960.113939381,20,6.5,5.2,72.888568065962,74.188568065962,163.601814750784,159.87110568558,624.568188735451,624.94630049993,499.957040399944,124.989260099986,488.556223937892,136.390076562039,11.4008164620525
"Dairy cattle",1999,4316.408939631,20,6.5,5.2,75.7602185833333,77.0602185833333,183.094923926728,179.156067111849,337.349760791305,336.930200157246,269.544160125797,67.3860400314492,263.745551244388,73.1846489128581,5.79860888140888
"Non-dairy cattle",1999,4643.70499975,20,6.5,5.2,70.2193162583333,71.5193162583333,145.482612365452,141.945380449962,287.218427944146,288.016100342684,230.412880274148,57.6032200685368,224.810672693504,63.2054276491805,5.60220758064369
"Cattle",2000,9192.165003194,20,6.5,5.2,72.9792783767369,74.2792783767369,168.495104003462,164.658620133376,659.807110519022,660.307378041518,528.245902433214,132.061475608304,516.218212393732,144.089165647787,12.0276900394828
"Dairy cattle",2000,4598.135669824,20,6.5,5.2,75.7506426166667,77.0506426166667,186.458503693198,182.446486329537,365.937653096917,365.514851948897,292.411881559118,73.1029703897795,286.120071194243,79.3947807546542,6.29181036487472
"Non-dairy cattle",2000,4594.02933337,20,6.5,5.2,70.205436975,71.505436975,150.515647872282,146.854854394983,293.869457422105,294.792526092621,235.834020874097,58.9585052185242,230.098141199489,64.6943848931323,5.73587967460807
"Cattle",2001,9424.215996981,20,6.5,5.2,73.0718879352388,74.3718879352388,171.687137574058,167.787235140581,689.264168527445,689.80135593569,551.841084748552,137.960271187138,539.305920963351,150.49543497234,12.5351637852013
"Dairy cattle",2001,4879.862330501,20,6.5,5.2,75.732110225,77.032110225,190.200617177732,186.106498687141,396.114415689077,395.694983300301,316.555986640241,79.1389966600602,309.742035468883,85.9529478314178,6.81395117135759
"Non-dairy cattle",2001,4544.35366648,20,6.5,5.2,70.215262,71.515262,151.80681171147,148.11546426527,293.149752838368,294.10637263539,235.285098108312,58.821274527078,229.563885494468,64.5424871409218,5.72121261384379
"Cattle",2002,9652.87,20,6.5,5.2,73.1655868560548,74.4655868560548,170.889624697796,167.015358353786,702.790955068647,703.255610802888,562.60448864231,140.651122160578,549.849591209593,153.406019593295,12.754897432717
"Dairy cattle",2002,5161.589,20,6.5,5.2,75.7312599416667,77.0312599416667,188.345310186705,184.291055752003,414.980968095413,414.456813170242,331.565450536194,82.8913626340484,324.428290089259,90.028523080983,7.13716044693462
"Non-dairy cattle",2002,4491.281,20,6.5,5.2,70.216996025,71.516996025,150.828739127062,147.161323467532,287.809986973234,288.798797632645,231.039038106116,57.7597595265291,225.421301120334,63.3774965123115,5.61773698578241
"Cattle",2003,9728.218955908,20,6.5,5.2,73.1141979642781,74.4141979642781,174.784793509651,170.822224179094,724.570845934829,724.899892009153,579.919913607322,144.979978401831,566.772472015312,158.127419993841,13.1474415920104
"Dairy cattle",2003,5101.602955908,20,6.5,5.2,75.740082075,77.040082075,196.101251441704,191.880822137091,427.118207172293,426.508875600912,341.20710048073,85.3017751201824,333.863748843634,92.6451267572779,7.34335163709557
"Non-dairy cattle",2003,4626.616,20,6.5,5.2,70.2187300583333,71.5187300583333,151.279902506021,147.601666088732,297.452638762536,298.391016408241,238.712813126593,59.6782032816482,232.908723171678,65.482293236563,5.80408995491482
"Cattle",2004,9599.889569218,20,6.5,5.2,73.1910234504973,74.4910234504972,176.753736471532,172.746005882946,723.091324452256,723.395650120677,578.716520096542,144.679130024136,565.594648129301,157.801001991376,13.1218719672406
"Dairy cattle",2004,5152.491569218,20,6.5,5.2,75.755076125,77.055076125,192.899479752556,188.749255980056,424.393661397803,423.730181056546,338.984144845237,84.7460362113093,331.690915966435,92.0392650901119,7.29322887880261
"Non-dairy cattle",2004,4447.398,20,6.5,5.2,70.2204640833333,71.5204640833333,158.04823583178,154.205589395498,298.697663054453,299.665469064131,239.732375251305,59.9330938128262,233.903732162867,65.7617369012643,5.82864308843807
"Cattle",2005,9510.804,20,6.5,5.2,73.2069317266018,74.5069317266018,177.376245068953,173.354591425108,718.759199698933,719.206727470949,575.365381976759,143.84134549419,562.320116055894,156.886611415054,13.0452659208646
"Dairy cattle",2005,5087.178,20,6.5,5.2,75.7878957416667,77.0878957416667,192.840917609486,188.69479129193,418.873347123789,418.231919951073,334.585535960858,83.6463839902145,327.391866104287,90.840053846786,7.19366985657149
"Non-dairy cattle",2005,4423.626,20,6.5,5.2,70.2388183833333,71.5388183833333,159.591843330333,155.713333489175,299.885852575144,300.974807519876,240.779846015901,60.1949615039752,234.928249951608,66.0465575682684,5.85159606429318
"Cattle",2006,9608.692,20,6.5,5.2,73.2364213921577,74.5364213921577,176.955260180783,172.943786319642,724.586908949454,724.88448096195,579.90758476956,144.97689619239,566.761413721556,158.123067240394,13.1461710480044
"Dairy cattle",2006,5169.557,20,6.5,5.2,75.7811998833333,77.0811998833333,190.937391813559,186.831618876867,421.497856163466,420.809336100871,336.647468880697,84.1618672201743,329.408456899818,91.4008792010532,7.2390119808789
"Non-dairy cattle",2006,4439.135,20,6.5,5.2,70.2729211916667,71.5729211916667,160.672487420518,156.77082874772,303.089052785988,304.075144861079,243.260115888863,60.8150289722158,237.352956821738,66.7221880393412,5.90715906712546
"Cattle",2007,9654.467,20,6.5,5.2,73.3104563887604,74.6104563887604,174.325918658949,170.382247743853,717.391547053906,717.51554971325,574.0124397706,143.50310994265,561.026899920641,156.48864979261,12.9855398499597
"Dairy cattle",2007,5260.85,20,6.5,5.2,75.8187833083333,77.1187833083333,189.072508538157,185.010018773192,424.704402090773,424.058094837948,339.246475870358,84.8116189675895,331.957286412413,92.1008084255349,7.28918945794533
"Non-dairy cattle",2007,4393.617,20,6.5,5.2,70.3070239833333,71.6070239833333,156.668576800059,152.867177763994,292.687144963133,293.457454875302,234.765963900242,58.6914909750604,229.069613508228,64.3878413670748,5.69635039201438
"Cattle",2008,9715.312,20,6.5,5.2,73.5642315970285,74.8642315970285,176.009681082983,172.046824026992,729.045899161131,729.011468750158,583.209175000126,145.802293750032,570.078223452193,158.933245297965,13.1309515479331
"Dairy cattle",2008,5578.44,20,6.5,5.2,75.9544288666667,77.2544288666667,188.095924453199,184.065803074,447.989509280251,447.335334922534,357.868267938028,89.4670669845068,350.200624092226,97.1347108303084,7.66764384580165
"Non-dairy cattle",2008,4136.872,20,6.5,5.2,70.3411267833333,71.6411267833333,159.711767232579,155.839613971909,281.05638988088,281.676133827624,225.340907062099,56.3352267655247,219.877599359967,61.7985344676562,5.46330770213152
"Cattle",2009,9961.494,20,6.5,5.2,73.6962118289688,74.9962118289688,175.8031239846,171.855872750802,746.548195857983,746.607104560377,597.285683648301,149.321420912075,583.875019501532,162.732085058844,13.410664146769
"Dairy cattle",2009,5860.775,20,6.5,5.2,76.0338242333333,77.3338242333333,187.30115248827,183.294666348404,468.728259043407,467.989975949571,374.391980759657,93.5979951899141,366.383507443485,101.606468506085,8.00847331617121
"Non-dairy cattle",2009,4100.719,20,6.5,5.2,70.3552805583333,71.6552805583333,159.370064805563,155.507472495387,277.819936814576,278.617128610806,222.893702888645,55.7234257221612,217.491512058047,61.1256165527589,5.4021908305977
"Cattle",2010,9863.971,20,6.5,5.2,73.8019655617459,75.1019655617459,178.625169736883,174.629875133841,751.188243064904,751.165258738906,600.932206991125,150.233051747781,587.491205328691,163.674053410216,13.4410016624344
"Dairy cattle",2010,5915.451,20,6.5,5.2,76.1037445666667,77.4037445666667,193.607191954111,189.471811447937,488.987268126847,488.259160167241,390.607328133793,97.6518320334482,382.264095044001,105.99506512324,8.34323308979162
"Non-dairy cattle",2010,3948.52,20,6.5,5.2,70.353569475,71.653569475,156.179945119325,152.394519352141,262.200974938057,262.906098571665,210.324878857332,52.5812197143331,205.227110284689,57.6789882869759,5.09776857264279
"Cattle",2011,10020.917,20,6.5,5.2,73.9533881098247,75.2533881098247,180.505767420631,176.480808413434,771.154250962129,771.151309237615,616.921047390092,154.230261847523,603.16480036317,167.986508874445,13.7562470269216
"Dairy cattle",2011,6174.503,20,6.5,5.2,76.1969653333333,77.4969653333333,194.661173540216,190.511290834747,513.187025138531,512.415662177537,409.93252974203,102.483132435507,401.193386313235,111.222275864302,8.73914342879476
"Non-dairy cattle",2011,3846.414,20,6.5,5.2,70.3518584,71.6518584,157.782629050295,153.958205333825,257.967225823598,258.735647060077,206.988517648062,51.7471294120155,201.971414049935,56.7642330101424,5.01710359812691
"Cattle",2012,10179.691,20,6.5,5.2,74.0718996335379,75.3718996335379,183.204396720506,179.128145903825,795.137316589529,795.081301385851,636.065041108681,159.01626027717,621.912757158656,173.168544227195,14.1522839500244
"Dairy cattle",2012,6445.279,20,6.5,5.2,76.2282929333333,77.5282929333333,196.178731533617,191.999202863964,539.845415841722,539.057007642249,431.245606113799,107.81140152845,422.058048623116,116.998959019133,9.18755749068339
"Non-dairy cattle",2012,3734.412,20,6.5,5.2,70.3501473333333,71.6501473333333,160.811793089758,156.913791105001,255.291900747807,256.024293743602,204.819434994882,51.2048587487203,199.854708535541,56.1695852080614,4.96472645934108
"Cattle",2013,10182.123,20,6.5,5.2,74.1711213458787,75.4711213458787,184.740039001914,180.644379676591,802.146682478932,801.93731551439,641.549852411512,160.387463102878,627.326787125367,174.610528389022,14.2230652861443
"Dairy cattle",2013,6483.601,20,6.5,5.2,76.353264175,77.653264175,200.918679301159,196.649188193255,556.213590500488,555.363902059234,444.291121647387,111.072780411847,434.850003480614,120.51389857862,9.44111816677349
"Non-dairy cattle",2013,3698.522,20,6.5,5.2,70.345770725,71.645770725,156.378480405582,152.587552516052,245.933091978444,246.573413455156,197.258730764125,49.3146826910311,192.476783644754,54.096629810402,4.78194711937084
"Cattle",2014,10367.923,20,6.5,5.2,74.3197997625995,75.6197997625995,184.647050594615,180.568978045188,816.536717211122,816.159782660479,652.927826128383,163.231956532096,638.507411418716,177.652371241763,14.4204147096675
"Dairy cattle",2014,6698.063,20,6.5,5.2,76.4971651,77.7971651,201.731255338586,197.457168983736,576.926411796,576.054364691492,460.843491753194,115.210872938298,451.07958642024,124.974778271253,9.76390533295421
"Non-dairy cattle",2014,3669.86,20,6.5,5.2,70.345770725,71.645770725,153.465730413459,149.745413423534,239.610305415122,240.105417968987,192.084334375189,48.0210835937973,187.427824998476,52.6775929705106,4.6565093767133
"Cattle",2015,10032.765,20,6.5,5.2,74.3337249323196,75.6337249323196,189.936805794045,185.748753039635,812.633356436392,812.401697742943,649.921358194354,162.480339548589,635.590776383439,176.810921359503,14.3305818109149
"Dairy cattle",2015,6485.536,20,6.5,5.2,76.5149150166667,77.8149150166667,210.318538773007,205.864137620656,582.380088932405,581.519767965439,465.215814372351,116.303953593088,455.362865261342,126.156902704096,9.85294911100857
"Non-dairy cattle",2015,3547.229,20,6.5,5.2,70.345770725,71.645770725,152.672094951455,148.971017276295,230.253267503987,230.881929777504,184.705543822003,46.1763859555008,180.227911122097,50.6540186554071,4.47763269990628
"Cattle",2016,10151.852,20,6.5,5.2,74.3966166444457,75.6966166444457,186.563705010211,182.452230786996,807.533191695748,807.446001177772,645.956800942218,161.489200235555,631.721262812015,175.724738365757,14.2355381302027
"Dairy cattle",2016,6618.799,20,6.5,5.2,76.5589203083333,77.8589203083333,204.65215972666,200.321681960259,578.339584966595,577.479507245812,461.98360579665,115.495901449163,452.207946766145,125.271560479668,9.77565903050515
"Non-dairy cattle",2016,3533.053,20,6.5,5.2,70.345770725,71.645770725,152.676909089296,148.975714709783,229.193606729153,229.96649393196,183.973195145568,45.993298786392,179.51331604587,50.4531778860896,4.45987909969759
"Cattle",2017,10145.656,20,6.5,5.2,74.3381307706833,75.6381307706833,188.045336773003,183.899297149418,813.460808203549,813.361765965223,650.689412772179,162.672353193045,636.342957101983,177.018808863241,14.3464556701962
"Dairy cattle",2017,6529.759,20,6.5,5.2,76.5489264083334,77.8489264083334,208.2913070095,203.882920270641,580.720901534035,579.841573540937,463.87325883275,115.968314708187,454.055601283286,125.785972257651,9.817657549464
"Non-dairy cattle",2017,3615.897,20,6.5,5.2,70.345770725,71.645770725,151.484199559887,147.81191885064,232.739906669514,233.520192424286,186.816153939429,46.7040384848572,182.287355818697,51.2328366055894,4.5287981207322
"Cattle",2018,10107.187,20,6.5,5.2,74.2488018265312,75.5488018265312,189.64088115105,185.453206135344,817.143052827301,817.152884257806,653.722307406245,163.430576851561,639.2867249658,177.866159292006,14.4355824404446
"Dairy cattle",2018,6385.932,20,6.5,5.2,76.5232034333333,77.8232034333333,211.422566582117,206.945544911582,576.423285141756,575.594562736958,460.475650189567,115.118912547392,450.724754161864,124.869808575095,9.75089602770305
"Non-dairy cattle",2018,3721.255,20,6.5,5.2,70.345770725,71.645770725,152.26199633714,148.570860274601,240.719767685545,241.558321520847,193.246657216678,48.3116643041695,188.561970803936,52.996350716911,4.68468641274151
"Cattle",2019,10150.889,20,6.5,5.2,74.1172102788002,75.4172102788002,191.298818738201,187.064915186108,827.923169766428,827.860991925258,662.288793540206,165.572198385052,647.630747588972,180.230244336286,14.6580459512338
"Dairy cattle",2019,6260.894,20,6.5,5.2,76.46046685,77.76046685,215.303096002331,210.738021098959,575.539527506213,574.682110953888,459.74568876311,114.936422190778,449.997693752007,124.684417201881,9.74799501110368
"Non-dairy cattle",2019,3889.995,20,6.5,5.2,70.345770725,71.645770725,152.664261239456,148.963373469181,252.383642260215,253.17888097137,202.543104777096,50.6357761942739,197.633053836966,55.545827134404,4.91005094013008
"Cattle",2020,10082.789,20,6.5,5.2,74.1100163178198,75.4100163178198,194.147766239838,189.849720145903,834.65269702684,834.553397468516,667.642717974813,166.910679493703,652.862433701075,181.69096376744,14.7802842737374
"Dairy cattle",2020,6200.221,20,6.5,5.2,76.4671806,77.7671806,218.374790286589,213.745225184386,578.093183869628,577.232430644485,461.785944515588,115.446486128897,451.996041154437,125.236389490048,9.78990336115095
"Non-dairy cattle",2020,3882.568,20,6.5,5.2,70.345770725,71.645770725,155.458707023833,151.690076285138,256.559513157212,257.32096682403,205.856773459224,51.464193364806,200.866392546638,56.4545742773925,4.99038091258643
"Cattle",2021,10150.248,20,6.5,5.2,74.0621229074494,75.3621229074494,194.478748015683,190.170410615524,841.769045163633,841.569245018496,673.255396014796,168.313849003699,658.340597189189,183.228647829307,14.9147988256074
"Dairy cattle",2021,6185.437,20,6.5,5.2,76.4442721416667,77.7442721416667,219.859832405505,215.196588409138,580.60253998263,579.772127548919,463.817702039135,115.954425509784,453.98009281885,125.792034730069,9.83760922028557
"Non-dairy cattle",2021,3964.811,20,6.5,5.2,70.345770725,71.645770725,154.882132064778,151.12747865907,261.166505181003,261.797117469576,209.437693975661,52.3594234939152,204.360504370339,57.436613099237,5.07718960532182
"Cattle",2022,9751.189,20,6.5,5.2,74.0841298529946,75.3841298529946,198.271186065801,193.879764984935,824.433002941147,824.248624593046,659.398899674437,164.849724918609,644.794164179642,179.454460413403,14.6047354947942
"Dairy cattle",2022,5930.033,20,6.5,5.2,76.4930293333333,77.7930293333333,223.547737292053,218.811022022859,565.978074542575,565.156127941207,452.124902352966,113.031225588242,442.544904118583,122.611223822625,9.5799982343832
"Non-dairy cattle",2022,3821.156,20,6.5,5.2,70.345770725,71.645770725,159.044631876999,155.189071130413,258.454928398572,259.092496651838,207.273997321471,51.8184993303677,202.24926006106,56.8432365907787,5.02473726041103
"Cattle",2023,9538.66,20,6.5,5.2,74.1395471181496,75.4395471181496,199.539560940101,195.119778798804,811.546419528866,811.441907866444,649.153526293155,162.288381573289,634.774837932043,176.667069934401,14.3786883611124
"Dairy cattle",2023,5884.628,20,6.5,5.2,76.495274675,77.795274675,221.559028260594,216.864667961532,556.66496341542,555.8396432282,444.67171458256,111.16792864564,435.250075304575,120.589567923625,9.42163927798487
"Non-dairy cattle",2023,3654.032,20,6.5,5.2,70.345770725,71.645770725,164.078357004488,160.100768668654,254.881456113446,255.602264638244,204.481811710595,51.1204529276487,199.524762627467,56.0775020107762,4.95704908312752
"Cattle",2024,9516.286,20,6.5,5.2,74.1184104909624,75.4184104909624,201.75644780732,197.288748005545,818.682741127112,818.532562729076,654.826050183261,163.706512545815,640.325565829995,178.206996899081,14.5004843532658
"Dairy cattle",2024,5836.844,20,6.5,5.2,76.4966150833333,77.7966150833333,225.914805907929,221.12828783539,562.98460393761,562.165038601412,449.732030881129,112.433007720282,440.20343675043,121.961601850982,9.52859413069933
"Non-dairy cattle",2024,3679.442,20,6.5,5.2,70.345770725,71.645770725,163.433091295818,159.471145494461,255.698137189502,256.367524127664,205.094019302131,51.2735048255328,200.122129079565,56.2453950480992,4.97189022256643
"Cattle",1990,8033.974999463,30,6.5,4.55,72.6468832562783,74.5968832562783,149.836589062939,144.748685223016,512.897391839479,513.203259927719,359.242281949403,153.960977978316,347.043724859818,166.159535067901,12.1985570895855
"Dairy cattle",1990,3440.814999753,30,6.5,4.55,75.809914175,77.759914175,169.272003176121,163.880740478667,248.587068848727,248.30616870653,173.814318094571,74.4918506119591,168.278384024886,80.0277846816446,5.53593406968551
"Non-dairy cattle",1990,4593.15999971,30,6.5,4.55,70.2774025,72.2274025,135.277186731805,130.41653421937,264.310322990752,264.897091221189,185.427963854832,79.4691273663566,178.765340834932,86.1317503862566,6.66262301989997
"Cattle",1991,8100.064556988,30,6.5,4.55,72.6047653930015,74.5547653930015,154.389138682835,149.147348101987,532.839503324315,533.146149473079,373.202304631155,159.943844841924,360.531411187121,172.614738285957,12.6708934440335
"Dairy cattle",1991,3429.495556698,30,6.5,4.55,75.8069211833333,77.7569211833333,177.829607961111,172.165439154076,260.330988023434,260.001209336939,182.000846535857,78.0003628010818,176.203816841974,83.7973924949656,5.79702969388381
"Non-dairy cattle",1991,4670.56900029,30,6.5,4.55,70.2534931916667,72.2034931916667,137.177320330131,132.245672742538,272.508515300881,273.144940136139,191.201458095298,81.9434820408418,184.327594345148,88.8173457909915,6.87386375014972
"Cattle",1992,8144.3208997,30,6.5,4.55,72.5974070230245,74.5474070230245,156.491000111115,151.17485873503,543.060366433186,543.357036727804,380.349925709463,163.007111018341,367.429093354764,175.92794337304,12.9208323546989
"Dairy cattle",1992,3467.8239,30,6.5,4.55,75.790509675,77.740509675,178.903519300945,173.203218885627,264.83368553553,264.494698618421,185.146289032895,79.3484095855264,179.247078819521,85.2476197989007,5.89921021337426
"Non-dairy cattle",1992,4676.4969997,30,6.5,4.55,70.2295839083333,72.1795839083333,139.871152025959,134.839881119745,278.226680897656,278.862338109383,195.203636676568,83.6587014328149,188.182014535244,90.6803235741395,7.02162214132454
"Cattle",1993,8308.1019996,30,6.5,4.55,72.5972905503248,74.5472905503248,158.862864733571,153.464022849153,562.203351998316,562.684901645665,393.879431151965,168.805470493699,380.493717795479,182.191183850185,13.385713356486
"Dairy cattle",1993,3550.14,30,6.5,4.55,75.7801873583333,77.7301873583333,180.336811374113,174.589621194174,273.271341378314,272.942345115713,191.059641580999,81.8827035347139,184.970723364523,87.9716217511899,6.08891821647595
"Non-dairy cattle",1993,4757.9619996,30,6.5,4.55,70.222381025,72.172381025,142.840139681781,137.701216900956,288.932010620002,289.742556529952,202.819789570966,86.9227669589856,195.522994430956,94.2195620989956,7.29679514001003
"Cattle",1994,8887.0319999,30,6.5,4.55,72.6265687410922,74.5765687410922,158.192107883381,152.814335095057,598.918316235241,599.352897718683,419.547028403078,179.805869315605,405.284442089786,194.068455628897,14.2625863132923
"Dairy cattle",1994,3839.184,30,6.5,4.55,75.7721263666666,77.7221263666666,176.427954190358,170.804402514725,289.099082176611,288.766878058157,202.13681464071,86.6300634174471,195.693806060259,93.073071997898,6.44300858045094
"Non-dairy cattle",1994,5047.8479999,30,6.5,4.55,70.2341879666667,72.1841879666667,144.32267889709,139.131835345088,309.81923405863,310.586019660526,217.410213762368,93.1758058981578,209.590636029527,100.995383630999,7.81957773284142
"Cattle",1995,9272.3260004,30,6.5,4.55,72.6877254169421,74.6377254169421,157.142154853484,151.809960188367,621.065156200952,621.187129608398,434.830990725879,186.356138882519,420.076175309622,201.110954298776,14.7548154162569
"Dairy cattle",1995,4089.818,30,6.5,4.55,75.781821,77.731821,176.420074026747,170.797896307077,307.979850702136,307.604747801352,215.323323460947,92.2814243404057,208.461371960439,99.143375840913,6.86195150050725
"Non-dairy cattle",1995,5182.5080004,30,6.5,4.55,70.245994925,72.195994925,141.928829407335,136.825477209247,313.085305498816,313.582381807046,219.507667264932,94.0747145421137,211.614803349182,101.967578457863,7.89286391574959
"Cattle",1996,9017.27699969,30,6.5,4.55,72.8115915144166,74.7615915144167,166.136777654755,160.511086580416,638.432564480074,638.678425609811,447.074897926868,191.603527682943,431.936135165653,206.742290444158,15.1387627612148
"Dairy cattle",1996,4165.098,30,6.5,4.55,75.7866582083333,77.7366582083333,183.745832521498,177.890779893109,326.70229589219,326.274982105526,228.392487473868,97.8824946316579,221.114771208213,105.160210897313,7.2777162656555
"Non-dairy cattle",1996,4852.17899969,30,6.5,4.55,70.2578019,72.2078019,151.021210151567,145.592402446558,311.730268587884,312.403443504285,218.682410452999,93.7210330512855,210.82136395744,101.582079546845,7.86104649555935
"Cattle",1997,9061.999999841,30,6.5,4.55,72.837432253662,74.787432253662,166.553587426557,160.917550053817,643.235332799773,643.456365751166,450.419456025816,193.03690972535,435.177629495421,208.278736255745,15.2418265303949
"Dairy cattle",1997,4255.999999971,30,6.5,4.55,75.7625397916667,77.7125397916667,184.217884686088,178.344873128393,334.701895738797,334.25234503167,233.976641522169,100.275703509501,226.517281524458,107.735063507212,7.45935999771072
"Non-dairy cattle",1997,4805.99999987,30,6.5,4.55,70.24707485,72.19707485,150.910797343726,145.484614763161,308.533437060976,309.204020719496,216.442814503647,92.7612062158488,208.660347970963,100.543672748533,7.78246653268417
"Cattle",1998,8776.00000034,30,6.5,4.55,72.9660835971051,74.9160835971051,166.493750281167,160.870280119305,622.711328467431,622.924773470531,436.047341429372,186.877432041159,421.319466001335,201.605307469196,14.7278754280369
"Dairy cattle",1998,4344.0000003,30,6.5,4.55,75.754334,77.704334,180.632511679268,174.87283086751,334.942725012752,334.523621571741,234.166535100218,100.357086471522,226.699858772496,107.823762799245,7.46667632772241
"Non-dairy cattle",1998,4432.00000004,30,6.5,4.55,70.2331955666667,72.1831955666667,152.6357224118,147.14575835625,287.768603454679,288.401151898791,201.880806329153,86.5203455696372,194.619607228839,93.7815446699517,7.26119910031449
"Cattle",1999,8960.113939381,30,6.5,4.55,72.888568065962,74.838568065962,163.601814750784,158.076904894421,624.568188735451,624.94630049993,437.462410349951,187.483890149979,422.689100002433,202.257200497497,14.7733103475183
"Dairy cattle",1999,4316.408939631,30,6.5,4.55,75.7602185833333,77.7102185833333,183.094923926728,177.257434066575,337.349760791305,336.930200157246,235.851140110072,101.079060047174,228.331659999039,108.598540158207,7.51948011103329
"Non-dairy cattle",1999,4643.70499975,30,6.5,4.55,70.2193162583333,72.1693162583333,145.482612365452,140.24825135377,287.218427944146,288.016100342684,201.611270239879,86.4048301028053,194.357440003394,93.6586603392903,7.25383023648499
"Cattle",2000,9192.165003194,30,6.5,4.55,72.9792783767369,74.9292783767369,168.495104003462,162.813443321611,659.807110519022,660.307378041518,462.215164629063,198.092213412456,446.629253436212,213.678124605306,15.5859111928503
"Dairy cattle",2000,4598.135669824,30,6.5,4.55,75.7506426166667,77.7006426166667,186.458503693198,180.512601958655,365.937653096917,365.514851948897,255.860396364228,109.654455584669,247.701365027978,117.813486920919,8.15903133624977
"Non-dairy cattle",2000,4594.02933337,30,6.5,4.55,70.205436975,72.155436975,150.515647872282,145.09846443288,293.869457422105,294.792526092621,206.354768264835,88.4377578277863,198.927888408234,95.8646376843868,7.42687985660052
"Cattle",2001,9424.215996981,30,6.5,4.55,73.0718879352388,75.0218879352388,171.687137574058,165.911384527108,689.264168527445,689.80135593569,482.860949154983,206.940406780707,466.616950695098,223.184405240592,16.2439984598849
"Dairy cattle",2001,4879.862330501,30,6.5,4.55,75.732110225,77.682110225,190.200617177732,184.133067336305,396.114415689077,395.694983300301,276.98648831021,118.70849499009,268.150400666743,127.544582633558,8.83608764346781
"Non-dairy cattle",2001,4544.35366648,30,6.5,4.55,70.215262,72.165262,151.80681171147,146.34439875423,293.149752838368,294.10637263539,205.874460844773,88.2319117906169,198.466550028356,95.6398226070339,7.40791081641703
"Cattle",2002,9652.87,30,6.5,4.55,73.1655868560548,75.1155868560548,170.889624697796,165.151700143053,702.790955068647,703.255610802888,492.278927562021,210.976683240866,475.749782792491,227.505828010396,16.5291447695297
"Dairy cattle",2002,5161.589,30,6.5,4.55,75.7312599416667,77.6812599416667,188.345310186705,182.336840777559,414.980968095413,414.456813170242,290.119769219169,124.337043951073,280.864557307528,133.592255862714,9.2552119116416
"Non-dairy cattle",2002,4491.281,30,6.5,4.55,70.216996025,72.166996025,150.828739127062,145.401737301157,287.809986973234,288.798797632645,202.159158342852,86.6396392897936,194.885225484964,93.9135721476817,7.27393285788804
"Cattle",2003,9728.218955908,30,6.5,4.55,73.1141979642781,75.0641979642781,174.784793509651,168.916089690178,724.570845934829,724.899892009153,507.429924406407,217.469967602746,490.392081035244,234.507810973909,17.0378433711634
"Dairy cattle",2003,5101.602955908,30,6.5,4.55,75.740082075,77.690082075,196.101251441704,189.846494669062,427.118207172293,426.508875600912,298.556212920638,127.952662680274,289.033599061466,137.475276539446,9.52261385917262
"Non-dairy cattle",2003,4626.616,30,6.5,4.55,70.2187300583333,72.1687300583333,151.279902506021,145.836885384348,297.452638762536,298.391016408241,208.873711485769,89.5173049224723,201.358481973778,97.032534434463,7.5152295119907
"Cattle",2004,9599.889569218,30,6.5,4.55,73.1910234504973,75.1410234504973,176.753736471532,170.81815810178,723.091324452256,723.395650120677,506.376955084474,217.018695036203,489.372278625911,234.023371494767,17.0046764585634
"Dairy cattle",2004,5152.491569218,30,6.5,4.55,75.755076125,77.705076125,192.899479752556,186.748746249146,424.393661397803,423.730181056546,296.611126739583,127.119054316964,287.153475547046,136.5767055095,9.4576511925361
"Non-dairy cattle",2004,4447.398,30,6.5,4.55,70.2204640833333,72.1704640833333,158.04823583178,152.361923440077,298.697663054453,299.665469064131,209.765828344892,89.8996407192393,202.218803078864,97.4466659852666,7.54702526602728
"Cattle",2005,9510.804,30,6.5,4.55,73.2069317266018,75.1569317266018,177.376245068953,171.42004413407,718.759199698933,719.206727470949,503.444709229664,215.762018241285,486.539300917463,232.667426553485,16.9054083122006
"Dairy cattle",2005,5087.178,30,6.5,4.55,75.7878957416667,77.7378957416667,192.840917609486,186.69620710601,418.873347123789,418.231919951073,292.762343965751,125.469575985322,283.433722881135,134.798197069938,9.32862108461592
"Non-dairy cattle",2005,4423.626,30,6.5,4.55,70.2388183833333,72.1888183833333,159.591843330333,153.852428744507,299.885852575144,300.974807519876,210.682365263913,90.2924422559629,203.105578036329,97.8692294835475,7.57678722758467
"Cattle",2006,9608.692,30,6.5,4.55,73.2364213921577,75.1864213921577,176.955260180783,171.014120767974,724.586908949454,724.88448096195,507.419136673365,217.465344288585,490.382921820957,234.501559140993,17.036214852408
"Dairy cattle",2006,5169.557,30,6.5,4.55,75.7811998833333,77.7311998833333,190.937391813559,184.852496495071,421.497856163466,420.809336100871,294.56653527061,126.242800830261,285.17913076892,135.630205331951,9.38740450168973
"Non-dairy cattle",2006,4439.135,30,6.5,4.55,70.2729211916667,72.2229211916667,160.672487420518,154.898757727958,303.089052785988,304.075144861079,212.852601402755,91.2225434583237,205.203791052037,98.8713538090419,7.64881035071824
"Cattle",2007,9654.467,30,6.5,4.55,73.3104563887604,75.2604563887604,174.325918658949,168.485047830904,717.391547053906,717.51554971325,502.260884799275,215.254664913975,485.432400700869,232.083149012381,16.8284840984061
"Dairy cattle",2007,5260.85,30,6.5,4.55,75.8187833083333,77.7687833083333,189.072508538157,183.051704835596,424.704402090773,424.058094837948,296.840666386563,127.217428451384,287.388105582938,136.66998925501,9.45256080362594
"Non-dairy cattle",2007,4393.617,30,6.5,4.55,70.3070239833333,72.2570239833333,156.668576800059,151.043154852264,292.687144963133,293.457454875302,205.420218412712,88.0372364625907,198.044295117931,95.4131597573709,7.37592329478019
"Cattle",2008,9715.312,30,6.5,4.55,73.5642315970285,75.5142315970285,176.009681082983,170.140056558878,729.045899161131,729.011468750158,510.30802812511,218.703440625048,493.290120369693,235.721348380465,17.0179077554179
"Dairy cattle",2008,5578.44,30,6.5,4.55,75.9544288666667,77.9044288666667,188.095924453199,182.122894061815,447.989509280251,447.335334922534,313.134734445774,134.20060047676,303.191067187273,144.144267735261,9.94366725850062
"Non-dairy cattle",2008,4136.872,30,6.5,4.55,70.3411267833333,72.2911267833333,159.711767232579,153.981582223709,281.05638988088,281.676133827624,197.173293679336,84.5028401482871,190.099053182419,91.5770806452045,7.07424049691735
"Cattle",2009,9961.494,30,6.5,4.55,73.6962118289688,75.6462118289688,175.8031239846,169.956418889569,746.548195857983,746.607104560377,522.624973192263,223.982131368113,505.243973217423,241.363131342954,17.3809999748408
"Dairy cattle",2009,5860.775,30,6.5,4.55,76.0338242333333,77.9838242333333,187.30115248827,181.363036924415,468.728259043407,467.989975949571,327.592983164699,140.396992784871,317.207115453277,150.782860496294,10.3858677114225
"Non-dairy cattle",2009,4100.719,30,6.5,4.55,70.3552805583333,72.3052805583333,159.370064805563,153.654004163476,277.819936814576,278.617128610806,195.031990027564,83.5851385832418,188.036857764146,90.5802708466602,6.99513226341841
"Cattle",2010,9863.971,30,6.5,4.55,73.8019655617459,75.7519655617459,178.625169736883,172.707026950831,751.188243064904,751.165258738906,525.815681117234,225.349577621672,508.394551247459,242.770707491448,17.4211298697755
"Dairy cattle",2010,5915.451,30,6.5,4.55,76.1037445666667,78.0537445666667,193.607191954111,187.477934592497,488.987268126847,488.259160167241,341.781412117069,146.477748050172,330.961224007642,157.297936159599,10.8201881094265
"Non-dairy cattle",2010,3948.52,30,6.5,4.55,70.353569475,72.303569475,156.179945119325,150.578082338724,262.200974938057,262.906098571665,184.034269000166,78.8718295714996,177.433327239817,85.4727713318487,6.60094176034912
"Cattle",2011,10020.917,30,6.5,4.55,73.9533881098247,75.9033881098247,180.505767420631,174.543464109854,771.154250962129,771.151309237615,539.80591646633,231.345392771284,521.975535482302,249.175773755312,17.8303809840277
"Dairy cattle",2011,6174.503,30,6.5,4.55,76.1969653333333,78.1469653333333,194.661173540216,188.510282767053,513.187025138531,512.415662177537,358.690963524276,153.724698653261,347.357070391742,165.058591785795,11.3338931325339
"Non-dairy cattle",2011,3846.414,30,6.5,4.55,70.3518584,72.3018584,157.782629050295,152.123058064293,257.967225823598,258.735647060077,181.114952942054,77.6206941180232,174.61846509056,84.117181969517,6.49648785149381
"Cattle",2012,10179.691,30,6.5,4.55,74.0718996335379,76.0218996335379,183.204396720506,177.16595218809,795.137316589529,795.081301385851,556.556910970096,238.524390415755,538.212711288289,256.868590097562,18.3441996818063
"Dairy cattle",2012,6445.279,30,6.5,4.55,76.2282929333333,78.1782929333333,196.178731533617,189.983853046412,539.845415841722,539.057007642249,377.339905349574,161.717102292675,365.424368717545,173.632638924704,11.9155366320294
"Non-dairy cattle",2012,3734.412,30,6.5,4.55,70.3501473333333,72.3001473333333,160.811793089758,155.043340321423,255.291900747807,256.024293743602,179.217005620521,76.8072881230806,172.788342570745,83.2359511728575,6.42866304977687
"Cattle",2013,10182.123,30,6.5,4.55,74.1711213458787,76.1211213458787,184.740039001914,178.672584170755,802.146682478932,801.93731551439,561.356120860073,240.581194654317,542.919387134593,259.017928379797,18.4367337254797
"Dairy cattle",2013,6483.601,30,6.5,4.55,76.353264175,78.303264175,200.918679301159,194.590268156886,556.213590500488,555.363902059234,388.754731441464,166.60917061777,376.509977576864,178.853924482369,12.2447538645992
"Non-dairy cattle",2013,3698.522,30,6.5,4.55,70.345770725,72.295770725,156.378480405582,150.768488477892,245.933091978444,246.573413455156,172.601389418609,73.9720240365467,166.409409557729,80.1640038974272,6.19197986088048
"Cattle",2014,10367.923,30,6.5,4.55,74.3197997625995,76.2697997625995,184.647050594615,178.605378233546,816.536717211122,816.159782660479,571.311847862335,244.847934798144,552.618459640503,263.541323019976,18.6933882218318
"Dairy cattle",2014,6698.063,30,6.5,4.55,76.4971651,78.4471651,201.731255338586,195.395814085172,576.926411796,576.054364691492,403.238055284045,172.816309407448,390.574221878035,185.480142813457,12.6638334060096
"Non-dairy cattle",2014,3669.86,30,6.5,4.55,70.345770725,72.295770725,153.465730413459,147.960231788817,239.610305415122,240.105417968987,168.073792578291,72.031625390696,162.044237762469,78.0611802065182,6.02955481582219
"Cattle",2015,10032.765,30,6.5,4.55,74.3337249323196,76.2837249323196,189.936805794045,183.732072336289,812.633356436392,812.401697742943,568.68118842006,243.720509322883,550.103876972525,262.297820770418,18.5773114475355
"Dairy cattle",2015,6485.536,30,6.5,4.55,76.5149150166667,78.4649150166667,210.318538773007,203.715790398691,582.380088932405,581.519767965439,407.063837575807,174.455930389632,394.284459649939,187.2353083155,12.7793779258685
"Non-dairy cattle",2015,3547.229,30,6.5,4.55,70.345770725,72.295770725,152.672094951455,147.195067562266,230.253267503987,230.881929777504,161.617350844253,69.2645789332513,155.819417322586,75.0625124549183,5.79793352166703
"Cattle",2016,10151.852,30,6.5,4.55,74.3966166444457,76.3466166444457,186.563705010211,180.472389498469,807.533191695748,807.446001177772,565.21220082444,242.233800353332,546.757990526038,260.688010651735,18.4542102984027
"Dairy cattle",2016,6618.799,30,6.5,4.55,76.5589203083333,78.5089203083333,204.65215972666,198.233035148661,578.339584966595,577.479507245812,404.235655072068,173.243852173744,391.556389765304,185.923117480508,12.6792653067646
"Non-dairy cattle",2016,3533.053,30,6.5,4.55,70.345770725,72.295770725,152.676909089296,147.199708995561,229.193606729153,229.96649393196,160.976545752372,68.989948179588,155.201600760734,74.7648931712261,5.77494499163816
"Cattle",2017,10145.656,30,6.5,4.55,74.3381307706833,76.2881307706833,188.045336773003,181.902845623375,813.460808203549,813.361765965223,569.353236175656,244.008529789567,550.755342315395,262.606423649828,18.5978938602614
"Dairy cattle",2017,6529.759,30,6.5,4.55,76.5489264083334,78.4989264083334,208.2913070095,201.756712536674,580.720901534035,579.841573540937,405.889101478656,173.952472062281,393.155393494473,186.686180046464,12.7337079841832
"Non-dairy cattle",2017,3615.897,30,6.5,4.55,70.345770725,72.295770725,151.484199559887,146.049787264158,232.739906669514,233.520192424286,163.464134697,70.0560577272858,157.599948820922,75.920243603364,5.86418587607821
"Cattle",2018,10107.187,30,6.5,4.55,74.2488018265312,76.1988018265312,189.64088115105,183.436822902338,817.143052827301,817.152884257806,572.007018980464,245.145865277342,553.293939591214,263.858944666592,18.7130793892497
"Dairy cattle",2018,6385.932,30,6.5,4.55,76.5232034333333,78.4732034333333,211.422566582117,204.786274705514,576.423285141756,575.594562736958,402.916193915871,172.678368821088,390.269154823205,185.325407913754,12.647039092666
"Non-dairy cattle",2018,3721.255,30,6.5,4.55,70.345770725,72.295770725,152.26199633714,146.799681010057,240.719767685545,241.558321520847,169.090825064593,72.4674964562543,163.024784768009,78.533536752838,6.06604029658376
"Cattle",2019,10150.889,30,6.5,4.55,74.1172102788002,76.0672102788002,191.298818738201,185.02644399672,827.923169766428,827.860991925258,579.50269434768,248.358297577578,560.501750763074,267.359241162184,19.0009435846061
"Dairy cattle",2019,6260.894,30,6.5,4.55,76.46046685,78.41046685,215.303096002331,208.536384440999,575.539527506213,574.682110953888,402.277477667722,172.404633286167,389.634391202452,185.047719751436,12.6430864652697
"Non-dairy cattle",2019,3889.995,30,6.5,4.55,70.345770725,72.295770725,152.664261239456,147.187514880374,252.383642260215,253.17888097137,177.225216679959,75.9536642914109,170.867359560622,82.3115214107474,6.35785711933653
"Cattle",2020,10082.789,30,6.5,4.55,74.1100163178198,76.0600163178198,194.147766239838,187.78038770305,834.65269702684,834.553397468516,584.187378227961,250.366019240555,565.028042812294,269.525354656221,19.1593354156666
"Dairy cattle",2020,6200.221,30,6.5,4.55,76.4671806,78.4171806,218.374790286589,211.512475256611,578.093183869628,577.232430644485,404.06270145114,173.169729193346,391.365239690179,185.867190954307,12.6974617609611
"Non-dairy cattle",2020,3882.568,30,6.5,4.55,70.345770725,72.295770725,155.458707023833,149.881711460052,256.559513157212,257.32096682403,180.124676776821,77.1962900472091,173.662803122116,83.6581637019146,6.46187365470553
"Cattle",2021,10150.248,30,6.5,4.55,74.0621229074494,76.0121229074494,194.478748015683,188.096175574558,841.769045163633,841.569245018496,589.098471512947,252.470773505549,569.764926291416,271.804318727079,19.3335452215304
"Dairy cattle",2021,6185.437,30,6.5,4.55,76.4442721416667,78.3942721416667,219.859832405505,212.947633772742,580.60253998263,579.772127548919,405.840489284244,173.931638264676,393.081223326211,186.690904222708,12.7592659580322
"Non-dairy cattle",2021,3964.811,30,6.5,4.55,70.345770725,72.295770725,154.882132064778,149.325820810357,261.166505181003,261.797117469576,183.257982228703,78.5391352408729,176.683702965205,85.113414504371,6.57427926349811
"Cattle",2022,9751.189,30,6.5,4.55,74.0841298529946,76.0341298529946,198.271186065801,191.765518406397,824.433002941147,824.248624593046,576.974037215132,247.274587377914,558.042384014751,266.206240578295,18.9316532003807
"Dairy cattle",2022,5930.033,30,6.5,4.55,76.4930293333333,78.4430293333333,223.547737292053,216.526552152322,565.978074542575,565.156127941207,395.609289558845,169.546838382362,383.183996873546,181.972131067662,12.4252926852994
"Non-dairy cattle",2022,3821.156,30,6.5,4.55,70.345770725,72.295770725,159.044631876999,153.338993232486,258.454928398572,259.092496651838,181.364747656287,77.7277489955516,174.858387141206,84.2341095106328,6.50636051508121
"Cattle",2023,9538.66,30,6.5,4.55,74.1395471181496,76.0895471181496,199.539560940101,192.991883071877,811.546419528866,811.441907866444,568.009335506511,243.432572359933,549.370714986757,262.071192879687,18.6386205197538
"Dairy cattle",2023,5884.628,30,6.5,4.55,76.495274675,78.445274675,221.559028260594,214.600621723055,556.66496341542,555.8396432282,389.08775025974,166.75189296846,376.867843148126,178.971800080074,12.2199071116138
"Non-dairy cattle",2023,3654.032,30,6.5,4.55,70.345770725,72.295770725,164.078357004488,158.192136241142,254.881456113446,255.602264638244,178.921585246771,76.6806793914731,172.502871838631,83.099392799613,6.41871340813989
"Cattle",2024,9516.286,30,6.5,4.55,74.1184104909624,76.0684104909624,201.75644780732,195.137760571932,818.682741127112,818.532562729076,572.972793910353,245.559768818723,554.176231230479,264.356331498597,18.7965626798741
"Dairy cattle",2024,5836.844,30,6.5,4.55,76.4966150833333,78.4466150833333,225.914805907929,218.819792483931,562.98460393761,562.165038601412,393.515527020988,168.649511580424,381.15689503339,181.008143568021,12.3586319875978
"Non-dairy cattle",2024,3679.442,30,6.5,4.55,70.345770725,72.295770725,163.433091295818,157.570019084674,255.698137189502,256.367524127664,179.457266889365,76.9102572382992,173.019336197089,83.3481879305755,6.4379306922763
"Cattle",1990,8033.974999463,40,6.5,3.9,72.6468832562783,75.2468832562783,149.836589062939,143.138270110578,512.897391839479,513.203259927719,307.921955956631,205.281303971088,294.156563362397,219.046696565321,13.7653925942338
"Dairy cattle",1990,3440.814999753,40,6.5,3.9,75.809914175,78.409914175,169.272003176121,162.168615228309,248.587068848727,248.30616870653,148.983701223918,99.3224674826121,142.731698483729,105.574470222801,6.25200274018934
"Non-dairy cattle",1990,4593.15999971,40,6.5,3.9,70.2774025,72.8774025,135.277186731805,128.882311917156,264.310322990752,264.897091221189,158.938254732713,105.958836488475,151.424864878669,113.47222634252,7.5133898540445
"Cattle",1991,8100.064556988,40,6.5,3.9,72.6047653930015,75.2047653930015,154.389138682835,147.488216216559,532.839503324315,533.146149473079,319.887689683847,213.258459789231,305.589273595397,227.556875877681,14.2984160884499
"Dairy cattle",1991,3429.495556698,40,6.5,3.9,75.8069211833333,78.4069211833333,177.829607961111,170.366651352706,260.330988023434,260.001209336939,156.000725602163,104.000483734776,149.453859422808,110.547349914131,6.54686617935559
"Non-dairy cattle",1991,4670.56900029,40,6.5,3.9,70.2534931916667,72.8534931916667,137.177320330131,130.689087108574,272.508515300881,273.144940136139,163.886964081684,109.257976054456,156.135414172589,117.00952596355,7.75154990909425
"Cattle",1992,8144.3208997,40,6.5,3.9,72.5974070230245,75.1974070230245,156.491000111115,149.49224239456,543.060366433186,543.357036727804,326.014222036683,217.342814691122,311.433865654745,231.92317107306,14.5803563819377
"Dairy cattle",1992,3467.8239,40,6.5,3.9,75.790509675,78.390509675,178.903519300945,171.392986208994,264.83368553553,264.494698618421,158.696819171053,105.797879447369,152.034581800716,112.460116817705,6.66223737033687
"Non-dairy cattle",1992,4676.4969997,40,6.5,3.9,70.2295839083333,72.8295839083333,139.871152025959,133.251897787829,278.226680897656,278.862338109383,167.31740286563,111.544935243753,159.399283854029,119.463054255354,7.91811901160091
"Cattle",1993,8308.1019996,40,6.5,3.9,72.5972905503248,75.1972905503248,158.862864733571,151.755264816262,562.203351998316,562.684901645665,337.610940987399,225.073960658266,322.50606735775,240.178834287915,15.1048736296494
"Dairy cattle",1993,3550.14,40,6.5,3.9,75.7801873583333,78.3801873583333,180.336811374113,172.764516580598,273.271341378314,272.942345115713,163.765407069428,109.176938046285,156.88894113959,116.053403976123,6.8764659298383
"Non-dairy cattle",1993,4757.9619996,40,6.5,3.9,70.222381025,72.822381025,142.840139681781,136.079270542892,288.932010620002,289.742556529952,173.845533917971,115.897022611981,165.61712621816,124.125430311792,8.22840769981107
"Cattle",1994,8887.0319999,40,6.5,3.9,72.6265687410922,75.2265687410922,158.192107883381,151.11227106262,598.918316235241,599.352897718683,359.61173863121,239.741159087473,343.517431131268,255.835466587414,16.0943074999413
"Dairy cattle",1994,3839.184,40,6.5,3.9,75.7721263666666,78.3721263666666,176.427954190358,169.018575454567,289.099082176611,288.766878058157,173.260126834894,115.506751223263,165.983786158485,122.783091899672,7.27634067640918
"Non-dairy cattle",1994,5047.8479999,40,6.5,3.9,70.2341879666667,72.8341879666667,144.32267889709,137.493478000299,309.81923405863,310.586019660526,186.351611796316,124.23440786421,177.533644972783,133.052374687742,8.81796682353215
"Cattle",1995,9272.3260004,40,6.5,3.9,72.6877254169421,75.2877254169421,157.142154853484,150.122163319494,621.065156200952,621.187129608398,372.712277765039,248.474851843359,356.062149497648,265.12498011075,16.6501282673907
"Dairy cattle",1995,4089.818,40,6.5,3.9,75.781821,78.381821,176.420074026747,169.012488332324,307.979850702136,307.604747801352,184.562848680811,123.041899120541,176.813361412131,130.791386389222,7.74948726868075
"Non-dairy cattle",1995,5182.5080004,40,6.5,3.9,70.245994925,72.845994925,141.928829407335,135.214710932087,313.085305498816,313.582381807046,188.149429084227,125.432952722818,179.248788085517,134.333593721528,8.90064099870997
"Cattle",1996,9017.27699969,40,6.5,3.9,72.8115915144166,75.4115915144167,166.136777654755,158.730201285526,638.432564480074,638.678425609811,383.207055365887,255.471370243925,366.123226241111,272.5551993687,17.0838291247759
"Dairy cattle",1996,4165.098,40,6.5,3.9,75.7866582083333,78.3866582083333,183.745832521498,176.031410000707,326.70229589219,326.274982105526,195.764989263316,130.509992842211,187.545952013703,138.729030091824,8.21903724961317
"Non-dairy cattle",1996,4852.17899969,40,6.5,3.9,70.2578019,72.8578019,151.021210151567,143.878888128739,311.730268587884,312.403443504285,187.442066102571,124.961377401714,178.577274227408,133.826169276877,8.86479187516272
"Cattle",1997,9061.999999841,40,6.5,3.9,72.837432253662,75.4374322536621,166.553587426557,159.133328067848,643.235332799773,643.456365751166,386.073819450699,257.382546300466,368.873542253459,274.582823497707,17.2002771972408
"Dairy cattle",1997,4255.999999971,40,6.5,3.9,75.7625397916667,78.3625397916667,184.217884686088,176.479844861233,334.701895738797,334.25234503167,200.551407019002,133.700938012668,192.127280463167,142.125064568503,8.42412655583482
"Non-dairy cattle",1997,4805.99999987,40,6.5,3.9,70.24707485,72.84707485,150.910797343726,143.771951564697,308.533437060976,309.204020719496,185.522412431698,123.681608287798,176.746261790292,132.457758929204,8.77615064140593
"Cattle",1998,8776.00000034,40,6.5,3.9,72.9660835971051,75.5660835971051,166.493750281167,159.089868183161,622.711328467431,622.924773470531,373.754864082319,249.169909388213,357.13419848647,265.790574984061,16.6206655958485
"Dairy cattle",1998,4344.0000003,40,6.5,3.9,75.754334,78.354334,180.632511679268,173.043806761078,334.942725012752,334.523621571741,200.714172943044,133.809448628696,192.281800402779,142.241821168961,8.43237254026511
"Non-dairy cattle",1998,4432.00000004,40,6.5,3.9,70.2331955666667,72.8331955666667,152.6357224118,145.4129933668,287.768603454679,288.401151898791,173.040691139274,115.360460759516,164.852398083691,123.5487538151,8.18829305558344
"Cattle",1999,8960.113939381,40,6.5,3.9,72.888568065962,75.488568065962,163.601814750784,156.327685371603,624.568188735451,624.94630049993,374.967780299958,249.978520199972,358.295812748247,266.650487751683,16.6719675517112
"Dairy cattle",1999,4316.408939631,40,6.5,3.9,75.7602185833333,78.3602185833333,183.094923926728,175.403690323685,337.349760791305,336.930200157246,202.158120094347,134.772080062898,193.666102440052,143.264097717193,8.4920176542951
"Non-dairy cattle",1999,4643.70499975,40,6.5,3.9,70.2193162583333,72.8193162583333,145.482612365452,138.59618900996,287.218427944146,288.016100342684,172.809660205611,115.206440137074,164.629710308194,123.38639003449,8.17994989741618
"Cattle",2000,9192.165003194,40,6.5,3.9,72.9792783767369,75.5792783767369,168.495104003462,161.014459375639,659.807110519022,660.307378041518,396.184426824911,264.122951216607,378.595103255639,281.712274785879,17.589323569272
"Dairy cattle",2000,4598.135669824,40,6.5,3.9,75.7506426166667,78.3506426166667,186.458503693198,178.624449131489,365.937653096917,365.514851948897,219.308911169338,146.205940779559,210.094646644313,155.420205304584,9.21426452502556
"Non-dairy cattle",2000,4594.02933337,40,6.5,3.9,70.205436975,72.805436975,150.515647872282,143.388729070993,293.869457422105,294.792526092621,176.875515655573,117.917010437048,168.500456611326,126.292069481295,8.3750590442464
"Cattle",2001,9424.215996981,40,6.5,3.9,73.0718879352388,75.6718879352388,171.687137574058,164.082386881039,689.264168527445,689.80135593569,413.880813561414,275.920542374276,395.548278880995,294.253077054695,18.3325346804188
"Dairy cattle",2001,4879.862330501,40,6.5,3.9,75.732110225,78.332110225,190.200617177732,182.206320095511,396.114415689077,395.694983300301,237.41698998018,158.27799332012,227.438147753319,168.256835546982,9.9788422268615
"Non-dairy cattle",2001,4544.35366648,40,6.5,3.9,70.215262,72.815262,151.80681171147,144.620367534662,293.149752838368,294.10637263539,176.463823581234,117.642549054156,168.110131127676,125.996241507713,8.35369245355727
"Cattle",2002,9652.87,40,6.5,3.9,73.1655868560548,75.7655868560548,170.889624697796,163.334503648572,702.790955068647,703.255610802888,421.953366481732,281.302244321155,403.298584094945,299.957026707942,18.6547823867874
"Dairy cattle",2002,5161.589,40,6.5,3.9,75.7312599416667,78.3312599416667,188.345310186705,180.428856114396,414.980968095413,414.456813170242,248.674087902145,165.782725268097,238.221918990166,176.234894180076,10.4521689119794
"Non-dairy cattle",2002,4491.281,40,6.5,3.9,70.216996025,72.816996025,150.828739127062,143.688878792385,287.809986973234,288.798797632645,173.279278579587,115.519519053058,165.076665104779,123.722132527866,8.20261347480792
"Cattle",2003,9728.218955908,40,6.5,3.9,73.1141979642781,75.7141979642781,174.784793509651,167.057476195685,724.570845934829,724.899892009153,434.939935205492,289.959956803661,415.711037631728,309.188854377424,19.2288975737633
"Dairy cattle",2003,5101.602955908,40,6.5,3.9,75.740082075,78.340082075,196.101251441704,187.860284180964,427.118207172293,426.508875600912,255.905325360547,170.603550240365,245.151149175332,181.35772642558,10.7541761852155
"Non-dairy cattle",2003,4626.616,40,6.5,3.9,70.2187300583333,72.8187300583333,151.279902506021,144.118968502615,297.452638762536,298.391016408241,179.034609844945,119.356406563296,170.559888456397,127.831127951844,8.47472138854778
"Cattle",2004,9599.889569218,40,6.5,3.9,73.1910234504973,75.7910234504972,176.753736471532,168.938379391033,723.091324452256,723.395650120677,434.037390072406,289.358260048271,414.845958776977,308.5496913437,19.1914312954294
"Dairy cattle",2004,5152.491569218,40,6.5,3.9,75.755076125,78.355076125,192.899479752556,184.795539372677,424.393661397803,423.730181056546,254.238108633928,169.492072422619,243.557258289979,180.172922766568,10.680850343949
"Non-dairy cattle",2004,4447.398,40,6.5,3.9,70.2204640833333,72.8204640833333,158.04823583178,150.567214247468,298.697663054453,299.665469064131,179.799281438479,119.866187625652,171.288700486998,128.376768577133,8.51058095148039
"Cattle",2005,9510.804,40,6.5,3.9,73.2069317266018,75.8069317266018,177.376245068953,169.533731616387,718.759199698933,719.206727470949,431.524036482569,287.682690988379,412.444632361095,306.762095109854,19.0794041214746
"Dairy cattle",2005,5087.178,40,6.5,3.9,75.7878957416667,78.3878957416667,192.840917609486,184.744849107487,418.873347123789,418.231919951073,250.939151970644,167.292767980429,240.403936782018,177.827983169054,10.535215188625
"Non-dairy cattle",2005,4423.626,40,6.5,3.9,70.2388183833333,72.8388183833333,159.591843330333,152.040918648893,299.885852575144,300.974807519876,180.584884511926,120.38992300795,172.040695579076,128.9341119408,8.54418893284958
"Cattle",2006,9608.692,40,6.5,3.9,73.2364213921577,75.8364213921577,176.955260180783,169.132558965129,724.586908949454,724.88448096195,434.93068857717,289.95379238478,415.703609242076,309.180871719874,19.2270793350935
"Dairy cattle",2006,5169.557,40,6.5,3.9,75.7811998833333,78.3811998833333,190.937391813559,182.92014670955,421.497856163466,420.809336100871,252.485601660523,168.323734440348,241.884016845108,178.925319255763,10.6015848154148
"Non-dairy cattle",2006,4439.135,40,6.5,3.9,70.2729211916667,72.8729211916667,160.672487420518,153.076340639421,303.089052785988,304.075144861079,182.445086916647,121.630057944432,173.819592396968,130.25555246411,8.62549451967885
"Cattle",2007,9654.467,40,6.5,3.9,73.3104563887604,75.9104563887604,174.325918658949,166.63504838465,717.391547053906,717.51554971325,430.50932982795,287.0062198853,411.516219491558,305.999330221692,18.9931103363918
"Dairy cattle",2007,5260.85,40,6.5,3.9,75.8187833083333,78.4187833083333,189.072508538157,181.139636824735,424.704402090773,424.058094837948,254.434856902769,169.623237935179,243.759592186401,180.298502651547,10.6752647163681
"Non-dairy cattle",2007,4393.617,40,6.5,3.9,70.3070239833333,72.9070239833333,156.668576800059,149.267475358821,292.687144963133,293.457454875302,176.074472925181,117.382981950121,167.756627305158,125.700827570145,8.31784562002375
"Cattle",2008,9715.312,40,6.5,3.9,73.5642315970285,76.1642315970285,176.009681082983,168.280515881194,729.045899161131,729.011468750158,437.406881250095,291.604587500063,418.198903457172,310.812565292986,19.207977792923
"Dairy cattle",2008,5578.44,40,6.5,3.9,75.9544288666667,78.5544288666667,188.095924453199,180.225742574839,447.989509280251,447.335334922534,268.401200953521,178.934133969014,257.170940255341,190.164394667193,11.2302606981792
"Non-dairy cattle",2008,4136.872,40,6.5,3.9,70.3411267833333,72.9411267833333,159.711767232579,152.172758523243,281.05638988088,281.676133827624,169.005680296574,112.670453531049,161.02796320183,120.648170625793,7.97771709474381
"Cattle",2009,9961.494,40,6.5,3.9,73.6962118289688,76.2962118289688,175.8031239846,168.103888182451,746.548195857983,746.607104560377,447.964262736226,298.642841824151,428.345825864512,318.261278695865,19.6184368717144
"Dairy cattle",2009,5860.775,40,6.5,3.9,76.0338242333333,78.6338242333333,187.30115248827,179.47682713289,468.728259043407,467.989975949571,280.793985569742,187.195990379828,269.064087105455,198.925888844116,11.7298984642874
"Non-dairy cattle",2009,4100.719,40,6.5,3.9,70.3552805583333,72.9552805583333,159.370064805563,151.849607828867,277.819936814576,278.617128610806,167.170277166484,111.446851444322,159.281738759057,119.335389851749,7.88853840742703
"Cattle",2010,9863.971,40,6.5,3.9,73.8019655617459,76.4019655617459,178.625169736883,170.831507165635,751.188243064904,751.165258738906,450.699155243344,300.466103495563,431.034529355026,320.130729383881,19.6646258883181
"Dairy cattle",2010,5915.451,40,6.5,3.9,76.1037445666667,78.7037445666667,193.607191954111,185.53087552537,488.987268126847,488.259160167241,292.955496100345,195.303664066896,280.734869055632,207.524291111609,12.2206270447124
"Non-dairy cattle",2010,3948.52,40,6.5,3.9,70.353569475,72.953569475,156.179945119325,148.809738689609,262.200974938057,262.906098571665,157.743659142999,105.162439428666,150.299660299393,112.606438272272,7.44399884360573
"Cattle",2011,10020.917,40,6.5,3.9,73.9533881098247,76.5533881098247,180.505767420631,172.653667374013,771.154250962129,771.151309237615,462.690785542569,308.460523695046,442.563482184652,328.587827052963,20.127303357917
"Dairy cattle",2011,6174.503,40,6.5,3.9,76.1969653333333,78.7969653333333,194.661173540216,186.55617252792,513.187025138531,512.415662177537,307.449397306522,204.966264871015,294.648294595178,217.767367582359,12.8011027113445
"Non-dairy cattle",2011,3846.414,40,6.5,3.9,70.3518584,72.9518584,157.782629050295,150.336501364239,257.967225823598,258.735647060077,155.241388236047,103.494258824031,147.915187589474,110.820459470603,7.32620064657252
"Cattle",2012,10179.691,40,6.5,3.9,74.0718996335379,76.6718996335379,183.204396720506,175.251815005566,795.137316589529,795.081301385851,477.048780831511,318.03252055434,456.340929494497,338.740371891354,20.7078513370137
"Dairy cattle",2012,6445.279,40,6.5,3.9,76.2282929333333,78.8282929333333,196.178731533617,188.015707665125,539.845415841722,539.057007642249,323.434204585349,215.6228030569,309.976063066759,229.08094457549,13.4581415185903
"Non-dairy cattle",2012,3734.412,40,6.5,3.9,70.3501473333333,72.9501473333333,160.811793089758,153.222416718255,255.291900747807,256.024293743602,153.614576246161,102.409717497441,146.364866427738,109.659427315864,7.24970981842341
"Cattle",2013,10182.123,40,6.5,3.9,74.1711213458787,76.7711213458787,184.740039001914,176.748917665498,802.146682478932,801.93731551439,481.162389308634,320.774926205756,460.349212824215,341.588102690175,20.8131764844192
"Dairy cattle",2013,6483.601,40,6.5,3.9,76.353264175,78.953264175,200.918679301159,192.579453085857,556.213590500488,555.363902059234,333.21834123554,222.145560823694,319.387954054438,235.975948004796,13.8303871811023
"Non-dairy cattle",2013,3698.522,40,6.5,3.9,70.345770725,72.945770725,156.378480405582,148.997595574679,245.933091978444,246.573413455156,147.944048073093,98.6293653820622,140.961258769777,105.612154685379,6.98278930331691
"Cattle",2014,10367.923,40,6.5,3.9,74.3197997625995,76.9197997625995,184.647050594615,176.689537007836,816.536717211122,816.159782660479,489.695869596287,326.463913064192,468.59203109384,347.567751566639,21.1038385024476
"Dairy cattle",2014,6698.063,40,6.5,3.9,76.4971651,79.0971651,201.731255338586,193.382483339165,576.926411796,576.054364691492,345.632618814895,230.421745876597,331.32840043681,244.725964254683,14.3042183780858
"Non-dairy cattle",2014,3669.86,40,6.5,3.9,70.345770725,72.945770725,153.465730413459,146.222324039805,239.610305415122,240.105417968987,144.063250781392,96.0421671875947,137.26363065703,102.841787311957,6.79962012436181
"Cattle",2015,10032.765,40,6.5,3.9,74.3337249323196,76.9337249323196,189.936805794045,181.764362795058,812.633356436392,812.401697742943,487.441018645766,324.960679097177,466.467811669915,345.933886073028,20.973206975851
"Dairy cattle",2015,6485.536,40,6.5,3.9,76.5149150166667,79.1149150166667,210.318538773007,201.617476368242,582.380088932405,581.519767965439,348.911860779263,232.607907186176,334.47707109256,247.042696872878,14.4347896867027
"Non-dairy cattle",2015,3547.229,40,6.5,3.9,70.345770725,72.945770725,152.672094951455,145.466147260911,230.253267503987,230.881929777504,138.529157866503,92.3527719110017,131.990740577354,98.89118920015,6.53841728914833
"Cattle",2016,10151.852,40,6.5,3.9,74.3966166444457,76.9966166444457,186.563705010211,178.54060233384,807.533191695748,807.446001177772,484.467600706663,322.978400471109,463.633251905367,343.812749272405,20.8343488012964
"Dairy cattle",2016,6618.799,40,6.5,3.9,76.5589203083333,79.1589203083333,204.65215972666,196.192988650637,578.339584966595,577.479507245812,346.487704347487,230.991802898325,332.165848322471,245.313658923342,14.3218560250165
"Non-dairy cattle",2016,3533.053,40,6.5,3.9,70.345770725,72.945770725,152.676909089296,145.47073417697,229.193606729153,229.96649393196,137.979896359176,91.9865975727839,131.467403582896,98.4990903490638,6.51249277627988
"Cattle",2017,10145.656,40,6.5,3.9,74.3381307706833,76.9381307706833,188.045336773003,179.954872957415,813.460808203549,813.361765965223,488.017059579134,325.344706386089,467.020610373477,346.341155591747,20.9964492056573
"Dairy cattle",2017,6529.759,40,6.5,3.9,76.5489264083334,79.1489264083334,208.2913070095,199.679988935339,580.720901534035,579.841573540937,347.904944124562,231.936629416375,333.521625989767,246.31994755117,14.3833181347952
"Non-dairy cattle",2017,3615.897,40,6.5,3.9,70.345770725,72.945770725,151.484199559887,144.334319168716,232.739906669514,233.520192424286,140.112115454572,93.4080769697144,133.49898438371,100.021208040576,6.61313107086201
"Cattle",2018,10107.187,40,6.5,3.9,74.2488018265312,76.8488018265312,189.64088115105,181.469475915603,817.143052827301,817.152884257806,490.291730554683,326.861153703122,469.165629528188,347.987254729617,21.126101026495
"Dairy cattle",2018,6385.932,40,6.5,3.9,76.5232034333333,79.1232034333333,211.422566582117,202.677283796334,576.423285141756,575.594562736958,345.356737642175,230.237825094783,331.071401968307,244.523160768652,14.2853356738682
"Non-dairy cattle",2018,3721.255,40,6.5,3.9,70.345770725,72.945770725,152.26199633714,145.075404830604,240.719767685545,241.558321520847,144.934992912508,96.623328608339,138.094227559882,103.464093960966,6.84076535262679
"Cattle",2019,10150.889,40,6.5,3.9,74.1172102788002,76.7172102788003,191.298818738201,183.037653692821,827.923169766428,827.860991925258,496.716595155155,331.144396770103,475.266082285175,352.594909640082,21.4505128699791
"Dairy cattle",2019,6260.894,40,6.5,3.9,76.46046685,79.06046685,215.303096002331,206.386077570902,575.539527506213,574.682110953888,344.809266572333,229.872844381555,330.528605297867,244.153505656021,14.2806612744658
"Non-dairy cattle",2019,3889.995,40,6.5,3.9,70.345770725,72.945770725,152.664261239456,145.458683291129,252.383642260215,253.17888097137,151.907328582822,101.271552388548,144.737476987308,108.441403984061,7.16985159551331
"Cattle",2020,10082.789,40,6.5,3.9,74.1100163178198,76.7100163178198,194.147766239838,185.761501437357,834.65269702684,834.553397468516,500.732038481109,333.821358987406,479.102783861711,355.450613606805,21.6292546193984
"Dairy cattle",2020,6200.221,40,6.5,3.9,76.4671806,79.0671806,218.374790286589,209.331773553639,578.093183869628,577.232430644485,346.339458386691,230.892972257794,331.997356382328,245.235074262157,14.3421020043628
"Non-dairy cattle",2020,3882.568,40,6.5,3.9,70.345770725,72.945770725,155.458707023833,148.121234441109,256.559513157212,257.32096682403,154.392580094418,102.928386729612,147.105427479383,110.215539344648,7.28715261503561
"Cattle",2021,10150.248,40,6.5,3.9,74.0621229074494,76.6621229074494,194.478748015683,186.072539028593,841.769045163633,841.569245018496,504.941547011097,336.627698007398,483.115798883092,358.453446135404,21.8257481280052
"Dairy cattle",2021,6185.437,40,6.5,3.9,76.4442721416667,79.0442721416667,219.859832405505,210.751129005188,580.60253998263,579.772127548919,347.863276529352,231.908851019568,333.451442520835,246.320685028084,14.4118340085163
"Non-dairy cattle",2021,3964.811,40,6.5,3.9,70.345770725,72.945770725,154.882132064778,147.571873158502,261.166505181003,261.797117469576,157.078270481746,104.71884698783,149.664356362257,112.132761107319,7.41391411948891
"Cattle",2022,9751.189,40,6.5,3.9,74.0841298529946,76.6841298529946,198.271186065801,189.702839150528,824.433002941147,824.248624593046,494.549174755827,329.699449837218,473.177088473136,351.07153611991,21.3720862826917
"Dairy cattle",2022,5930.033,40,6.5,3.9,76.4930293333333,79.0930293333333,223.547737292053,214.295308802482,565.978074542575,565.156127941207,339.093676764724,226.062451176483,325.058911602094,240.097216339113,14.0347651626304
"Non-dairy cattle",2022,3821.156,40,6.5,3.9,70.345770725,72.945770725,159.044631876999,151.537907756053,258.454928398572,259.092496651838,155.455497991103,103.636998660735,148.118176871042,110.974319780797,7.33732112006126
"Cattle",2023,9538.66,40,6.5,3.9,74.1395471181496,76.7395471181496,199.539560940101,190.915890861402,811.546419528866,811.441907866444,486.865144719866,324.576763146578,465.823881718677,345.618026147766,21.0412630011889
"Dairy cattle",2023,5884.628,40,6.5,3.9,76.495274675,79.095274675,221.559028260594,212.389323794826,556.66496341542,555.8396432282,333.50378593692,222.33585729128,319.701003088191,236.138640140009,13.8027828487288
"Non-dairy cattle",2023,3654.032,40,6.5,3.9,70.345770725,72.945770725,164.078357004488,156.334046833722,254.881456113446,255.602264638244,153.361358782946,102.240905855297,146.122878630486,109.479386007758,7.23848015246014
"Cattle",2024,9516.286,40,6.5,3.9,74.1184104909624,76.7184104909624,201.75644780732,193.039226227974,818.682741127112,818.532562729076,491.119537637445,327.41302509163,469.8999043714,348.632658357676,21.2196332660458
"Dairy cattle",2024,5836.844,40,6.5,3.9,76.4966150833333,79.0966150833333,225.914805907929,216.565079596167,562.98460393761,562.165038601412,337.299023160847,224.866015440565,323.339541669121,238.825496932291,13.9594814917261
"Non-dairy cattle",2024,3679.442,40,6.5,3.9,70.345770725,72.945770725,163.433091295818,155.719236926059,255.698137189502,256.367524127664,153.820514476598,102.547009651066,146.560362702279,109.807161425385,7.26015177431958
"Cattle",1990,8033.974999463,50,6.5,3.25,72.6468832562783,75.8968832562783,149.836589062939,141.567886652525,512.897391839479,513.203259927719,256.601629963859,256.601629963859,242.441119974493,270.762139953226,14.1605099893665
"Dairy cattle",1990,3440.814999753,50,6.5,3.25,75.809914175,79.059914175,169.272003176121,160.496407550877,248.587068848727,248.30616870653,124.153084353265,124.153084353265,117.716596077188,130.589572629342,6.43648827607663
"Non-dairy cattle",1990,4593.15999971,50,6.5,3.25,70.2774025,73.5274025,135.277186731805,127.388206729705,264.310322990752,264.897091221189,132.448545610594,132.448545610594,124.724523897304,140.172567323884,7.72402171328983
"Cattle",1991,8100.064556988,50,6.5,3.25,72.6047653930015,75.8547653930015,154.389138682835,145.870322818349,532.839503324315,533.146149473079,266.573074736539,266.573074736539,251.864223081012,281.281926392066,14.7088516555268
"Dairy cattle",1991,3429.495556698,50,6.5,3.25,75.8069211833333,79.0569211833333,177.829607961111,168.609804126308,260.330988023434,260.001209336939,130.00060466847,130.00060466847,123.260556781106,136.740652555833,6.74004788736372
"Non-dairy cattle",1991,4670.56900029,50,6.5,3.25,70.2534931916667,73.5034931916667,137.177320330131,129.173224434315,272.508515300881,273.144940136139,136.57247006807,136.57247006807,128.603666299907,144.541273836233,7.9688037681631
"Cattle",1992,8144.3208997,50,6.5,3.25,72.5974070230245,75.8474070230245,156.491000111115,147.851470984539,543.060366433186,543.357036727804,271.678518363902,271.678518363902,256.679735872875,286.677300854929,14.998782491027
"Dairy cattle",1992,3467.8239,50,6.5,3.25,75.790509675,79.040509675,178.903519300945,169.624974736572,264.83368553553,264.494698618421,132.247349309211,132.247349309211,125.388552294594,139.106146323827,6.85879701461678
"Non-dairy cattle",1992,4676.4969997,50,6.5,3.25,70.2295839083333,73.4795839083333,139.871152025959,131.705480363165,278.226680897656,278.862338109383,139.431169054692,139.431169054692,131.291183578281,147.571154531102,8.13998547641029
"Cattle",1993,8308.1019996,50,6.5,3.25,72.5972905503248,75.8472905503248,158.862864733571,150.089017574255,562.203351998316,562.684901645665,281.342450822832,281.342450822832,265.804170891355,296.88073075431,15.5382799314779
"Dairy cattle",1993,3550.14,50,6.5,3.25,75.7801873583333,79.0301873583333,180.336811374113,170.981988781368,273.271341378314,272.942345115713,136.471172557857,136.471172557857,129.39184361456,143.550501501153,7.07932894329676
"Non-dairy cattle",1993,4757.9619996,50,6.5,3.25,70.222381025,73.472381025,142.840139681781,134.499785712493,288.932010620002,289.742556529952,144.871278264976,144.871278264976,136.412327276795,153.330229253157,8.45895098818113
"Cattle",1994,8887.0319999,50,6.5,3.25,72.6265687410922,75.8765687410922,158.192107883381,149.452563211712,598.918316235241,599.352897718683,299.676448859341,299.676448859341,283.120403511086,316.232494207597,16.5560453482555
"Dairy cattle",1994,3839.184,50,6.5,3.25,75.7721263666666,79.0221263666666,176.427954190358,167.274415607774,289.099082176611,288.766878058157,144.383439029078,144.383439029078,136.892452774072,151.874425284085,7.49098625500633
"Non-dairy cattle",1994,5047.8479999,50,6.5,3.25,70.2341879666667,73.4841879666667,144.32267889709,135.898000837671,309.81923405863,310.586019660526,155.293009830263,155.293009830263,146.227950737014,164.358068923512,9.06505909324918
"Cattle",1995,9272.3260004,50,6.5,3.25,72.6877254169421,75.9377254169421,157.142154853484,148.476294118812,621.065156200952,621.187129608398,310.593564804199,310.593564804199,293.46537548932,327.721754119078,17.1281893148789
"Dairy cattle",1995,4089.818,50,6.5,3.25,75.781821,79.031821,176.420074026747,167.26872975817,307.979850702136,307.604747801352,153.802373900676,153.802373900676,145.824265509926,161.780482291426,7.97810839074992
"Non-dairy cattle",1995,5182.5080004,50,6.5,3.25,70.245994925,73.495994925,141.928829407335,133.646091920233,313.085305498816,313.582381807046,156.791190903523,156.791190903523,147.641109979394,165.941271827652,9.15008092412901
"Cattle",1996,9017.27699969,50,6.5,3.25,72.8115915144166,76.0615915144166,166.136777654755,156.993468817006,638.432564480074,638.678425609811,319.339212804906,319.339212804906,301.764434433157,336.913991176654,17.5747783717488
"Dairy cattle",1996,4165.098,50,6.5,3.25,75.7866582083333,79.0366582083333,183.745832521498,174.215410693838,326.70229589219,326.274982105526,163.137491052763,163.137491052763,154.675970678106,171.59901142742,8.46152037465714
"Non-dairy cattle",1996,4852.17899969,50,6.5,3.25,70.2578019,73.5078019,151.021210151567,142.210198110816,311.730268587884,312.403443504285,156.201721752142,156.201721752142,147.088463755051,165.314979749234,9.11325799709161
"Cattle",1997,9061.999999841,50,6.5,3.25,72.837432253662,76.087432253662,166.553587426557,157.393313148363,643.235332799773,643.456365751166,321.728182875583,321.728182875583,304.033467056478,339.422898694687,17.6947158191045
"Dairy cattle",1997,4255.999999971,50,6.5,3.25,75.7625397916667,79.0125397916667,184.217884686088,174.658340045207,334.701895738797,334.25234503167,167.126172515835,167.126172515835,158.453561224335,175.798783807334,8.67261129149952
"Non-dairy cattle",1997,4805.99999987,50,6.5,3.25,70.24707485,73.49707485,150.910797343726,142.104100814935,308.533437060976,309.204020719496,154.602010359748,154.602010359748,145.579905832143,163.624114887353,9.02210452760497
"Cattle",1998,8776.00000034,50,6.5,3.25,72.9660835971051,76.2160835971051,166.493750281167,157.353490724907,622.711328467431,622.924773470531,311.462386735266,311.462386735266,294.363564395298,328.561209075233,17.0988223399672
"Dairy cattle",1998,4344.0000003,50,6.5,3.25,75.754334,79.004334,180.632511679268,171.257472861664,334.942725012752,334.523621571741,167.26181078587,167.26181078587,158.580726997341,175.9428945744,8.68108378852958
"Non-dairy cattle",1998,4432.00000004,50,6.5,3.25,70.2331955666667,73.4831955666667,152.6357224118,143.725580434814,287.768603454679,288.401151898791,144.200575949395,144.200575949395,135.782837397958,152.618314500833,8.41773855143759
"Cattle",1999,8960.113939381,50,6.5,3.25,72.888568065962,76.138568065962,163.601814750784,154.621723141852,624.568188735451,624.94630049993,312.473150249965,312.473150249965,295.321521957511,329.624778542419,17.1516282924539
"Dairy cattle",1999,4316.408939631,50,6.5,3.25,75.7602185833333,79.0102185833333,183.094923926728,173.593208687734,337.349760791305,336.930200157246,168.465100078623,168.465100078623,159.722599880767,177.207600276479,8.74250019785566
"Non-dairy cattle",1999,4643.70499975,50,6.5,3.25,70.2193162583333,73.4693162583333,145.482612365452,136.987379484635,287.218427944146,288.016100342684,144.008050171342,144.008050171342,135.598922076744,152.41717826594,8.40912809459829
"Cattle",2000,9192.165003194,50,6.5,3.25,72.9792783767369,76.2292783767369,168.495104003462,159.259900156683,659.807110519022,660.307378041518,330.153689020759,330.153689020759,312.057990413337,348.249387628181,18.0956986074216
"Dairy cattle",2000,4598.135669824,50,6.5,3.25,75.7506426166667,79.0006426166667,186.458503693198,176.78036983908,365.937653096917,365.514851948897,182.757425974449,182.757425974449,173.271396662934,192.243455285963,9.48602931151441
"Non-dairy cattle",2000,4594.02933337,50,6.5,3.25,70.205436975,73.455436975,150.515647872282,141.723769942294,293.869457422105,294.792526092621,147.39626304631,147.39626304631,138.786593750403,156.005932342218,8.6096692959072
"Cattle",2001,9424.215996981,50,6.5,3.25,73.0718879352388,76.3218879352389,171.687137574058,162.298452573092,689.264168527445,689.80135593569,344.900677967845,344.900677967845,326.039836859915,363.761519075776,18.8608411079306
"Dairy cattle",2001,4879.862330501,50,6.5,3.25,75.732110225,78.982110225,190.200617177732,180.324563860764,396.114415689077,395.694983300301,197.84749165015,197.84749165015,187.574378948632,208.120604351669,10.2731127015184
"Non-dairy cattle",2001,4544.35366648,50,6.5,3.25,70.215262,73.465262,151.80681171147,142.941477325549,293.149752838368,294.10637263539,147.053186317695,147.053186317695,138.465457911283,155.640914724107,8.5877284064122
"Cattle",2002,9652.87,50,6.5,3.25,73.1655868560548,76.4155868560548,170.889624697796,161.561997188314,702.790955068647,703.255610802888,351.627805401444,351.627805401444,332.434989005706,370.820621797181,19.1928163957374
"Dairy cattle",2002,5161.589,50,6.5,3.25,75.7312599416667,78.9812599416667,188.345310186705,178.56542509112,414.980968095413,414.456813170242,207.228406585121,207.228406585121,196.468011208487,217.988801961755,10.7603953766336
"Non-dairy cattle",2002,4491.281,50,6.5,3.25,70.216996025,73.466996025,150.828739127062,142.020867068552,287.809986973234,288.798797632645,144.399398816323,144.399398816323,135.966977797219,152.831819835426,8.4324210191038
"Cattle",2003,9728.218955908,50,6.5,3.25,73.1141979642781,76.3641979642781,174.784793509651,165.244571594128,724.570845934829,724.899892009153,362.449946004576,362.449946004576,342.66645770036,382.233434308793,19.7834883042165
"Dairy cattle",2003,5101.602955908,50,6.5,3.25,75.740082075,78.990082075,196.101251441704,185.920445850669,427.118207172293,426.508875600912,213.254437800456,213.254437800456,202.183106247443,224.325769353469,11.071331553013
"Non-dairy cattle",2003,4626.616,50,6.5,3.25,70.2187300583333,73.4687300583333,151.279902506021,142.446029155517,297.452638762536,298.391016408241,149.19550820412,149.19550820412,140.483351452917,157.907664955324,8.71215675120354
"Cattle",2004,9599.889569218,50,6.5,3.25,73.1910234504973,76.4410234504973,176.753736471532,167.104836486628,723.091324452256,723.395650120677,361.697825060339,361.697825060339,341.952917776149,381.442732344529,19.74490728419
"Dairy cattle",2004,5152.491569218,50,6.5,3.25,75.755076125,79.005076125,192.899479752556,182.887920508972,424.393661397803,423.730181056546,211.865090528273,211.865090528273,200.869208589183,222.860972467364,10.9958819390904
"Non-dairy cattle",2004,4447.398,50,6.5,3.25,70.2204640833333,73.4704640833333,158.04823583178,148.819491356422,298.697663054453,299.665469064131,149.832734532066,149.832734532066,141.083709186966,158.581759877165,8.74902534509962
"Cattle",2005,9510.804,50,6.5,3.25,73.2069317266018,76.4569317266019,177.376245068953,167.6938143023,718.759199698933,719.206727470949,359.603363735474,359.603363735474,339.973707738016,379.233019732932,19.629655997458
"Dairy cattle",2005,5087.178,50,6.5,3.25,75.7878957416667,79.0378957416667,192.840917609486,182.839006235234,418.873347123789,418.231919951073,209.115959975536,209.115959975536,198.269925199595,219.961994751478,10.8460347759414
"Non-dairy cattle",2005,4423.626,50,6.5,3.25,70.2388183833333,73.4888183833333,159.591843330333,150.276815847412,299.885852575144,300.974807519876,150.487403759938,150.487403759938,141.703782538421,159.271024981455,8.78362122151665
"Cattle",2006,9608.692,50,6.5,3.25,73.2364213921577,76.4864213921577,176.955260180783,167.297266747915,724.586908949454,724.88448096195,362.442240480975,362.442240480975,342.660603163254,382.223877798696,19.7816373177212
"Dairy cattle",2006,5169.557,50,6.5,3.25,75.7811998833333,79.0311998833333,190.937391813559,181.032874691128,421.497856163466,420.809336100871,210.404668050436,210.404668050436,199.490322685439,221.319013415432,10.9143453649968
"Non-dairy cattle",2006,4439.135,50,6.5,3.25,70.2729211916667,73.5229211916667,160.672487420518,151.301581058677,303.089052785988,304.075144861079,152.037572430539,152.037572430539,143.170280477815,160.904864383264,8.86729195272437
"Cattle",2007,9654.467,50,6.5,3.25,73.3104563887604,76.5604563887604,174.325918658949,164.830452917228,717.391547053906,717.51554971325,358.757774856625,358.757774856625,339.2163768423,378.29917287095,19.5413980143248
"Dairy cattle",2007,5260.85,50,6.5,3.25,75.8187833083333,79.0687833083333,189.072508538157,179.272140117068,424.704402090773,424.058094837948,212.029047418974,212.029047418974,201.038751702561,223.019343135387,10.9902957164134
"Non-dairy cattle",2007,4393.617,50,6.5,3.25,70.3070239833333,73.5570239833333,156.668576800059,147.538196877322,292.687144963133,293.457454875302,146.728727437651,146.728727437651,138.17762513974,155.279829735563,8.5511022979114
"Cattle",2008,9715.312,50,6.5,3.25,73.5642315970285,76.8142315970285,176.009681082983,166.466411573918,729.045899161131,729.011468750158,364.505734375079,364.505734375079,344.74218251056,384.269286239598,19.7635518645192
"Dairy cattle",2008,5578.44,50,6.5,3.25,75.9544288666667,79.2044288666667,188.095924453199,178.372695666944,447.989509280251,447.335334922534,223.667667461267,223.667667461267,212.105631180385,235.229703742149,11.5620362808817
"Non-dairy cattle",2008,4136.872,50,6.5,3.25,70.3411267833333,73.5911267833333,159.711767232579,150.411167071332,281.05638988088,281.676133827624,140.838066913812,140.838066913812,132.636551330174,149.039582497449,8.20151558363744
"Cattle",2009,9961.494,50,6.5,3.25,73.6962118289688,76.9462118289688,175.8031239846,166.296505796945,746.548195857983,746.607104560377,373.303552280188,373.303552280188,353.117026243633,393.490078316743,20.186526036555
"Dairy cattle",2009,5860.775,50,6.5,3.25,76.0338242333333,79.2838242333333,187.30115248827,177.634398543497,468.728259043407,467.989975949571,233.994987974785,233.994987974785,221.918329913623,246.071646035947,12.076658061162
"Non-dairy cattle",2009,4100.719,50,6.5,3.25,70.3552805583333,73.6052805583333,159.370064805563,150.092313712174,277.819936814576,278.617128610806,139.308564305403,139.308564305403,131.19869633001,147.418432280796,8.10986797539297
"Cattle",2010,9863.971,50,6.5,3.25,73.8019655617459,77.0519655617459,178.625169736883,169.001531415538,751.188243064904,751.165258738906,375.582629369453,375.582629369453,355.347679333265,395.817579405641,20.2349500361879
"Dairy cattle",2010,5915.451,50,6.5,3.25,76.1037445666667,79.3537445666667,193.607191954111,183.628947471096,488.987268126847,488.259160167241,244.129580083621,244.129580083621,231.547482223394,256.711677943847,12.5820978602263
"Non-dairy cattle",2010,3948.52,50,6.5,3.25,70.353569475,73.603569475,156.179945119325,147.087557842335,262.200974938057,262.906098571665,131.453049285833,131.453049285833,123.800197109871,139.105901461794,7.65285217596164
"Cattle",2011,10020.917,50,6.5,3.25,73.9533881098247,77.2033881098247,180.505767420631,170.809630107423,771.154250962129,771.151309237615,385.575654618807,385.575654618807,364.863881553396,406.287427684219,20.7117730654113
"Dairy cattle",2011,6174.503,50,6.5,3.25,76.1969653333333,79.4469653333333,194.661173540216,184.647273241856,513.187025138531,512.415662177537,256.207831088769,256.207831088769,243.027803302427,269.38785887511,13.1800277863418
"Non-dairy cattle",2011,3846.414,50,6.5,3.25,70.3518584,73.6018584,157.782629050295,148.596584645731,257.967225823598,258.735647060077,129.367823530039,129.367823530039,121.836078250969,136.899568809108,7.53174527906955
"Cattle",2012,10179.691,50,6.5,3.25,74.0718996335379,77.3218996335379,183.204396720506,173.383930532182,795.137316589529,795.081301385851,397.540650692926,397.540650692926,376.230930028469,418.850371357382,21.3097206644568
"Dairy cattle",2012,6445.279,50,6.5,3.25,76.2282929333333,79.4782929333333,196.178731533617,186.093069755575,539.845415841722,539.057007642249,269.528503821125,269.528503821125,255.671887928918,283.385119713331,13.8566158922067
"Non-dairy cattle",2012,3734.412,50,6.5,3.25,70.3501473333333,73.6001473333333,160.811793089758,151.449032040905,255.291900747807,256.024293743602,128.012146871801,128.012146871801,120.559042099551,135.465251644051,7.45310477225023
"Cattle",2013,10182.123,50,6.5,3.25,74.1711213458787,77.4211213458787,184.740039001914,174.87157891189,802.146682478932,801.93731551439,400.968657757195,400.968657757195,379.549677779679,422.38763773471,21.4189799775157
"Dairy cattle",2013,6483.601,50,6.5,3.25,76.353264175,79.603264175,200.918679301159,190.615017449911,556.213590500488,555.363902059234,277.681951029617,277.681951029617,263.441657715149,291.922244344084,14.2402933144675
"Non-dairy cattle",2013,3698.522,50,6.5,3.25,70.345770725,73.595770725,156.378480405582,147.272939820774,245.933091978444,246.573413455156,123.286706727578,123.286706727578,116.10802006453,130.465393390626,7.17868666304821
"Cattle",2014,10367.923,50,6.5,3.25,74.3197997625995,77.5697997625995,184.647050594615,174.819672489255,816.536717211122,816.159782660479,408.07989133024,408.07989133024,386.360858308148,429.798924352331,21.7190330220918
"Dairy cattle",2014,6698.063,50,6.5,3.25,76.4971651,79.7471651,201.731255338586,191.415458469111,576.926411796,576.054364691492,288.027182345746,288.027182345746,273.29852812219,302.755836569302,14.7286542235557
"Non-dairy cattle",2014,3669.86,50,6.5,3.25,70.345770725,73.595770725,153.465730413459,144.529792213825,239.610305415122,240.105417968987,120.052708984493,120.052708984493,113.062330185957,127.043087783029,6.99037879853606
"Cattle",2015,10032.765,50,6.5,3.25,74.3337249323196,77.5837249323196,189.936805794045,179.843799972447,812.633356436392,812.401697742943,406.200848871471,406.200848871471,384.615840556427,427.785857186516,21.5850083150449
"Dairy cattle",2015,6485.536,50,6.5,3.25,76.5149150166667,79.7649150166667,210.318538773007,199.567405928388,582.380088932405,581.519767965439,290.759883982719,290.759883982719,275.896723764789,305.62304420065,14.8631602179303
"Non-dairy cattle",2015,3547.229,50,6.5,3.25,70.345770725,73.595770725,152.672094951455,143.782368224717,230.253267503987,230.881929777504,115.440964888752,115.440964888752,108.719116791637,122.162812985867,6.72184809711466
"Cattle",2016,10151.852,50,6.5,3.25,74.3966166444457,77.6466166444457,186.563705010211,176.655079665195,807.533191695748,807.446001177772,403.723000588886,403.723000588886,382.28078086141,425.165220316362,21.4422197274758
"Dairy cattle",2016,6618.799,50,6.5,3.25,76.5589203083333,79.8089203083333,204.65215972666,194.199805458899,578.339584966595,577.479507245812,288.739753622906,288.739753622906,273.992730185267,303.486777060545,14.7470234376391
"Non-dairy cattle",2016,3533.053,50,6.5,3.25,70.345770725,73.595770725,152.676909089296,143.786902046959,229.193606729153,229.96649393196,114.98324696598,114.98324696598,108.288050676143,121.678443255817,6.69519628983666
"Cattle",2017,10145.656,50,6.5,3.25,74.3381307706833,77.5881307706833,188.045336773003,178.053572984117,813.460808203549,813.361765965223,406.680882982612,406.680882982612,385.071948722661,428.289817242563,21.6089342599509
"Dairy cattle",2017,6529.759,50,6.5,3.25,76.5489264083334,79.7989264083334,208.2913070095,197.650980560936,580.720901534035,579.841573540937,289.920786770469,289.920786770469,275.110510433196,304.731063107741,14.8102763372728
"Non-dairy cattle",2017,3615.897,50,6.5,3.25,70.345770725,73.595770725,151.484199559887,142.663641107904,232.739906669514,233.520192424286,116.760096212143,116.760096212143,109.961438289465,123.558754134821,6.79865792267807
"Cattle",2018,10107.187,50,6.5,3.25,74.2488018265312,77.4988018265312,189.64088115105,179.549335762333,817.143052827301,817.152884257806,408.576442128903,408.576442128903,386.834464948253,430.318419309553,21.7419771806499
"Dairy cattle",2018,6385.932,50,6.5,3.25,76.5232034333333,79.7732034333333,211.422566582117,200.616774042043,576.423285141756,575.594562736958,287.797281368479,287.797281368479,273.08798251576,302.506580221198,14.709298852719
"Non-dairy cattle",2018,3721.255,50,6.5,3.25,70.345770725,73.595770725,152.26199633714,143.396148660555,240.719767685545,241.558321520847,120.779160760424,120.779160760424,113.746482432493,127.811839088355,7.03267832793094
"Cattle",2019,10150.889,50,6.5,3.25,74.1172102788002,77.3672102788002,191.298818738201,181.096687257602,827.923169766428,827.860991925258,413.930495962629,413.930495962629,391.855224554814,436.005767370444,22.0752714078149
"Dairy cattle",2019,6260.894,50,6.5,3.25,76.46046685,79.71046685,215.303096002331,204.285262753676,575.539527506213,574.682110953888,287.341055476944,287.341055476944,272.63678092855,302.045330025338,14.7042745483939
"Non-dairy cattle",2019,3889.995,50,6.5,3.25,70.345770725,73.595770725,152.664261239456,143.774990650816,252.383642260215,253.17888097137,126.589440485685,126.589440485685,119.218443626264,133.960437345106,7.3709968594209
"Cattle",2020,10082.789,50,6.5,3.25,74.1100163178198,77.3600163178198,194.147766239838,183.791175248973,834.65269702684,834.553397468516,417.276698734258,417.276698734258,395.017549517622,439.535847950894,22.2591492166359
"Dairy cattle",2020,6200.221,50,6.5,3.25,76.4671806,79.7171806,218.374790286589,207.201256838522,578.093183869628,577.232430644485,288.616215322243,288.616215322243,273.848654784117,303.383775860368,14.7675605381255
"Non-dairy cattle",2020,3882.568,50,6.5,3.25,70.345770725,73.595770725,155.458707023833,146.40672261782,256.559513157212,257.32096682403,128.660483412015,128.660483412015,121.168894733505,136.152072090526,7.49158867851051
"Cattle",2021,10150.248,50,6.5,3.25,74.0621229074494,77.3121229074494,194.478748015683,184.097608111226,841.769045163633,841.569245018496,420.784622509248,420.784622509248,398.323432890933,443.245812127562,22.4611896183145
"Dairy cattle",2021,6185.437,50,6.5,3.25,76.4442721416667,79.6942721416667,219.859832405505,208.605195735056,580.60253998263,579.772127548919,289.88606377446,289.88606377446,275.046780546086,304.725347002834,14.8392832283739
"Non-dairy cattle",2021,3964.811,50,6.5,3.25,70.345770725,73.595770725,154.882132064778,145.863720223713,261.166505181003,261.797117469576,130.898558734788,130.898558734788,123.276652344847,138.520465124729,7.62190638994059
"Cattle",2022,9751.189,50,6.5,3.25,74.0841298529946,77.3341298529946,198.271186065801,187.689798209803,824.433002941147,824.248624593046,412.124312296523,412.124312296523,390.129955578201,434.118669014845,21.9943567183224
"Dairy cattle",2022,5930.033,50,6.5,3.25,76.4930293333333,79.7430293333333,223.547737292053,212.115387420636,565.978074542575,565.156127941207,282.578063970604,282.578063970604,268.126871878782,297.029256062426,14.4511920918218
"Non-dairy cattle",2022,3821.156,50,6.5,3.25,70.345770725,73.595770725,159.044631876999,149.783847742277,258.454928398572,259.092496651838,129.546248325919,129.546248325919,122.003083699419,137.08941295242,7.54316462650053
"Cattle",2023,9538.66,50,6.5,3.25,74.1395471181496,77.3895471181496,199.539560940101,188.889860462769,811.546419528866,811.441907866444,405.720953933222,405.720953933222,384.06706927792,427.374838588524,21.6538846553017
"Dairy cattle",2023,5884.628,50,6.5,3.25,76.495274675,79.745274675,221.559028260594,210.228886809924,556.66496341542,555.8396432282,277.9198216141,277.9198216141,263.707487702213,292.132155525987,14.2123339118872
"Non-dairy cattle",2023,3654.032,50,6.5,3.25,70.345770725,73.595770725,164.078357004488,154.524471233773,254.881456113446,255.602264638244,127.801132319122,127.801132319122,120.359581575707,135.242683062536,7.44155074341452
"Cattle",2024,9516.286,50,6.5,3.25,74.1184104909624,77.3684104909624,201.75644780732,190.991183180185,818.682741127112,818.532562729076,409.266281364538,409.266281364538,387.428764547923,431.103798181152,21.8375168166144
"Dairy cattle",2024,5836.844,50,6.5,3.25,76.4966150833333,79.7466150833333,225.914805907929,214.362224847839,562.98460393761,562.165038601412,281.082519300706,281.082519300706,266.708832831838,295.456205769574,14.3736864688682
"Non-dairy cattle",2024,3679.442,50,6.5,3.25,70.345770725,73.595770725,163.433091295818,153.916777786216,255.698137189502,256.367524127664,128.183762063832,128.183762063832,120.719931716086,135.647592411578,7.46383034774615
